shipment_id,order_id,order_date,customer_name,customer_type,country,region_name,shipment_date,expected_delivery_date,actual_delivery_date,shipment_status,delivery_performance,days_vs_expected,order_value
"16","17","2025-08-14","NorthStar Air Systems","Airline","United States","North America","2025-08-20","2025-08-23","2025-08-24","Delivered","Late","1","345590.55"
"50","53","2025-02-15","NorthStar Air Systems","Airline","United States","North America","2025-02-25","2025-03-02","2025-03-01","Delivered","On-Time / Early","-1","469762.20"
"120","126","2025-12-16","NorthStar Air Systems","Airline","United States","North America","2025-12-22","2025-12-29","2025-12-28","Delivered","On-Time / Early","-1","252594.42"
"223","238","2026-02-09","NorthStar Air Systems","Airline","United States","North America","2026-02-11","2026-02-16","2026-02-16","Delivered","On-Time / Early","0","173596.52"
"273","289","2025-12-26","NorthStar Air Systems","Airline","United States","North America","2025-12-30","2026-01-05","2026-01-05","Delivered","On-Time / Early","0","297326.53"
"283","300","2025-02-26","NorthStar Air Systems","Airline","United States","North America","2025-03-08","2025-03-14","2025-03-13","Delivered","On-Time / Early","-1","261626.19"
"567","600","2026-01-30","NorthStar Air Systems","Airline","United States","North America","2026-02-02","2026-02-08","2026-02-08","Delivered","On-Time / Early","0","71254.34"
"604","640","2026-02-03","NorthStar Air Systems","Airline","United States","North America","2026-02-05","2026-02-11","2026-02-09","Delivered","On-Time / Early","-2","291312.49"
"689","734","2026-06-06","NorthStar Air Systems","Airline","United States","North America","2026-06-09","2026-06-16","2026-06-18","Delivered","Late","2","30517.86"
"817","872","2026-11-30","NorthStar Air Systems","Airline","United States","North America","2026-12-06","2026-12-13","2026-12-13","Delivered","On-Time / Early","0","290492.13"
"845","901","2025-03-01","NorthStar Air Systems","Airline","United States","North America","2025-03-04","2025-03-10","2025-03-09","Delivered","On-Time / Early","-1","141924.36"
"872","929","2025-01-03","NorthStar Air Systems","Airline","United States","North America","2025-01-09","2025-01-13","2025-01-13","Delivered","On-Time / Early","0","233304.99"
"878","936","2025-02-16","NorthStar Air Systems","Airline","United States","North America","2025-02-18","2025-02-23","2025-02-26","Delivered","Late","3","357463.80"
"888","947","2025-11-18","NorthStar Air Systems","Airline","United States","North America","2025-11-25","2025-11-30","2025-11-30","Delivered","On-Time / Early","0","427932.82"
"1042","1112","2026-10-14","NorthStar Air Systems","Airline","United States","North America","2026-10-23","2026-10-26","2026-10-29","Delivered","Late","3","377413.78"
"1186","1262","2025-11-06","NorthStar Air Systems","Airline","United States","North America","2025-11-13","2025-11-19","2025-11-18","Delivered","On-Time / Early","-1","302117.22"
"1358","1442","2026-08-20","NorthStar Air Systems","Airline","United States","North America","2026-08-23","2026-08-28","2026-08-28","Delivered","On-Time / Early","0","227702.73"
"1400","1484","2026-03-22","NorthStar Air Systems","Airline","United States","North America","2026-03-27","2026-03-31","2026-03-30","Delivered","On-Time / Early","-1","68271.37"
"1530","1622","2025-06-09","NorthStar Air Systems","Airline","United States","North America","2025-06-11","2025-06-16","2025-06-15","Delivered","On-Time / Early","-1","312840.88"
"7","8","2026-05-16","BlueHorizon Airlines","Airline","United States","North America","2026-05-19","2026-05-25","2026-05-24","Delivered","On-Time / Early","-1","105522.78"
"15","16","2025-12-13","BlueHorizon Airlines","Airline","United States","North America","2025-12-23","2025-12-30","2026-01-02","Delivered","Late","3","665225.34"
"66","71","2025-09-29","BlueHorizon Airlines","Airline","United States","North America","2025-10-01","2025-10-07","2025-10-06","Delivered","On-Time / Early","-1","303070.87"
"108","114","2026-07-07","BlueHorizon Airlines","Airline","United States","North America","2026-07-16","2026-07-20","2026-07-19","Delivered","On-Time / Early","-1","496227.31"
"156","164","2025-10-26","BlueHorizon Airlines","Airline","United States","North America","2025-11-02","2025-11-07","2025-11-08","Delivered","Late","1","587567.04"
"190","201","2026-02-25","BlueHorizon Airlines","Airline","United States","North America","2026-03-01","2026-03-04","2026-03-02","Delivered","On-Time / Early","-2","673588.37"
"210","224","2025-10-30","BlueHorizon Airlines","Airline","United States","North America","2025-11-01","2025-11-07","2025-11-07","Delivered","On-Time / Early","0","248372.56"
"226","241","2026-04-28","BlueHorizon Airlines","Airline","United States","North America","2026-05-01","2026-05-05","2026-05-05","Delivered","On-Time / Early","0","61684.50"
"311","328","2025-06-26","BlueHorizon Airlines","Airline","United States","North America","2025-07-03","2025-07-08","2025-07-06","Delivered","On-Time / Early","-2","409204.48"
"360","379","2025-07-26","BlueHorizon Airlines","Airline","United States","North America","2025-07-30","2025-08-02","2025-08-01","Delivered","On-Time / Early","-1","177737.46"
"416","440","2025-12-28","BlueHorizon Airlines","Airline","United States","North America","2025-12-30","2026-01-05","2026-01-04","Delivered","On-Time / Early","-1","422029.72"
"498","527","2025-04-26","BlueHorizon Airlines","Airline","United States","North America","2025-05-01","2025-05-04","2025-05-03","Delivered","On-Time / Early","-1","239589.89"
"550","582","2025-11-19","BlueHorizon Airlines","Airline","United States","North America","2025-11-25","2025-12-02","2025-12-05","Delivered","Late","3","37925.20"
"556","589","2025-12-01","BlueHorizon Airlines","Airline","United States","North America","2025-12-07","2025-12-11","2025-12-11","Delivered","On-Time / Early","0","340879.28"
"582","615","2026-07-18","BlueHorizon Airlines","Airline","United States","North America","2026-07-23","2026-07-29","2026-07-29","Delivered","On-Time / Early","0","284021.30"
"589","624","2026-09-20","BlueHorizon Airlines","Airline","United States","North America","2026-09-29","2026-10-05","2026-10-12","Delivered","Late","7","47696.25"
"645","687","2026-04-16","BlueHorizon Airlines","Airline","United States","North America","2026-04-19","2026-04-25","2026-04-24","Delivered","On-Time / Early","-1","86516.02"
"670","715","2025-03-16","BlueHorizon Airlines","Airline","United States","North America","2025-03-21","2025-03-26","2025-03-24","Delivered","On-Time / Early","-2","41393.94"
"671","716","2025-08-09","BlueHorizon Airlines","Airline","United States","North America","2025-08-17","2025-08-23","2025-08-23","Delivered","On-Time / Early","0","96959.52"
"700","746","2026-02-24","BlueHorizon Airlines","Airline","United States","North America","2026-03-02","2026-03-07","2026-03-05","Delivered","On-Time / Early","-2","387374.00"
"705","751","2025-04-06","BlueHorizon Airlines","Airline","United States","North America","2025-04-08","2025-04-14","2025-04-13","Delivered","On-Time / Early","-1","473195.28"
"720","766","2025-06-28","BlueHorizon Airlines","Airline","United States","North America","2025-07-07","2025-07-12","2025-07-12","Delivered","On-Time / Early","0","96614.82"
"726","772","2025-03-18","BlueHorizon Airlines","Airline","United States","North America","2025-03-20","2025-03-27","2025-03-25","Delivered","On-Time / Early","-2","390816.96"
"739","785","2025-08-13","BlueHorizon Airlines","Airline","United States","North America","2025-08-20","2025-08-25","2025-08-25","Delivered","On-Time / Early","0","172994.18"
"744","791","2026-08-29","BlueHorizon Airlines","Airline","United States","North America","2026-09-05","2026-09-09","2026-09-08","Delivered","On-Time / Early","-1","314487.72"
"756","806","2026-08-05","BlueHorizon Airlines","Airline","United States","North America","2026-08-10","2026-08-17","2026-08-17","Delivered","On-Time / Early","0","134192.12"
"814","869","2026-01-31","BlueHorizon Airlines","Airline","United States","North America","2026-02-09","2026-02-16","2026-02-16","Delivered","On-Time / Early","0","452156.88"
"862","919","2025-01-21","BlueHorizon Airlines","Airline","United States","North America","2025-01-26","2025-02-02","2025-02-06","Delivered","Late","4","146983.56"
"897","958","2026-11-01","BlueHorizon Airlines","Airline","United States","North America","2026-11-07","2026-11-14","2026-11-13","Delivered","On-Time / Early","-1","86002.08"
"927","991","2026-07-09","BlueHorizon Airlines","Airline","United States","North America","2026-07-15","2026-07-18","2026-07-18","Delivered","On-Time / Early","0","285744.13"
"957","1024","2025-12-06","BlueHorizon Airlines","Airline","United States","North America","2025-12-11","2025-12-17","2025-12-17","Delivered","On-Time / Early","0","212008.43"
"960","1027","2025-11-20","BlueHorizon Airlines","Airline","United States","North America","2025-11-28","2025-12-02","2025-11-30","Delivered","On-Time / Early","-2","175005.64"
"962","1029","2026-08-23","BlueHorizon Airlines","Airline","United States","North America","2026-08-28","2026-09-02","2026-09-03","Delivered","Late","1","334950.90"
"965","1032","2026-11-08","BlueHorizon Airlines","Airline","United States","North America","2026-11-10","2026-11-15","2026-11-14","Delivered","On-Time / Early","-1","84872.07"
"1010","1080","2026-02-25","BlueHorizon Airlines","Airline","United States","North America","2026-03-01","2026-03-05","2026-03-04","Delivered","On-Time / Early","-1","299808.40"
"1050","1120","2026-11-22","BlueHorizon Airlines","Airline","United States","North America","2026-11-30","2026-12-05","2026-12-03","Delivered","On-Time / Early","-2","240815.09"
"1053","1123","2026-06-15","BlueHorizon Airlines","Airline","United States","North America","2026-06-23","2026-06-26","2026-06-24","Delivered","On-Time / Early","-2","321987.49"
"1076","1147","2026-07-08","BlueHorizon Airlines","Airline","United States","North America","2026-07-13","2026-07-19","2026-07-17","Delivered","On-Time / Early","-2","766204.08"
"1088","1161","2026-08-05","BlueHorizon Airlines","Airline","United States","North America","2026-08-10","2026-08-13","2026-08-12","Delivered","On-Time / Early","-1","202933.56"
"1110","1184","2025-06-24","BlueHorizon Airlines","Airline","United States","North America","2025-07-03","2025-07-09","2025-07-09","Delivered","On-Time / Early","0","329745.15"
"1129","1204","2026-07-02","BlueHorizon Airlines","Airline","United States","North America","2026-07-12","2026-07-18","2026-07-16","Delivered","On-Time / Early","-2","74738.96"
"1131","1206","2025-06-04","BlueHorizon Airlines","Airline","United States","North America","2025-06-10","2025-06-13","2025-06-12","Delivered","On-Time / Early","-1","285700.67"
"1187","1263","2025-11-19","BlueHorizon Airlines","Airline","United States","North America","2025-11-21","2025-11-24","2025-11-23","Delivered","On-Time / Early","-1","128729.76"
"1194","1270","2025-11-04","BlueHorizon Airlines","Airline","United States","North America","2025-11-09","2025-11-12","2025-11-12","Delivered","On-Time / Early","0","574607.05"
"1220","1296","2026-11-16","BlueHorizon Airlines","Airline","United States","North America","2026-11-19","2026-11-25",\N,"In Transit","Not Delivered",\N,"48734.35"
"1221","1297","2026-06-24","BlueHorizon Airlines","Airline","United States","North America","2026-06-28","2026-07-05","2026-07-03","Delivered","On-Time / Early","-2","475517.58"
"1230","1306","2025-06-10","BlueHorizon Airlines","Airline","United States","North America","2025-06-14","2025-06-19","2025-06-17","Delivered","On-Time / Early","-2","312539.43"
"1270","1347","2026-01-25","BlueHorizon Airlines","Airline","United States","North America","2026-01-28","2026-01-31","2026-01-29","Delivered","On-Time / Early","-2","109475.40"
"1389","1473","2025-09-21","BlueHorizon Airlines","Airline","United States","North America","2025-09-23","2025-09-29","2025-09-27","Delivered","On-Time / Early","-2","172781.30"
"1422","1507","2025-04-16","BlueHorizon Airlines","Airline","United States","North America","2025-04-24","2025-04-29","2025-04-29","Delivered","On-Time / Early","0","194728.80"
"1437","1522","2025-07-17","BlueHorizon Airlines","Airline","United States","North America","2025-07-25","2025-07-29","2025-07-27","Delivered","On-Time / Early","-2","224482.05"
"1439","1525","2025-01-17","BlueHorizon Airlines","Airline","United States","North America","2025-01-19","2025-01-22","2025-01-22","Delivered","On-Time / Early","0","266505.42"
"1444","1530","2026-09-26","BlueHorizon Airlines","Airline","United States","North America","2026-09-28","2026-10-01","2026-09-29","Delivered","On-Time / Early","-2","712733.71"
"1454","1540","2026-08-19","BlueHorizon Airlines","Airline","United States","North America","2026-08-21","2026-08-27","2026-08-26","Delivered","On-Time / Early","-1","250281.20"
"1469","1556","2026-04-10","BlueHorizon Airlines","Airline","United States","North America","2026-04-12","2026-04-18","2026-04-18","Delivered","On-Time / Early","0","344114.70"
"1487","1575","2025-02-15","BlueHorizon Airlines","Airline","United States","North America","2025-02-24","2025-02-28","2025-02-26","Delivered","On-Time / Early","-2","242177.26"
"1488","1576","2026-06-01","BlueHorizon Airlines","Airline","United States","North America","2026-06-09","2026-06-16","2026-06-15","Delivered","On-Time / Early","-1","535769.58"
"1517","1606","2025-03-06","BlueHorizon Airlines","Airline","United States","North America","2025-03-10","2025-03-15","2025-03-13","Delivered","On-Time / Early","-2","330314.14"
"1526","1616","2025-04-30","BlueHorizon Airlines","Airline","United States","North America","2025-05-06","2025-05-13","2025-05-13","Delivered","On-Time / Early","0","187738.98"
"9","10","2025-03-22","MapleWing Aviation","Airline","Canada","North America","2025-03-24","2025-03-28","2025-03-28","Delivered","On-Time / Early","0","222036.33"
"17","18","2025-08-23","MapleWing Aviation","Airline","Canada","North America","2025-09-02","2025-09-05","2025-09-05","Delivered","On-Time / Early","0","288250.04"
"31","34","2026-07-10","MapleWing Aviation","Airline","Canada","North America","2026-07-17","2026-07-20","2026-07-18","Delivered","On-Time / Early","-2","286016.51"
"33","36","2026-06-05","MapleWing Aviation","Airline","Canada","North America","2026-06-14","2026-06-19","2026-06-18","Delivered","On-Time / Early","-1","110698.26"
"94","100","2025-08-08","MapleWing Aviation","Airline","Canada","North America","2025-08-17","2025-08-22","2025-08-20","Delivered","On-Time / Early","-2","590353.10"
"116","122","2025-07-23","MapleWing Aviation","Airline","Canada","North America","2025-07-26","2025-07-29","2025-07-29","Delivered","On-Time / Early","0","217354.69"
"148","156","2025-11-08","MapleWing Aviation","Airline","Canada","North America","2025-11-12","2025-11-17","2025-11-16","Delivered","On-Time / Early","-1","444547.56"
"160","168","2025-05-26","MapleWing Aviation","Airline","Canada","North America","2025-06-01","2025-06-06","2025-06-04","Delivered","On-Time / Early","-2","326194.45"
"165","173","2025-01-27","MapleWing Aviation","Airline","Canada","North America","2025-02-04","2025-02-08","2025-02-07","Delivered","On-Time / Early","-1","229228.18"
"240","256","2025-07-30","MapleWing Aviation","Airline","Canada","North America","2025-08-04","2025-08-11","2025-08-11","Delivered","On-Time / Early","0","164414.04"
"251","267","2025-02-01","MapleWing Aviation","Airline","Canada","North America","2025-02-03","2025-02-09","2025-02-08","Delivered","On-Time / Early","-1","499586.36"
"253","269","2026-03-31","MapleWing Aviation","Airline","Canada","North America","2026-04-06","2026-04-13","2026-04-11","Delivered","On-Time / Early","-2","169717.34"
"254","270","2025-06-01","MapleWing Aviation","Airline","Canada","North America","2025-06-08","2025-06-15","2025-06-16","Delivered","Late","1","252492.49"
"274","290","2026-02-15","MapleWing Aviation","Airline","Canada","North America","2026-02-24","2026-03-01","2026-02-27","Delivered","On-Time / Early","-2","259211.84"
"275","291","2025-02-01","MapleWing Aviation","Airline","Canada","North America","2025-02-09","2025-02-15","2025-02-13","Delivered","On-Time / Early","-2","505024.65"
"305","322","2025-02-08","MapleWing Aviation","Airline","Canada","North America","2025-02-17","2025-02-22","2025-02-22","Delivered","On-Time / Early","0","399284.69"
"352","371","2026-01-05","MapleWing Aviation","Airline","Canada","North America","2026-01-12","2026-01-17","2026-01-16","Delivered","On-Time / Early","-1","97138.16"
"359","378","2025-05-19","MapleWing Aviation","Airline","Canada","North America","2025-05-24","2025-05-27","2025-05-27","Delivered","On-Time / Early","0","238709.36"
"372","392","2025-02-28","MapleWing Aviation","Airline","Canada","North America","2025-03-02","2025-03-06","2025-03-04","Delivered","On-Time / Early","-2","99255.68"
"385","406","2026-12-28","MapleWing Aviation","Airline","Canada","North America","2027-01-03","2027-01-06","2027-01-05","Delivered","On-Time / Early","-1","107208.71"
"400","424","2025-01-30","MapleWing Aviation","Airline","Canada","North America","2025-02-02","2025-02-07","2025-02-05","Delivered","On-Time / Early","-2","37200.47"
"451","477","2025-09-06","MapleWing Aviation","Airline","Canada","North America","2025-09-10","2025-09-14","2025-09-12","Delivered","On-Time / Early","-2","360676.84"
"452","478","2025-08-27","MapleWing Aviation","Airline","Canada","North America","2025-09-05","2025-09-10","2025-09-10","Delivered","On-Time / Early","0","69146.51"
"480","508","2025-04-25","MapleWing Aviation","Airline","Canada","North America","2025-05-01","2025-05-04","2025-05-03","Delivered","On-Time / Early","-1","138471.42"
"487","515","2026-08-16","MapleWing Aviation","Airline","Canada","North America","2026-08-21","2026-08-24","2026-08-23","Delivered","On-Time / Early","-1","145051.11"
"511","543","2026-10-25","MapleWing Aviation","Airline","Canada","North America","2026-11-01","2026-11-04","2026-11-04","Delivered","On-Time / Early","0","204184.44"
"533","565","2026-01-18","MapleWing Aviation","Airline","Canada","North America","2026-01-28","2026-02-03","2026-02-05","Delivered","Late","2","519049.33"
"540","572","2026-02-11","MapleWing Aviation","Airline","Canada","North America","2026-02-21","2026-02-25","2026-02-23","Delivered","On-Time / Early","-2","493225.78"
"559","592","2026-01-25","MapleWing Aviation","Airline","Canada","North America","2026-01-31","2026-02-07","2026-02-07","Delivered","On-Time / Early","0","321138.30"
"652","694","2026-05-04","MapleWing Aviation","Airline","Canada","North America","2026-05-06","2026-05-09","2026-05-08","Delivered","On-Time / Early","-1","361328.03"
"655","697","2026-05-05","MapleWing Aviation","Airline","Canada","North America","2026-05-11","2026-05-17","2026-05-17","Delivered","On-Time / Early","0","243138.68"
"673","718","2026-02-16","MapleWing Aviation","Airline","Canada","North America","2026-02-26","2026-03-03","2026-03-03","Delivered","On-Time / Early","0","473728.35"
"679","724","2026-09-16","MapleWing Aviation","Airline","Canada","North America","2026-09-19","2026-09-24","2026-09-24","Delivered","On-Time / Early","0","115442.79"
"694","740","2026-02-15","MapleWing Aviation","Airline","Canada","North America","2026-02-23","2026-02-28","2026-02-26","Delivered","On-Time / Early","-2","179126.80"
"708","754","2026-02-08","MapleWing Aviation","Airline","Canada","North America","2026-02-12","2026-02-19","2026-02-18","Delivered","On-Time / Early","-1","148177.38"
"747","794","2025-04-03","MapleWing Aviation","Airline","Canada","North America","2025-04-09","2025-04-12","2025-04-11","Delivered","On-Time / Early","-1","515877.24"
"750","797","2025-11-28","MapleWing Aviation","Airline","Canada","North America","2025-12-01","2025-12-04","2025-12-03","Delivered","On-Time / Early","-1","248003.59"
"790","844","2025-03-10","MapleWing Aviation","Airline","Canada","North America","2025-03-17","2025-03-23","2025-03-23","Delivered","On-Time / Early","0","275998.54"
"806","861","2025-06-12","MapleWing Aviation","Airline","Canada","North America","2025-06-22","2025-06-25","2025-06-25","Delivered","On-Time / Early","0","167743.20"
"825","880","2026-05-09","MapleWing Aviation","Airline","Canada","North America","2026-05-14","2026-05-21","2026-05-20","Delivered","On-Time / Early","-1","18043.19"
"841","897","2026-02-28","MapleWing Aviation","Airline","Canada","North America","2026-03-02","2026-03-08","2026-03-11","Delivered","Late","3","37350.28"
"874","931","2026-06-08","MapleWing Aviation","Airline","Canada","North America","2026-06-15","2026-06-20","2026-06-18","Delivered","On-Time / Early","-2","431783.77"
"893","953","2025-06-19","MapleWing Aviation","Airline","Canada","North America","2025-06-21","2025-06-28","2025-06-26","Delivered","On-Time / Early","-2","564539.84"
"924","988","2026-11-18","MapleWing Aviation","Airline","Canada","North America","2026-11-28","2026-12-05","2026-12-03","Delivered","On-Time / Early","-2","124809.24"
"932","996","2026-07-20","MapleWing Aviation","Airline","Canada","North America","2026-07-26","2026-07-31","2026-07-31","Delivered","On-Time / Early","0","335877.92"
"953","1020","2026-10-04","MapleWing Aviation","Airline","Canada","North America","2026-10-08","2026-10-14","2026-10-12","Delivered","On-Time / Early","-2","592733.21"
"1051","1121","2025-06-11","MapleWing Aviation","Airline","Canada","North America","2025-06-13","2025-06-20","2025-06-18","Delivered","On-Time / Early","-2","720238.38"
"1061","1132","2025-09-22","MapleWing Aviation","Airline","Canada","North America","2025-09-26","2025-10-01","2025-09-29","Delivered","On-Time / Early","-2","426313.50"
"1065","1136","2025-12-17","MapleWing Aviation","Airline","Canada","North America","2025-12-21","2025-12-24","2025-12-22","Delivered","On-Time / Early","-2","146206.04"
"1075","1146","2025-05-12","MapleWing Aviation","Airline","Canada","North America","2025-05-14","2025-05-21","2025-05-19","Delivered","On-Time / Early","-2","430181.71"
"1133","1209","2025-05-30","MapleWing Aviation","Airline","Canada","North America","2025-06-08","2025-06-13","2025-06-11","Delivered","On-Time / Early","-2","94516.25"
"1147","1223","2026-10-03","MapleWing Aviation","Airline","Canada","North America","2026-10-11","2026-10-16","2026-10-16","Delivered","On-Time / Early","0","167760.80"
"1169","1245","2026-10-17","MapleWing Aviation","Airline","Canada","North America","2026-10-26","2026-10-30","2026-10-28","Delivered","On-Time / Early","-2","42846.51"
"1204","1280","2025-09-26","MapleWing Aviation","Airline","Canada","North America","2025-10-04","2025-10-08","2025-10-06","Delivered","On-Time / Early","-2","76614.64"
"1268","1345","2026-01-07","MapleWing Aviation","Airline","Canada","North America","2026-01-15","2026-01-19","2026-01-18","Delivered","On-Time / Early","-1","646143.99"
"1280","1358","2025-06-01","MapleWing Aviation","Airline","Canada","North America","2025-06-03","2025-06-10","2025-06-08","Delivered","On-Time / Early","-2","151624.20"
"1306","1387","2025-12-29","MapleWing Aviation","Airline","Canada","North America","2026-01-05","2026-01-11","2026-01-11","Delivered","On-Time / Early","0","499721.04"
"1340","1422","2025-01-31","MapleWing Aviation","Airline","Canada","North America","2025-02-10","2025-02-13","2025-02-12","Delivered","On-Time / Early","-1","57415.12"
"1345","1428","2026-01-29","MapleWing Aviation","Airline","Canada","North America","2026-02-05","2026-02-08","2026-02-07","Delivered","On-Time / Early","-1","476172.90"
"1348","1431","2026-11-17","MapleWing Aviation","Airline","Canada","North America","2026-11-19","2026-11-25","2026-11-24","Delivered","On-Time / Early","-1","358457.93"
"1351","1434","2026-02-20","MapleWing Aviation","Airline","Canada","North America","2026-02-22","2026-02-25","2026-02-23","Delivered","On-Time / Early","-2","316615.07"
"1367","1451","2025-01-12","MapleWing Aviation","Airline","Canada","North America","2025-01-19","2025-01-23","2025-01-21","Delivered","On-Time / Early","-2","47171.76"
"1396","1480","2025-12-20","MapleWing Aviation","Airline","Canada","North America","2025-12-27","2025-12-30","2025-12-30","Delivered","On-Time / Early","0","75344.86"
"1397","1481","2025-04-29","MapleWing Aviation","Airline","Canada","North America","2025-05-04","2025-05-08","2025-05-07","Delivered","On-Time / Early","-1","574334.54"
"1410","1494","2025-04-05","MapleWing Aviation","Airline","Canada","North America","2025-04-12","2025-04-16","2025-04-16","Delivered","On-Time / Early","0","879444.23"
"1412","1496","2025-05-03","MapleWing Aviation","Airline","Canada","North America","2025-05-11","2025-05-16","2025-05-14","Delivered","On-Time / Early","-2","437421.70"
"1432","1517","2025-12-15","MapleWing Aviation","Airline","Canada","North America","2025-12-22","2025-12-26","2025-12-26","Delivered","On-Time / Early","0","531691.20"
"1438","1523","2026-02-03","MapleWing Aviation","Airline","Canada","North America","2026-02-05","2026-02-11","2026-02-09","Delivered","On-Time / Early","-2","456637.89"
"1456","1542","2026-05-14","MapleWing Aviation","Airline","Canada","North America","2026-05-17","2026-05-22","2026-05-21","Delivered","On-Time / Early","-1","446563.52"
"1467","1554","2025-02-14","MapleWing Aviation","Airline","Canada","North America","2025-02-16","2025-02-21","2025-02-26","Delivered","Late","5","488263.34"
"1471","1558","2025-04-29","MapleWing Aviation","Airline","Canada","North America","2025-05-06","2025-05-09","2025-05-08","Delivered","On-Time / Early","-1","482943.90"
"49","52","2025-02-22","Pacific Crest Airways","Airline","United States","North America","2025-02-28","2025-03-07","2025-03-05","Delivered","On-Time / Early","-2","186820.06"
"193","205","2026-03-27","Pacific Crest Airways","Airline","United States","North America","2026-04-06","2026-04-09","2026-04-07","Delivered","On-Time / Early","-2","62790.17"
"235","251","2026-01-07","Pacific Crest Airways","Airline","United States","North America","2026-01-11","2026-01-18","2026-01-17","Delivered","On-Time / Early","-1","366535.19"
"257","273","2026-03-17","Pacific Crest Airways","Airline","United States","North America","2026-03-24","2026-03-28","2026-03-27","Delivered","On-Time / Early","-1","273617.50"
"262","278","2025-03-29","Pacific Crest Airways","Airline","United States","North America","2025-04-01","2025-04-08","2025-04-06","Delivered","On-Time / Early","-2","234445.14"
"298","315","2025-08-30","Pacific Crest Airways","Airline","United States","North America","2025-09-01","2025-09-06","2025-09-04","Delivered","On-Time / Early","-2","39130.51"
"338","356","2026-03-24","Pacific Crest Airways","Airline","United States","North America","2026-03-30","2026-04-05","2026-04-03","Delivered","On-Time / Early","-2","355701.94"
"368","388","2025-11-25","Pacific Crest Airways","Airline","United States","North America","2025-12-01","2025-12-07","2025-12-06","Delivered","On-Time / Early","-1","345683.46"
"453","479","2026-04-29","Pacific Crest Airways","Airline","United States","North America","2026-05-06","2026-05-10","2026-05-10","Delivered","On-Time / Early","0","580901.39"
"483","511","2026-05-16","Pacific Crest Airways","Airline","United States","North America","2026-05-18","2026-05-25","2026-05-24","Delivered","On-Time / Early","-1","428018.14"
"566","599","2026-07-22","Pacific Crest Airways","Airline","United States","North America","2026-08-01","2026-08-05","2026-08-05","Delivered","On-Time / Early","0","444739.69"
"648","690","2025-10-08","Pacific Crest Airways","Airline","United States","North America","2025-10-11","2025-10-14","2025-10-14","Delivered","On-Time / Early","0","29825.11"
"801","856","2026-12-03","Pacific Crest Airways","Airline","United States","North America","2026-12-08","2026-12-11","2026-12-09","Delivered","On-Time / Early","-2","74904.40"
"903","964","2025-04-27","Pacific Crest Airways","Airline","United States","North America","2025-05-01","2025-05-04","2025-05-03","Delivered","On-Time / Early","-1","126847.17"
"906","968","2026-02-24","Pacific Crest Airways","Airline","United States","North America","2026-03-04","2026-03-10","2026-03-08","Delivered","On-Time / Early","-2","97458.80"
"998","1068","2025-11-28","Pacific Crest Airways","Airline","United States","North America","2025-12-07","2025-12-12","2025-12-10","Delivered","On-Time / Early","-2","351094.62"
"1090","1163","2026-10-07","Pacific Crest Airways","Airline","United States","North America","2026-10-15","2026-10-19","2026-10-19","Delivered","On-Time / Early","0","591214.64"
"1105","1179","2025-04-16","Pacific Crest Airways","Airline","United States","North America","2025-04-22","2025-04-25","2025-04-25","Delivered","On-Time / Early","0","265179.96"
"1146","1222","2026-05-27","Pacific Crest Airways","Airline","United States","North America","2026-06-05","2026-06-10","2026-06-09","Delivered","On-Time / Early","-1","56033.88"
"1267","1344","2025-05-07","Pacific Crest Airways","Airline","United States","North America","2025-05-14","2025-05-17","2025-05-15","Delivered","On-Time / Early","-2","275888.60"
"1320","1401","2025-02-17","Pacific Crest Airways","Airline","United States","North America","2025-02-21","2025-02-24","2025-02-22","Delivered","On-Time / Early","-2","24325.86"
"1330","1411","2025-02-21","Pacific Crest Airways","Airline","United States","North America","2025-02-24","2025-02-27","2025-02-28","Delivered","Late","1","118837.20"
"1350","1433","2026-07-23","Pacific Crest Airways","Airline","United States","North America","2026-07-29","2026-08-02","2026-08-02","Delivered","On-Time / Early","0","55839.81"
"1511","1600","2026-04-14","Pacific Crest Airways","Airline","United States","North America","2026-04-19","2026-04-26","2026-04-25","Delivered","On-Time / Early","-1","266864.32"
"3","3","2025-12-15","Atlantic Sky Airlines","Airline","United States","North America","2025-12-22","2025-12-25","2025-12-25","Delivered","On-Time / Early","0","421440.38"
"38","41","2026-02-10","Atlantic Sky Airlines","Airline","United States","North America","2026-02-15","2026-02-18","2026-02-16","Delivered","On-Time / Early","-2","303946.32"
"65","70","2025-01-29","Atlantic Sky Airlines","Airline","United States","North America","2025-02-04","2025-02-08","2025-02-08","Delivered","On-Time / Early","0","230753.42"
"73","78","2026-07-22","Atlantic Sky Airlines","Airline","United States","North America","2026-07-29","2026-08-01","2026-07-30","Delivered","On-Time / Early","-2","315518.20"
"104","110","2026-03-15","Atlantic Sky Airlines","Airline","United States","North America","2026-03-25","2026-03-29","2026-03-29","Delivered","On-Time / Early","0","312286.48"
"111","117","2025-09-02","Atlantic Sky Airlines","Airline","United States","North America","2025-09-10","2025-09-14","2025-09-12","Delivered","On-Time / Early","-2","119695.80"
"117","123","2025-09-06","Atlantic Sky Airlines","Airline","United States","North America","2025-09-09","2025-09-13","2025-09-12","Delivered","On-Time / Early","-1","292158.27"
"138","144","2025-08-25","Atlantic Sky Airlines","Airline","United States","North America","2025-09-04","2025-09-07","2025-09-06","Delivered","On-Time / Early","-1","295516.03"
"144","151","2026-05-18","Atlantic Sky Airlines","Airline","United States","North America","2026-05-24","2026-05-30","2026-06-01","Delivered","Late","2","29234.76"
"230","245","2026-05-20","Atlantic Sky Airlines","Airline","United States","North America","2026-05-30","2026-06-04","2026-06-03","Delivered","On-Time / Early","-1","145532.50"
"269","285","2026-01-12","Atlantic Sky Airlines","Airline","United States","North America","2026-01-16","2026-01-22","2026-01-22","Delivered","On-Time / Early","0","61241.50"
"281","297","2026-06-09","Atlantic Sky Airlines","Airline","United States","North America","2026-06-11","2026-06-17","2026-06-15","Delivered","On-Time / Early","-2","421901.46"
"296","313","2026-10-11","Atlantic Sky Airlines","Airline","United States","North America","2026-10-21","2026-10-24","2026-10-23","Delivered","On-Time / Early","-1","245392.74"
"327","344","2026-09-25","Atlantic Sky Airlines","Airline","United States","North America","2026-10-02","2026-10-07","2026-10-06","Delivered","On-Time / Early","-1","255116.83"
"391","413","2025-03-17","Atlantic Sky Airlines","Airline","United States","North America","2025-03-19","2025-03-22","2025-03-21","Delivered","On-Time / Early","-1","23723.53"
"396","420","2025-10-09","Atlantic Sky Airlines","Airline","United States","North America","2025-10-16","2025-10-23","2025-10-21","Delivered","On-Time / Early","-2","369308.55"
"431","455","2026-11-21","Atlantic Sky Airlines","Airline","United States","North America","2026-11-23","2026-11-26","2026-11-25","Delivered","On-Time / Early","-1","49342.00"
"450","476","2025-05-21","Atlantic Sky Airlines","Airline","United States","North America","2025-05-25","2025-05-31","2025-05-30","Delivered","On-Time / Early","-1","238219.49"
"461","488","2026-09-10","Atlantic Sky Airlines","Airline","United States","North America","2026-09-14","2026-09-20","2026-09-18","Delivered","On-Time / Early","-2","191259.04"
"493","522","2025-12-23","Atlantic Sky Airlines","Airline","United States","North America","2025-12-25","2025-12-31","2025-12-30","Delivered","On-Time / Early","-1","311275.45"
"502","531","2025-02-27","Atlantic Sky Airlines","Airline","United States","North America","2025-03-03","2025-03-07","2025-03-05","Delivered","On-Time / Early","-2","29302.20"
"531","563","2026-02-27","Atlantic Sky Airlines","Airline","United States","North America","2026-03-03","2026-03-09","2026-03-07","Delivered","On-Time / Early","-2","265273.92"
"590","626","2026-03-17","Atlantic Sky Airlines","Airline","United States","North America","2026-03-22","2026-03-28","2026-03-27","Delivered","On-Time / Early","-1","406031.90"
"594","630","2025-03-29","Atlantic Sky Airlines","Airline","United States","North America","2025-04-03","2025-04-10","2025-04-09","Delivered","On-Time / Early","-1","216749.16"
"598","634","2026-12-29","Atlantic Sky Airlines","Airline","United States","North America","2027-01-06","2027-01-10",\N,"In Transit","Not Delivered",\N,"338650.59"
"609","645","2026-08-25","Atlantic Sky Airlines","Airline","United States","North America","2026-09-04","2026-09-10","2026-09-08","Delivered","On-Time / Early","-2","447382.92"
"612","648","2025-11-17","Atlantic Sky Airlines","Airline","United States","North America","2025-11-25","2025-11-29","2025-11-28","Delivered","On-Time / Early","-1","666097.80"
"643","685","2026-08-15","Atlantic Sky Airlines","Airline","United States","North America","2026-08-25","2026-08-30","2026-08-30","Delivered","On-Time / Early","0","151572.58"
"656","698","2025-04-15","Atlantic Sky Airlines","Airline","United States","North America","2025-04-20","2025-04-26","2025-04-25","Delivered","On-Time / Early","-1","43135.00"
"669","713","2025-11-21","Atlantic Sky Airlines","Airline","United States","North America","2025-11-25","2025-11-30","2025-12-01","Delivered","Late","1","120094.65"
"680","725","2025-06-29","Atlantic Sky Airlines","Airline","United States","North America","2025-07-01","2025-07-05","2025-07-03","Delivered","On-Time / Early","-2","533191.56"
"712","758","2025-07-27","Atlantic Sky Airlines","Airline","United States","North America","2025-08-02","2025-08-08","2025-08-08","Delivered","On-Time / Early","0","630097.87"
"728","774","2025-12-06","Atlantic Sky Airlines","Airline","United States","North America","2025-12-14","2025-12-17","2025-12-17","Delivered","On-Time / Early","0","263412.84"
"788","841","2025-07-17","Atlantic Sky Airlines","Airline","United States","North America","2025-07-27","2025-08-03","2025-08-01","Delivered","On-Time / Early","-2","46769.89"
"834","890","2026-04-28","Atlantic Sky Airlines","Airline","United States","North America","2026-05-04","2026-05-09","2026-05-09","Delivered","On-Time / Early","0","612638.64"
"847","903","2025-04-01","Atlantic Sky Airlines","Airline","United States","North America","2025-04-06","2025-04-10","2025-04-09","Delivered","On-Time / Early","-1","218108.74"
"863","920","2026-01-25","Atlantic Sky Airlines","Airline","United States","North America","2026-01-31","2026-02-04","2026-02-04","Delivered","On-Time / Early","0","413839.09"
"913","976","2025-05-12","Atlantic Sky Airlines","Airline","United States","North America","2025-05-17","2025-05-21","2025-05-21","Delivered","On-Time / Early","0","147722.20"
"923","987","2026-06-20","Atlantic Sky Airlines","Airline","United States","North America","2026-06-25","2026-07-01","2026-06-30","Delivered","On-Time / Early","-1","57830.76"
"938","1003","2025-09-28","Atlantic Sky Airlines","Airline","United States","North America","2025-10-03","2025-10-09","2025-10-07","Delivered","On-Time / Early","-2","231132.82"
"963","1030","2026-05-30","Atlantic Sky Airlines","Airline","United States","North America","2026-06-01","2026-06-08","2026-06-08","Delivered","On-Time / Early","0","80617.39"
"975","1044","2026-01-01","Atlantic Sky Airlines","Airline","United States","North America","2026-01-09","2026-01-16","2026-01-16","Delivered","On-Time / Early","0","122985.53"
"981","1050","2026-01-04","Atlantic Sky Airlines","Airline","United States","North America","2026-01-14","2026-01-19","2026-01-17","Delivered","On-Time / Early","-2","143052.87"
"1020","1090","2026-01-30","Atlantic Sky Airlines","Airline","United States","North America","2026-02-04","2026-02-11","2026-02-10","Delivered","On-Time / Early","-1","291579.05"
"1024","1094","2026-11-07","Atlantic Sky Airlines","Airline","United States","North America","2026-11-17","2026-11-20","2026-11-18","Delivered","On-Time / Early","-2","229918.40"
"1039","1109","2026-11-07","Atlantic Sky Airlines","Airline","United States","North America","2026-11-12","2026-11-19","2026-11-19","Delivered","On-Time / Early","0","251545.85"
"1057","1127","2026-06-03","Atlantic Sky Airlines","Airline","United States","North America","2026-06-11","2026-06-16","2026-06-16","Delivered","On-Time / Early","0","336823.89"
"1103","1177","2025-01-24","Atlantic Sky Airlines","Airline","United States","North America","2025-01-26","2025-02-01","2025-01-30","Delivered","On-Time / Early","-2","327816.80"
"1135","1211","2025-01-13","Atlantic Sky Airlines","Airline","United States","North America","2025-01-18","2025-01-22","2025-01-22","Delivered","On-Time / Early","0","295768.72"
"1143","1219","2026-08-22","Atlantic Sky Airlines","Airline","United States","North America","2026-08-29","2026-09-05","2026-09-03","Delivered","On-Time / Early","-2","188768.31"
"1205","1281","2026-12-16","Atlantic Sky Airlines","Airline","United States","North America","2026-12-26","2027-01-01","2026-12-31","Delivered","On-Time / Early","-1","211572.09"
"1214","1290","2025-03-29","Atlantic Sky Airlines","Airline","United States","North America","2025-04-06","2025-04-09","2025-04-07","Delivered","On-Time / Early","-2","367803.70"
"1245","1321","2025-07-12","Atlantic Sky Airlines","Airline","United States","North America","2025-07-21","2025-07-25","2025-07-23","Delivered","On-Time / Early","-2","470989.81"
"1248","1324","2026-05-04","Atlantic Sky Airlines","Airline","United States","North America","2026-05-09","2026-05-14","2026-05-13","Delivered","On-Time / Early","-1","530645.34"
"1285","1365","2025-05-18","Atlantic Sky Airlines","Airline","United States","North America","2025-05-28","2025-06-04","2025-06-02","Delivered","On-Time / Early","-2","210279.20"
"1297","1378","2025-01-07","Atlantic Sky Airlines","Airline","United States","North America","2025-01-16","2025-01-22","2025-01-21","Delivered","On-Time / Early","-1","137914.28"
"1329","1410","2025-02-21","Atlantic Sky Airlines","Airline","United States","North America","2025-02-28","2025-03-04","2025-03-03","Delivered","On-Time / Early","-1","225673.49"
"1349","1432","2026-05-14","Atlantic Sky Airlines","Airline","United States","North America","2026-05-23","2026-05-27","2026-05-27","Delivered","On-Time / Early","0","71833.60"
"1361","1445","2026-01-03","Atlantic Sky Airlines","Airline","United States","North America","2026-01-05","2026-01-09","2026-01-09","Delivered","On-Time / Early","0","169473.87"
"1387","1471","2025-03-26","Atlantic Sky Airlines","Airline","United States","North America","2025-04-05","2025-04-08","2025-04-07","Delivered","On-Time / Early","-1","251046.45"
"1421","1506","2026-10-21","Atlantic Sky Airlines","Airline","United States","North America","2026-10-27","2026-10-30","2026-10-28","Delivered","On-Time / Early","-2","574034.83"
"1429","1514","2026-05-09","Atlantic Sky Airlines","Airline","United States","North America","2026-05-15","2026-05-19","2026-05-19","Delivered","On-Time / Early","0","151075.18"
"1465","1552","2025-07-18","Atlantic Sky Airlines","Airline","United States","North America","2025-07-23","2025-07-28","2025-07-27","Delivered","On-Time / Early","-1","720004.32"
"1513","1602","2025-10-10","Atlantic Sky Airlines","Airline","United States","North America","2025-10-19","2025-10-25","2025-10-23","Delivered","On-Time / Early","-2","219850.98"
"1521","1610","2026-08-04","Atlantic Sky Airlines","Airline","United States","North America","2026-08-07","2026-08-13","2026-08-13","Delivered","On-Time / Early","0","196910.10"
"1534","1626","2025-02-11","Atlantic Sky Airlines","Airline","United States","North America","2025-02-21","2025-02-25","2025-02-24","Delivered","On-Time / Early","-1","124450.80"
"11","12","2026-07-17","FrontierLink Air","Airline","Canada","North America","2026-07-26","2026-07-29","2026-07-28","Delivered","On-Time / Early","-1","474230.82"
"83","89","2025-09-07","FrontierLink Air","Airline","Canada","North America","2025-09-14","2025-09-21","2025-09-21","Delivered","On-Time / Early","0","165750.54"
"229","244","2025-04-30","FrontierLink Air","Airline","Canada","North America","2025-05-05","2025-05-12","2025-05-12","Delivered","On-Time / Early","0","334799.51"
"278","294","2025-06-09","FrontierLink Air","Airline","Canada","North America","2025-06-14","2025-06-18","2025-06-18","Delivered","On-Time / Early","0","304480.84"
"299","316","2026-09-09","FrontierLink Air","Airline","Canada","North America","2026-09-14","2026-09-18","2026-09-17","Delivered","On-Time / Early","-1","169476.34"
"309","326","2026-05-29","FrontierLink Air","Airline","Canada","North America","2026-06-02","2026-06-08","2026-06-06","Delivered","On-Time / Early","-2","166134.98"
"395","417","2026-06-15","FrontierLink Air","Airline","Canada","North America","2026-06-18","2026-06-22","2026-06-21","Delivered","On-Time / Early","-1","684231.19"
"398","422","2026-08-18","FrontierLink Air","Airline","Canada","North America","2026-08-24","2026-08-31","2026-08-31","Delivered","On-Time / Early","0","238661.26"
"427","451","2026-06-12","FrontierLink Air","Airline","Canada","North America","2026-06-15","2026-06-22","2026-06-21","Delivered","On-Time / Early","-1","519919.86"
"507","538","2026-02-23","FrontierLink Air","Airline","Canada","North America","2026-03-03","2026-03-10","2026-03-10","Delivered","On-Time / Early","0","319093.67"
"528","560","2025-12-27","FrontierLink Air","Airline","Canada","North America","2026-01-06","2026-01-09","2026-01-07","Delivered","On-Time / Early","-2","216943.32"
"532","564","2026-12-26","FrontierLink Air","Airline","Canada","North America","2026-12-28","2026-12-31",\N,"In Transit","Not Delivered",\N,"122175.15"
"600","636","2026-07-20","FrontierLink Air","Airline","Canada","North America","2026-07-25","2026-07-30","2026-07-29","Delivered","On-Time / Early","-1","405536.41"
"658","700","2026-11-25","FrontierLink Air","Airline","Canada","North America","2026-12-01","2026-12-06","2026-12-04","Delivered","On-Time / Early","-2","238895.47"
"662","704","2025-04-13","FrontierLink Air","Airline","Canada","North America","2025-04-17","2025-04-23","2025-04-23","Delivered","On-Time / Early","0","231422.07"
"681","726","2025-01-12","FrontierLink Air","Airline","Canada","North America","2025-01-19","2025-01-24","2025-01-22","Delivered","On-Time / Early","-2","563774.20"
"758","808","2026-05-24","FrontierLink Air","Airline","Canada","North America","2026-06-01","2026-06-07","2026-06-06","Delivered","On-Time / Early","-1","142240.10"
"793","847","2025-06-03","FrontierLink Air","Airline","Canada","North America","2025-06-05","2025-06-09","2025-06-08","Delivered","On-Time / Early","-1","727043.25"
"828","884","2026-11-29","FrontierLink Air","Airline","Canada","North America","2026-12-09","2026-12-15","2026-12-13","Delivered","On-Time / Early","-2","221641.10"
"843","899","2026-04-14","FrontierLink Air","Airline","Canada","North America","2026-04-24","2026-05-01","2026-05-01","Delivered","On-Time / Early","0","527778.81"
"856","913","2025-07-12","FrontierLink Air","Airline","Canada","North America","2025-07-19","2025-07-22","2025-07-21","Delivered","On-Time / Early","-1","461696.25"
"940","1005","2025-02-10","FrontierLink Air","Airline","Canada","North America","2025-02-13","2025-02-16","2025-02-14","Delivered","On-Time / Early","-2","381121.82"
"944","1009","2026-06-02","FrontierLink Air","Airline","Canada","North America","2026-06-07","2026-06-14","2026-06-13","Delivered","On-Time / Early","-1","85607.37"
"971","1039","2025-05-26","FrontierLink Air","Airline","Canada","North America","2025-06-05","2025-06-10","2025-06-10","Delivered","On-Time / Early","0","685321.75"
"978","1047","2026-08-22","FrontierLink Air","Airline","Canada","North America","2026-08-25","2026-08-31","2026-08-29","Delivered","On-Time / Early","-2","270292.51"
"1011","1081","2026-08-30","FrontierLink Air","Airline","Canada","North America","2026-09-01","2026-09-07","2026-09-07","Delivered","On-Time / Early","0","545514.78"
"1012","1082","2026-08-10","FrontierLink Air","Airline","Canada","North America","2026-08-12","2026-08-17","2026-08-15","Delivered","On-Time / Early","-2","236002.38"
"1033","1103","2025-04-20","FrontierLink Air","Airline","Canada","North America","2025-04-30","2025-05-06","2025-05-05","Delivered","On-Time / Early","-1","623864.85"
"1070","1141","2025-12-31","FrontierLink Air","Airline","Canada","North America","2026-01-09","2026-01-15","2026-01-13","Delivered","On-Time / Early","-2","483087.17"
"1086","1159","2026-05-27","FrontierLink Air","Airline","Canada","North America","2026-06-02","2026-06-05","2026-06-06","Delivered","Late","1","196135.30"
"1107","1181","2026-09-25","FrontierLink Air","Airline","Canada","North America","2026-10-05","2026-10-12","2026-10-10","Delivered","On-Time / Early","-2","90663.40"
"1156","1232","2026-07-22","FrontierLink Air","Airline","Canada","North America","2026-07-31","2026-08-06","2026-08-04","Delivered","On-Time / Early","-2","245738.14"
"1236","1312","2026-08-10","FrontierLink Air","Airline","Canada","North America","2026-08-16","2026-08-23","2026-08-21","Delivered","On-Time / Early","-2","420987.47"
"1301","1382","2026-05-09","FrontierLink Air","Airline","Canada","North America","2026-05-14","2026-05-19","2026-05-18","Delivered","On-Time / Early","-1","170359.92"
"1324","1405","2025-10-07","FrontierLink Air","Airline","Canada","North America","2025-10-15","2025-10-22","2025-10-21","Delivered","On-Time / Early","-1","176337.98"
"1337","1419","2025-08-18","FrontierLink Air","Airline","Canada","North America","2025-08-25","2025-09-01","2025-08-30","Delivered","On-Time / Early","-2","405672.46"
"1355","1438","2026-11-08","FrontierLink Air","Airline","Canada","North America","2026-11-14","2026-11-18","2026-11-18","Delivered","On-Time / Early","0","307458.33"
"1420","1505","2025-04-22","FrontierLink Air","Airline","Canada","North America","2025-05-02","2025-05-05","2025-05-03","Delivered","On-Time / Early","-2","490258.15"
"1445","1531","2025-01-15","FrontierLink Air","Airline","Canada","North America","2025-01-18","2025-01-21","2025-01-19","Delivered","On-Time / Early","-2","63468.95"
"1522","1612","2025-02-18","FrontierLink Air","Airline","Canada","North America","2025-02-22","2025-03-01","2025-02-27","Delivered","On-Time / Early","-2","219926.94"
"51","54","2025-09-26","SunWest Aviation","Airline","United States","North America","2025-09-30","2025-10-05","2025-10-03","Delivered","On-Time / Early","-2","320237.32"
"62","67","2026-11-07","SunWest Aviation","Airline","United States","North America","2026-11-15","2026-11-21","2026-11-20","Delivered","On-Time / Early","-1","63612.85"
"68","73","2026-08-14","SunWest Aviation","Airline","United States","North America","2026-08-23","2026-08-29","2026-08-28","Delivered","On-Time / Early","-1","163939.02"
"110","116","2025-09-11","SunWest Aviation","Airline","United States","North America","2025-09-14","2025-09-17","2025-09-16","Delivered","On-Time / Early","-1","202145.44"
"176","186","2025-02-22","SunWest Aviation","Airline","United States","North America","2025-03-02","2025-03-05","2025-03-04","Delivered","On-Time / Early","-1","284311.98"
"246","262","2025-01-17","SunWest Aviation","Airline","United States","North America","2025-01-21","2025-01-27","2025-01-25","Delivered","On-Time / Early","-2","383725.24"
"291","308","2025-11-29","SunWest Aviation","Airline","United States","North America","2025-12-07","2025-12-14","2025-12-12","Delivered","On-Time / Early","-2","257585.16"
"324","341","2026-05-13","SunWest Aviation","Airline","United States","North America","2026-05-22","2026-05-28","2026-05-27","Delivered","On-Time / Early","-1","325623.83"
"340","359","2026-01-19","SunWest Aviation","Airline","United States","North America","2026-01-22","2026-01-25","2026-01-24","Delivered","On-Time / Early","-1","85345.68"
"382","403","2026-05-18","SunWest Aviation","Airline","United States","North America","2026-05-23","2026-05-27","2026-05-27","Delivered","On-Time / Early","0","83441.92"
"383","404","2026-04-08","SunWest Aviation","Airline","United States","North America","2026-04-14","2026-04-19","2026-04-17","Delivered","On-Time / Early","-2","346082.08"
"420","444","2026-07-30","SunWest Aviation","Airline","United States","North America","2026-08-03","2026-08-09","2026-08-09","Delivered","On-Time / Early","0","460834.13"
"436","460","2025-04-23","SunWest Aviation","Airline","United States","North America","2025-04-30","2025-05-04","2025-05-04","Delivered","On-Time / Early","0","713501.34"
"443","469","2026-12-23","SunWest Aviation","Airline","United States","North America","2026-12-31","2027-01-05","2027-01-03","Delivered","On-Time / Early","-2","401951.88"
"490","518","2026-02-23","SunWest Aviation","Airline","United States","North America","2026-02-27","2026-03-06","2026-03-04","Delivered","On-Time / Early","-2","392574.78"
"564","597","2025-03-31","SunWest Aviation","Airline","United States","North America","2025-04-07","2025-04-12","2025-04-12","Delivered","On-Time / Early","0","200727.68"
"581","614","2026-08-01","SunWest Aviation","Airline","United States","North America","2026-08-05","2026-08-10","2026-08-09","Delivered","On-Time / Early","-1","105963.27"
"606","642","2026-07-04","SunWest Aviation","Airline","United States","North America","2026-07-11","2026-07-14","2026-07-13","Delivered","On-Time / Early","-1","125622.44"
"610","646","2026-09-25","SunWest Aviation","Airline","United States","North America","2026-09-29","2026-10-05","2026-10-03","Delivered","On-Time / Early","-2","182908.92"
"628","666","2025-08-31","SunWest Aviation","Airline","United States","North America","2025-09-10","2025-09-14","2025-09-14","Delivered","On-Time / Early","0","702917.76"
"641","683","2026-02-12","SunWest Aviation","Airline","United States","North America","2026-02-16","2026-02-22","2026-02-20","Delivered","On-Time / Early","-2","147524.96"
"682","727","2025-09-23","SunWest Aviation","Airline","United States","North America","2025-09-29","2025-10-05","2025-10-04","Delivered","On-Time / Early","-1","518451.02"
"687","732","2026-08-04","SunWest Aviation","Airline","United States","North America","2026-08-06","2026-08-13","2026-08-12","Delivered","On-Time / Early","-1","250598.72"
"696","742","2026-01-13","SunWest Aviation","Airline","United States","North America","2026-01-15","2026-01-19","2026-01-18","Delivered","On-Time / Early","-1","219275.07"
"703","749","2025-04-17","SunWest Aviation","Airline","United States","North America","2025-04-23","2025-04-28","2025-04-27","Delivered","On-Time / Early","-1","97721.84"
"713","759","2025-04-19","SunWest Aviation","Airline","United States","North America","2025-04-27","2025-04-30","2025-04-30","Delivered","On-Time / Early","0","589527.75"
"717","763","2025-02-11","SunWest Aviation","Airline","United States","North America","2025-02-14","2025-02-18","2025-02-18","Delivered","On-Time / Early","0","187554.32"
"771","821","2026-11-01","SunWest Aviation","Airline","United States","North America","2026-11-04","2026-11-10","2026-11-10","Delivered","On-Time / Early","0","171649.40"
"781","832","2026-01-14","SunWest Aviation","Airline","United States","North America","2026-01-24","2026-01-30","2026-01-30","Delivered","On-Time / Early","0","143571.47"
"864","921","2025-06-06","SunWest Aviation","Airline","United States","North America","2025-06-10","2025-06-16","2025-06-14","Delivered","On-Time / Early","-2","132088.26"
"870","927","2025-10-30","SunWest Aviation","Airline","United States","North America","2025-11-02","2025-11-06","2025-11-05","Delivered","On-Time / Early","-1","414740.92"
"880","939","2025-12-17","SunWest Aviation","Airline","United States","North America","2025-12-19","2025-12-22","2025-12-21","Delivered","On-Time / Early","-1","235682.55"
"936","1001","2025-03-18","SunWest Aviation","Airline","United States","North America","2025-03-27","2025-04-01","2025-04-06","Delivered","Late","5","141007.20"
"951","1018","2026-10-30","SunWest Aviation","Airline","United States","North America","2026-11-04","2026-11-11","2026-11-09","Delivered","On-Time / Early","-2","140232.66"
"952","1019","2025-04-09","SunWest Aviation","Airline","United States","North America","2025-04-12","2025-04-16","2025-04-16","Delivered","On-Time / Early","0","666100.83"
"970","1038","2025-12-19","SunWest Aviation","Airline","United States","North America","2025-12-22","2025-12-27","2025-12-26","Delivered","On-Time / Early","-1","611272.14"
"972","1040","2025-09-16","SunWest Aviation","Airline","United States","North America","2025-09-25","2025-10-01","2025-10-01","Delivered","On-Time / Early","0","35881.31"
"1000","1070","2026-08-07","SunWest Aviation","Airline","United States","North America","2026-08-11","2026-08-16","2026-08-15","Delivered","On-Time / Early","-1","271434.66"
"1066","1137","2025-12-29","SunWest Aviation","Airline","United States","North America","2026-01-01","2026-01-04","2026-01-04","Delivered","On-Time / Early","0","221392.80"
"1122","1197","2025-09-13","SunWest Aviation","Airline","United States","North America","2025-09-15","2025-09-21","2025-09-19","Delivered","On-Time / Early","-2","193282.20"
"1123","1198","2026-01-23","SunWest Aviation","Airline","United States","North America","2026-02-02","2026-02-05","2026-02-03","Delivered","On-Time / Early","-2","837891.73"
"1126","1201","2025-03-12","SunWest Aviation","Airline","United States","North America","2025-03-22","2025-03-26","2025-03-26","Delivered","On-Time / Early","0","691053.23"
"1128","1203","2026-05-19","SunWest Aviation","Airline","United States","North America","2026-05-26","2026-06-01","2026-05-30","Delivered","On-Time / Early","-2","304999.23"
"1134","1210","2026-04-27","SunWest Aviation","Airline","United States","North America","2026-05-05","2026-05-10","2026-05-10","Delivered","On-Time / Early","0","139808.94"
"1154","1230","2026-08-04","SunWest Aviation","Airline","United States","North America","2026-08-06","2026-08-09","2026-08-08","Delivered","On-Time / Early","-1","185209.78"
"1164","1240","2025-05-13","SunWest Aviation","Airline","United States","North America","2025-05-18","2025-05-23","2025-05-22","Delivered","On-Time / Early","-1","755960.95"
"1165","1241","2026-05-13","SunWest Aviation","Airline","United States","North America","2026-05-16","2026-05-22","2026-05-21","Delivered","On-Time / Early","-1","364073.74"
"1200","1276","2026-12-16","SunWest Aviation","Airline","United States","North America","2026-12-20","2026-12-26",\N,"In Transit","Not Delivered",\N,"273319.49"
"1211","1287","2025-11-09","SunWest Aviation","Airline","United States","North America","2025-11-17","2025-11-20","2025-11-20","Delivered","On-Time / Early","0","664267.53"
"1213","1289","2025-08-28","SunWest Aviation","Airline","United States","North America","2025-09-02","2025-09-05","2025-09-05","Delivered","On-Time / Early","0","142741.08"
"1250","1326","2025-05-21","SunWest Aviation","Airline","United States","North America","2025-05-25","2025-05-28","2025-05-28","Delivered","On-Time / Early","0","140432.76"
"1272","1349","2025-05-29","SunWest Aviation","Airline","United States","North America","2025-06-07","2025-06-12","2025-06-11","Delivered","On-Time / Early","-1","194360.32"
"1295","1376","2026-10-18","SunWest Aviation","Airline","United States","North America","2026-10-27","2026-11-01","2026-10-30","Delivered","On-Time / Early","-2","439195.83"
"1305","1386","2025-01-20","SunWest Aviation","Airline","United States","North America","2025-01-30","2025-02-02","2025-02-04","Delivered","Late","2","72226.24"
"1315","1396","2025-06-07","SunWest Aviation","Airline","United States","North America","2025-06-15","2025-06-18","2025-06-16","Delivered","On-Time / Early","-2","506370.68"
"1331","1412","2026-02-06","SunWest Aviation","Airline","United States","North America","2026-02-12","2026-02-17","2026-02-15","Delivered","On-Time / Early","-2","36303.96"
"1372","1456","2025-08-20","SunWest Aviation","Airline","United States","North America","2025-08-28","2025-09-02","2025-08-31","Delivered","On-Time / Early","-2","115536.99"
"1395","1479","2026-10-15","SunWest Aviation","Airline","United States","North America","2026-10-20","2026-10-27","2026-10-25","Delivered","On-Time / Early","-2","258520.93"
"1414","1498","2026-12-14","SunWest Aviation","Airline","United States","North America","2026-12-18","2026-12-24","2026-12-22","Delivered","On-Time / Early","-2","441722.21"
"1418","1503","2025-09-29","SunWest Aviation","Airline","United States","North America","2025-10-03","2025-10-08","2025-10-11","Delivered","Late","3","221495.28"
"1470","1557","2026-07-05","SunWest Aviation","Airline","United States","North America","2026-07-09","2026-07-13","2026-07-13","Delivered","On-Time / Early","0","83779.64"
"1524","1614","2025-10-20","SunWest Aviation","Airline","United States","North America","2025-10-23","2025-10-30","2025-10-29","Delivered","On-Time / Early","-1","99904.89"
"1561","1653","2026-08-13","AeroServe Maintenance","MRO Provider","United States","North America","2026-08-18","2026-08-25","2026-08-24","Delivered","On-Time / Early","-1","664384.77"
"1570","1662","2025-05-28","AeroServe Maintenance","MRO Provider","United States","North America","2025-06-03","2025-06-09","2025-06-09","Delivered","On-Time / Early","0","282741.07"
"1577","1669","2025-11-08","AeroServe Maintenance","MRO Provider","United States","North America","2025-11-11","2025-11-17","2025-11-15","Delivered","On-Time / Early","-2","445007.58"
"1583","1675","2025-09-17","AeroServe Maintenance","MRO Provider","United States","North America","2025-09-22","2025-09-29","2025-09-28","Delivered","On-Time / Early","-1","563242.51"
"1603","1697","2025-06-22","AeroServe Maintenance","MRO Provider","United States","North America","2025-06-24","2025-06-30","2025-06-29","Delivered","On-Time / Early","-1","638297.79"
"1609","1704","2025-05-18","AeroServe Maintenance","MRO Provider","United States","North America","2025-05-26","2025-05-29","2025-05-28","Delivered","On-Time / Early","-1","200051.07"
"1625","1722","2026-08-21","AeroServe Maintenance","MRO Provider","United States","North America","2026-08-31","2026-09-06","2026-09-05","Delivered","On-Time / Early","-1","655428.68"
"1649","1746","2026-10-04","AeroServe Maintenance","MRO Provider","United States","North America","2026-10-06","2026-10-10","2026-10-08","Delivered","On-Time / Early","-2","251323.06"
"1671","1770","2025-11-12","AeroServe Maintenance","MRO Provider","United States","North America","2025-11-21","2025-11-24","2025-11-23","Delivered","On-Time / Early","-1","952365.45"
"1675","1775","2026-02-02","AeroServe Maintenance","MRO Provider","United States","North America","2026-02-06","2026-02-10","2026-02-22","Delivered","Late","12","124114.50"
"1685","1785","2025-05-20","AeroServe Maintenance","MRO Provider","United States","North America","2025-05-25","2025-05-28","2025-05-27","Delivered","On-Time / Early","-1","1252974.35"
"1708","1808","2026-07-25","AeroServe Maintenance","MRO Provider","United States","North America","2026-07-31","2026-08-06","2026-08-06","Delivered","On-Time / Early","0","408628.17"
"1714","1815","2025-11-17","AeroServe Maintenance","MRO Provider","United States","North America","2025-11-19","2025-11-22","2025-11-22","Delivered","On-Time / Early","0","1082079.39"
"1720","1821","2025-06-02","AeroServe Maintenance","MRO Provider","United States","North America","2025-06-08","2025-06-14","2025-06-14","Delivered","On-Time / Early","0","360797.84"
"1753","1856","2026-05-31","AeroServe Maintenance","MRO Provider","United States","North America","2026-06-07","2026-06-11","2026-06-09","Delivered","On-Time / Early","-2","156786.98"
"1760","1863","2025-04-30","AeroServe Maintenance","MRO Provider","United States","North America","2025-05-10","2025-05-13","2025-05-13","Delivered","On-Time / Early","0","1818702.66"
"1763","1868","2025-05-19","AeroServe Maintenance","MRO Provider","United States","North America","2025-05-29","2025-06-04","2025-06-02","Delivered","On-Time / Early","-2","1496139.45"
"1768","1874","2026-04-28","AeroServe Maintenance","MRO Provider","United States","North America","2026-05-01","2026-05-08","2026-05-06","Delivered","On-Time / Early","-2","294602.99"
"1775","1881","2026-07-21","AeroServe Maintenance","MRO Provider","United States","North America","2026-07-29","2026-08-02","2026-08-01","Delivered","On-Time / Early","-1","90783.93"
"1815","1923","2025-03-28","AeroServe Maintenance","MRO Provider","United States","North America","2025-04-01","2025-04-04","2025-04-03","Delivered","On-Time / Early","-1","939612.54"
"1818","1926","2025-06-13","AeroServe Maintenance","MRO Provider","United States","North America","2025-06-17","2025-06-22","2025-06-22","Delivered","On-Time / Early","0","810420.27"
"1842","1952","2026-05-16","AeroServe Maintenance","MRO Provider","United States","North America","2026-05-22","2026-05-26","2026-05-25","Delivered","On-Time / Early","-1","833253.46"
"1866","1977","2025-05-04","AeroServe Maintenance","MRO Provider","United States","North America","2025-05-07","2025-05-13","2025-05-13","Delivered","On-Time / Early","0","469593.57"
"1877","1988","2025-06-21","AeroServe Maintenance","MRO Provider","United States","North America","2025-06-28","2025-07-03","2025-07-04","Delivered","Late","1","545829.00"
"1884","1997","2025-12-03","AeroServe Maintenance","MRO Provider","United States","North America","2025-12-10","2025-12-13","2025-12-12","Delivered","On-Time / Early","-1","1596469.85"
"1902","2015","2026-11-26","AeroServe Maintenance","MRO Provider","United States","North America","2026-12-03","2026-12-10","2026-12-09","Delivered","On-Time / Early","-1","447866.07"
"1917","2032","2025-05-11","AeroServe Maintenance","MRO Provider","United States","North America","2025-05-15","2025-05-22","2025-05-20","Delivered","On-Time / Early","-2","289598.21"
"1971","2086","2026-01-27","AeroServe Maintenance","MRO Provider","United States","North America","2026-01-29","2026-02-02","2026-02-01","Delivered","On-Time / Early","-1","1115762.30"
"1972","2087","2026-10-23","AeroServe Maintenance","MRO Provider","United States","North America","2026-10-26","2026-10-31","2026-10-31","Delivered","On-Time / Early","0","187919.80"
"2017","2136","2025-01-28","AeroServe Maintenance","MRO Provider","United States","North America","2025-01-31","2025-02-04","2025-02-04","Delivered","On-Time / Early","0","512354.14"
"2040","2159","2025-08-14","AeroServe Maintenance","MRO Provider","United States","North America","2025-08-17","2025-08-24","2025-08-22","Delivered","On-Time / Early","-2","230520.98"
"2041","2160","2026-01-13","AeroServe Maintenance","MRO Provider","United States","North America","2026-01-16","2026-01-22","2026-01-21","Delivered","On-Time / Early","-1","1592291.81"
"2047","2168","2025-08-27","AeroServe Maintenance","MRO Provider","United States","North America","2025-09-04","2025-09-07","2025-09-07","Delivered","On-Time / Early","0","133481.18"
"2058","2179","2025-01-07","AeroServe Maintenance","MRO Provider","United States","North America","2025-01-10","2025-01-16","2025-01-14","Delivered","On-Time / Early","-2","864816.24"
"2059","2180","2025-07-17","AeroServe Maintenance","MRO Provider","United States","North America","2025-07-26","2025-07-31","2025-07-29","Delivered","On-Time / Early","-2","917530.34"
"2073","2194","2025-07-14","AeroServe Maintenance","MRO Provider","United States","North America","2025-07-21","2025-07-25","2025-07-23","Delivered","On-Time / Early","-2","867803.82"
"2081","2203","2026-11-24","AeroServe Maintenance","MRO Provider","United States","North America","2026-11-28","2026-12-03","2026-12-01","Delivered","On-Time / Early","-2","623313.59"
"2100","2222","2025-12-17","AeroServe Maintenance","MRO Provider","United States","North America","2025-12-26","2026-01-01","2026-01-06","Delivered","Late","5","1631678.48"
"2135","2262","2026-12-21","AeroServe Maintenance","MRO Provider","United States","North America","2026-12-23","2026-12-29","2026-12-27","Delivered","On-Time / Early","-2","592138.79"
"2138","2265","2026-01-21","AeroServe Maintenance","MRO Provider","United States","North America","2026-01-31","2026-02-03","2026-02-01","Delivered","On-Time / Early","-2","719262.05"
"2144","2271","2026-02-05","AeroServe Maintenance","MRO Provider","United States","North America","2026-02-08","2026-02-11","2026-02-09","Delivered","On-Time / Early","-2","509386.19"
"2150","2277","2026-10-29","AeroServe Maintenance","MRO Provider","United States","North America","2026-11-05","2026-11-12",\N,"In Transit","Not Delivered",\N,"1046151.09"
"2159","2287","2026-01-12","AeroServe Maintenance","MRO Provider","United States","North America","2026-01-17","2026-01-22","2026-01-22","Delivered","On-Time / Early","0","88290.75"
"2174","2302","2026-11-05","AeroServe Maintenance","MRO Provider","United States","North America","2026-11-08","2026-11-11","2026-11-10","Delivered","On-Time / Early","-1","820875.68"
"2185","2313","2025-07-28","AeroServe Maintenance","MRO Provider","United States","North America","2025-08-03","2025-08-08","2025-08-06","Delivered","On-Time / Early","-2","89094.96"
"2202","2330","2025-10-01","AeroServe Maintenance","MRO Provider","United States","North America","2025-10-05","2025-10-11","2025-10-09","Delivered","On-Time / Early","-2","1665035.29"
"2227","2356","2025-12-30","AeroServe Maintenance","MRO Provider","United States","North America","2026-01-05","2026-01-12","2026-01-12","Delivered","On-Time / Early","0","167405.40"
"2229","2358","2026-05-15","AeroServe Maintenance","MRO Provider","United States","North America","2026-05-23","2026-05-27","2026-05-27","Delivered","On-Time / Early","0","48795.48"
"2252","2383","2026-05-06","AeroServe Maintenance","MRO Provider","United States","North America","2026-05-08","2026-05-14","2026-05-14","Delivered","On-Time / Early","0","968856.39"
"2259","2390","2026-11-17","AeroServe Maintenance","MRO Provider","United States","North America","2026-11-23","2026-11-28","2026-12-05","Delivered","Late","7","803043.67"
"2273","2404","2026-08-03","AeroServe Maintenance","MRO Provider","United States","North America","2026-08-11","2026-08-15","2026-08-13","Delivered","On-Time / Early","-2","1000520.32"
"2330","2465","2025-04-23","AeroServe Maintenance","MRO Provider","United States","North America","2025-05-02","2025-05-07","2025-05-06","Delivered","On-Time / Early","-1","1012407.30"
"2333","2468","2025-08-18","AeroServe Maintenance","MRO Provider","United States","North America","2025-08-28","2025-09-04","2025-09-09","Delivered","Late","5","454380.82"
"2353","2489","2025-12-10","AeroServe Maintenance","MRO Provider","United States","North America","2025-12-15","2025-12-19","2025-12-19","Delivered","On-Time / Early","0","1240110.19"
"2354","2490","2025-04-20","AeroServe Maintenance","MRO Provider","United States","North America","2025-04-22","2025-04-29","2025-04-27","Delivered","On-Time / Early","-2","1218262.16"
"2356","2493","2026-08-02","AeroServe Maintenance","MRO Provider","United States","North America","2026-08-12","2026-08-16","2026-08-14","Delivered","On-Time / Early","-2","966064.14"
"2366","2505","2026-03-18","AeroServe Maintenance","MRO Provider","United States","North America","2026-03-27","2026-04-02","2026-04-01","Delivered","On-Time / Early","-1","452480.36"
"2379","2519","2026-10-22","AeroServe Maintenance","MRO Provider","United States","North America","2026-10-24","2026-10-28","2026-10-26","Delivered","On-Time / Early","-2","1291059.44"
"2380","2520","2026-07-29","AeroServe Maintenance","MRO Provider","United States","North America","2026-08-01","2026-08-08","2026-08-07","Delivered","On-Time / Early","-1","97782.06"
"2401","2541","2025-11-21","AeroServe Maintenance","MRO Provider","United States","North America","2025-11-29","2025-12-04","2025-12-06","Delivered","Late","2","485084.70"
"2409","2549","2026-01-08","AeroServe Maintenance","MRO Provider","United States","North America","2026-01-15","2026-01-20","2026-01-19","Delivered","On-Time / Early","-1","261953.86"
"1574","1666","2025-03-20","NorthTech MRO Services","MRO Provider","Canada","North America","2025-03-24","2025-03-30","2025-03-29","Delivered","On-Time / Early","-1","692710.95"
"1579","1671","2025-08-03","NorthTech MRO Services","MRO Provider","Canada","North America","2025-08-05","2025-08-11","2025-08-13","Delivered","Late","2","472079.67"
"1580","1672","2025-04-25","NorthTech MRO Services","MRO Provider","Canada","North America","2025-05-05","2025-05-12","2025-05-10","Delivered","On-Time / Early","-2","467740.90"
"1594","1687","2025-11-18","NorthTech MRO Services","MRO Provider","Canada","North America","2025-11-21","2025-11-28","2025-11-27","Delivered","On-Time / Early","-1","1862542.90"
"1596","1689","2025-02-11","NorthTech MRO Services","MRO Provider","Canada","North America","2025-02-13","2025-02-16","2025-02-14","Delivered","On-Time / Early","-2","519303.99"
"1640","1737","2026-08-16","NorthTech MRO Services","MRO Provider","Canada","North America","2026-08-25","2026-08-31","2026-08-29","Delivered","On-Time / Early","-2","1985886.69"
"1696","1796","2025-06-02","NorthTech MRO Services","MRO Provider","Canada","North America","2025-06-06","2025-06-11","2025-06-11","Delivered","On-Time / Early","0","1079338.00"
"1697","1797","2026-08-04","NorthTech MRO Services","MRO Provider","Canada","North America","2026-08-06","2026-08-09","2026-08-09","Delivered","On-Time / Early","0","1123773.50"
"1723","1825","2025-06-01","NorthTech MRO Services","MRO Provider","Canada","North America","2025-06-10","2025-06-15","2025-06-15","Delivered","On-Time / Early","0","349869.90"
"1733","1836","2026-08-06","NorthTech MRO Services","MRO Provider","Canada","North America","2026-08-08","2026-08-15","2026-08-19","Delivered","Late","4","1950544.01"
"1740","1843","2026-09-10","NorthTech MRO Services","MRO Provider","Canada","North America","2026-09-15","2026-09-18","2026-09-18","Delivered","On-Time / Early","0","1035579.34"
"1747","1850","2026-03-24","NorthTech MRO Services","MRO Provider","Canada","North America","2026-03-26","2026-03-31","2026-03-29","Delivered","On-Time / Early","-2","609920.36"
"1751","1854","2026-02-27","NorthTech MRO Services","MRO Provider","Canada","North America","2026-03-02","2026-03-08","2026-03-07","Delivered","On-Time / Early","-1","706195.57"
"1770","1876","2025-01-09","NorthTech MRO Services","MRO Provider","Canada","North America","2025-01-11","2025-01-14","2025-01-16","Delivered","Late","2","807245.58"
"1776","1882","2026-04-30","NorthTech MRO Services","MRO Provider","Canada","North America","2026-05-08","2026-05-11","2026-05-11","Delivered","On-Time / Early","0","607967.72"
"1798","1906","2025-05-22","NorthTech MRO Services","MRO Provider","Canada","North America","2025-05-24","2025-05-31","2025-05-29","Delivered","On-Time / Early","-2","191958.93"
"1820","1928","2026-06-02","NorthTech MRO Services","MRO Provider","Canada","North America","2026-06-07","2026-06-10","2026-06-10","Delivered","On-Time / Early","0","871424.46"
"1830","1938","2026-04-02","NorthTech MRO Services","MRO Provider","Canada","North America","2026-04-10","2026-04-15","2026-04-15","Delivered","On-Time / Early","0","50223.70"
"1837","1947","2026-02-23","NorthTech MRO Services","MRO Provider","Canada","North America","2026-03-02","2026-03-06","2026-03-06","Delivered","On-Time / Early","0","385149.11"
"1845","1955","2026-09-13","NorthTech MRO Services","MRO Provider","Canada","North America","2026-09-15","2026-09-21","2026-09-19","Delivered","On-Time / Early","-2","514726.78"
"1847","1957","2025-11-30","NorthTech MRO Services","MRO Provider","Canada","North America","2025-12-03","2025-12-06","2025-12-04","Delivered","On-Time / Early","-2","778925.06"
"1850","1960","2026-10-24","NorthTech MRO Services","MRO Provider","Canada","North America","2026-10-31","2026-11-07","2026-11-07","Delivered","On-Time / Early","0","643166.89"
"1854","1965","2025-01-20","NorthTech MRO Services","MRO Provider","Canada","North America","2025-01-28","2025-02-04","2025-02-03","Delivered","On-Time / Early","-1","1779112.76"
"1860","1971","2025-09-21","NorthTech MRO Services","MRO Provider","Canada","North America","2025-09-23","2025-09-26","2025-09-25","Delivered","On-Time / Early","-1","658195.35"
"1873","1984","2026-04-02","NorthTech MRO Services","MRO Provider","Canada","North America","2026-04-08","2026-04-11","2026-04-10","Delivered","On-Time / Early","-1","268899.63"
"1915","2030","2026-08-16","NorthTech MRO Services","MRO Provider","Canada","North America","2026-08-22","2026-08-26","2026-08-24","Delivered","On-Time / Early","-2","442149.29"
"1920","2035","2026-02-16","NorthTech MRO Services","MRO Provider","Canada","North America","2026-02-24","2026-02-27","2026-02-26","Delivered","On-Time / Early","-1","770171.16"
"1944","2059","2026-07-23","NorthTech MRO Services","MRO Provider","Canada","North America","2026-07-28","2026-08-03","2026-08-02","Delivered","On-Time / Early","-1","1008406.00"
"1953","2068","2025-03-08","NorthTech MRO Services","MRO Provider","Canada","North America","2025-03-11","2025-03-17","2025-03-17","Delivered","On-Time / Early","0","458367.38"
"1967","2082","2025-03-28","NorthTech MRO Services","MRO Provider","Canada","North America","2025-04-02","2025-04-05","2025-04-05","Delivered","On-Time / Early","0","613211.22"
"1974","2089","2025-08-22","NorthTech MRO Services","MRO Provider","Canada","North America","2025-08-31","2025-09-07","2025-09-07","Delivered","On-Time / Early","0","474215.35"
"2002","2119","2025-07-31","NorthTech MRO Services","MRO Provider","Canada","North America","2025-08-06","2025-08-12","2025-08-11","Delivered","On-Time / Early","-1","681939.24"
"2024","2143","2026-09-14","NorthTech MRO Services","MRO Provider","Canada","North America","2026-09-16","2026-09-23","2026-09-23","Delivered","On-Time / Early","0","564118.35"
"2035","2154","2026-06-09","NorthTech MRO Services","MRO Provider","Canada","North America","2026-06-13","2026-06-17","2026-06-15","Delivered","On-Time / Early","-2","606003.12"
"2052","2173","2025-12-03","NorthTech MRO Services","MRO Provider","Canada","North America","2025-12-10","2025-12-14","2025-12-14","Delivered","On-Time / Early","0","336767.13"
"2060","2181","2025-05-09","NorthTech MRO Services","MRO Provider","Canada","North America","2025-05-17","2025-05-22","2025-05-21","Delivered","On-Time / Early","-1","1302434.20"
"2065","2186","2026-05-08","NorthTech MRO Services","MRO Provider","Canada","North America","2026-05-11","2026-05-16","2026-05-14","Delivered","On-Time / Early","-2","964759.13"
"2072","2193","2025-12-08","NorthTech MRO Services","MRO Provider","Canada","North America","2025-12-10","2025-12-14","2025-12-12","Delivered","On-Time / Early","-2","540456.37"
"2098","2220","2026-10-02","NorthTech MRO Services","MRO Provider","Canada","North America","2026-10-11","2026-10-16","2026-10-16","Delivered","On-Time / Early","0","564302.42"
"2099","2221","2025-10-28","NorthTech MRO Services","MRO Provider","Canada","North America","2025-11-04","2025-11-08","2025-11-06","Delivered","On-Time / Early","-2","529212.00"
"2121","2247","2026-11-18","NorthTech MRO Services","MRO Provider","Canada","North America","2026-11-26","2026-11-30",\N,"In Transit","Not Delivered",\N,"882980.01"
"2136","2263","2026-12-07","NorthTech MRO Services","MRO Provider","Canada","North America","2026-12-11","2026-12-15",\N,"In Transit","Not Delivered",\N,"400484.75"
"2154","2281","2025-02-23","NorthTech MRO Services","MRO Provider","Canada","North America","2025-02-27","2025-03-06","2025-03-04","Delivered","On-Time / Early","-2","557905.45"
"2170","2298","2025-11-18","NorthTech MRO Services","MRO Provider","Canada","North America","2025-11-27","2025-12-03","2025-12-01","Delivered","On-Time / Early","-2","615641.37"
"2172","2300","2025-02-05","NorthTech MRO Services","MRO Provider","Canada","North America","2025-02-15","2025-02-19","2025-02-19","Delivered","On-Time / Early","0","410354.10"
"2181","2309","2025-10-12","NorthTech MRO Services","MRO Provider","Canada","North America","2025-10-16","2025-10-21","2025-10-20","Delivered","On-Time / Early","-1","244383.79"
"2191","2319","2026-10-18","NorthTech MRO Services","MRO Provider","Canada","North America","2026-10-27","2026-11-02","2026-11-01","Delivered","On-Time / Early","-1","1150484.16"
"2197","2325","2026-09-15","NorthTech MRO Services","MRO Provider","Canada","North America","2026-09-25","2026-10-01","2026-10-01","Delivered","On-Time / Early","0","132863.19"
"2240","2369","2026-02-03","NorthTech MRO Services","MRO Provider","Canada","North America","2026-02-11","2026-02-16","2026-02-16","Delivered","On-Time / Early","0","664644.63"
"2253","2384","2025-11-08","NorthTech MRO Services","MRO Provider","Canada","North America","2025-11-12","2025-11-18","2025-11-16","Delivered","On-Time / Early","-2","1060559.96"
"2257","2388","2026-09-14","NorthTech MRO Services","MRO Provider","Canada","North America","2026-09-16","2026-09-19","2026-09-19","Delivered","On-Time / Early","0","844016.09"
"2263","2394","2025-04-19","NorthTech MRO Services","MRO Provider","Canada","North America","2025-04-24","2025-04-30","2025-04-28","Delivered","On-Time / Early","-2","456242.33"
"2308","2441","2025-02-15","NorthTech MRO Services","MRO Provider","Canada","North America","2025-02-22","2025-02-27","2025-02-27","Delivered","On-Time / Early","0","1964374.34"
"2338","2473","2025-05-25","NorthTech MRO Services","MRO Provider","Canada","North America","2025-05-28","2025-06-04","2025-06-03","Delivered","On-Time / Early","-1","1683287.97"
"2342","2477","2025-10-21","NorthTech MRO Services","MRO Provider","Canada","North America","2025-10-27","2025-10-31","2025-10-30","Delivered","On-Time / Early","-1","687862.15"
"2352","2488","2025-04-17","NorthTech MRO Services","MRO Provider","Canada","North America","2025-04-26","2025-04-30","2025-04-30","Delivered","On-Time / Early","0","49678.70"
"2357","2494","2025-11-19","NorthTech MRO Services","MRO Provider","Canada","North America","2025-11-21","2025-11-27","2025-11-27","Delivered","On-Time / Early","0","383545.08"
"2360","2498","2026-05-31","NorthTech MRO Services","MRO Provider","Canada","North America","2026-06-03","2026-06-06","2026-06-06","Delivered","On-Time / Early","0","883525.75"
"2372","2511","2025-12-28","NorthTech MRO Services","MRO Provider","Canada","North America","2026-01-04","2026-01-10","2026-01-10","Delivered","On-Time / Early","0","1973598.17"
"2393","2533","2026-02-19","NorthTech MRO Services","MRO Provider","Canada","North America","2026-02-25","2026-03-01","2026-03-01","Delivered","On-Time / Early","0","987289.83"
"2395","2535","2025-02-25","NorthTech MRO Services","MRO Provider","Canada","North America","2025-03-06","2025-03-12","2025-03-12","Delivered","On-Time / Early","0","953917.27"
"1562","1654","2025-03-01","Pacific Aero Maintenance","MRO Provider","United States","North America","2025-03-08","2025-03-12","2025-03-12","Delivered","On-Time / Early","0","832817.61"
"1578","1670","2026-12-12","Pacific Aero Maintenance","MRO Provider","United States","North America","2026-12-14","2026-12-21","2026-12-22","Delivered","Late","1","1605032.27"
"1585","1677","2025-07-24","Pacific Aero Maintenance","MRO Provider","United States","North America","2025-07-30","2025-08-04","2025-08-04","Delivered","On-Time / Early","0","909414.77"
"1590","1682","2025-10-16","Pacific Aero Maintenance","MRO Provider","United States","North America","2025-10-20","2025-10-27","2025-10-26","Delivered","On-Time / Early","-1","792115.89"
"1616","1713","2025-02-03","Pacific Aero Maintenance","MRO Provider","United States","North America","2025-02-11","2025-02-16","2025-02-16","Delivered","On-Time / Early","0","179291.38"
"1691","1791","2026-01-12","Pacific Aero Maintenance","MRO Provider","United States","North America","2026-01-19","2026-01-26","2026-01-24","Delivered","On-Time / Early","-2","847452.23"
"1721","1822","2025-09-24","Pacific Aero Maintenance","MRO Provider","United States","North America","2025-09-29","2025-10-02","2025-10-01","Delivered","On-Time / Early","-1","1226318.14"
"1737","1840","2025-08-02","Pacific Aero Maintenance","MRO Provider","United States","North America","2025-08-09","2025-08-13","2025-08-11","Delivered","On-Time / Early","-2","596830.02"
"1738","1841","2026-11-01","Pacific Aero Maintenance","MRO Provider","United States","North America","2026-11-10","2026-11-14","2026-11-14","Delivered","On-Time / Early","0","1063387.13"
"1765","1870","2026-10-27","Pacific Aero Maintenance","MRO Provider","United States","North America","2026-11-05","2026-11-10","2026-11-08","Delivered","On-Time / Early","-2","1398694.84"
"1767","1872","2026-04-20","Pacific Aero Maintenance","MRO Provider","United States","North America","2026-04-27","2026-04-30","2026-05-01","Delivered","Late","1","93265.28"
"1787","1894","2025-06-12","Pacific Aero Maintenance","MRO Provider","United States","North America","2025-06-14","2025-06-17","2025-06-17","Delivered","On-Time / Early","0","586838.31"
"1797","1905","2025-04-12","Pacific Aero Maintenance","MRO Provider","United States","North America","2025-04-14","2025-04-19","2025-04-18","Delivered","On-Time / Early","-1","163115.26"
"1803","1911","2025-08-22","Pacific Aero Maintenance","MRO Provider","United States","North America","2025-08-28","2025-08-31","2025-09-06","Delivered","Late","6","151827.00"
"1805","1913","2026-03-30","Pacific Aero Maintenance","MRO Provider","United States","North America","2026-04-09","2026-04-12","2026-04-11","Delivered","On-Time / Early","-1","1298603.14"
"1840","1950","2025-05-27","Pacific Aero Maintenance","MRO Provider","United States","North America","2025-06-03","2025-06-10","2025-06-10","Delivered","On-Time / Early","0","788624.75"
"1861","1972","2025-10-20","Pacific Aero Maintenance","MRO Provider","United States","North America","2025-10-26","2025-11-02","2025-11-02","Delivered","On-Time / Early","0","494133.37"
"1886","1999","2026-11-20","Pacific Aero Maintenance","MRO Provider","United States","North America","2026-11-28","2026-12-03",\N,"In Transit","Not Delivered",\N,"563657.46"
"1898","2011","2026-05-21","Pacific Aero Maintenance","MRO Provider","United States","North America","2026-05-24","2026-05-31","2026-05-29","Delivered","On-Time / Early","-2","95206.18"
"2025","2144","2026-02-05","Pacific Aero Maintenance","MRO Provider","United States","North America","2026-02-09","2026-02-15","2026-02-14","Delivered","On-Time / Early","-1","460578.94"
"2034","2153","2026-11-12","Pacific Aero Maintenance","MRO Provider","United States","North America","2026-11-15","2026-11-21","2026-11-19","Delivered","On-Time / Early","-2","968940.20"
"2043","2162","2026-08-06","Pacific Aero Maintenance","MRO Provider","United States","North America","2026-08-12","2026-08-17","2026-08-16","Delivered","On-Time / Early","-1","213313.65"
"2063","2184","2026-03-11","Pacific Aero Maintenance","MRO Provider","United States","North America","2026-03-20","2026-03-25","2026-03-25","Delivered","On-Time / Early","0","156596.00"
"2094","2216","2026-01-19","Pacific Aero Maintenance","MRO Provider","United States","North America","2026-01-22","2026-01-27","2026-01-27","Delivered","On-Time / Early","0","37312.01"
"2119","2245","2025-01-30","Pacific Aero Maintenance","MRO Provider","United States","North America","2025-02-06","2025-02-12","2025-02-11","Delivered","On-Time / Early","-1","229392.45"
"2165","2293","2026-07-05","Pacific Aero Maintenance","MRO Provider","United States","North America","2026-07-11","2026-07-18","2026-07-17","Delivered","On-Time / Early","-1","2063315.05"
"2171","2299","2026-10-31","Pacific Aero Maintenance","MRO Provider","United States","North America","2026-11-02","2026-11-06","2026-11-05","Delivered","On-Time / Early","-1","269448.08"
"2176","2304","2026-04-01","Pacific Aero Maintenance","MRO Provider","United States","North America","2026-04-10","2026-04-14","2026-04-13","Delivered","On-Time / Early","-1","1003482.28"
"2198","2326","2026-02-03","Pacific Aero Maintenance","MRO Provider","United States","North America","2026-02-11","2026-02-17","2026-02-15","Delivered","On-Time / Early","-2","183238.50"
"2209","2337","2025-04-06","Pacific Aero Maintenance","MRO Provider","United States","North America","2025-04-13","2025-04-16","2025-04-14","Delivered","On-Time / Early","-2","679994.94"
"2236","2365","2025-02-02","Pacific Aero Maintenance","MRO Provider","United States","North America","2025-02-07","2025-02-12","2025-02-22","Delivered","Late","10","291838.04"
"2241","2370","2025-05-10","Pacific Aero Maintenance","MRO Provider","United States","North America","2025-05-19","2025-05-26","2025-05-25","Delivered","On-Time / Early","-1","209671.28"
"2255","2386","2025-02-18","Pacific Aero Maintenance","MRO Provider","United States","North America","2025-02-24","2025-03-03","2025-03-03","Delivered","On-Time / Early","0","488691.15"
"2275","2406","2025-03-18","Pacific Aero Maintenance","MRO Provider","United States","North America","2025-03-21","2025-03-25","2025-03-25","Delivered","On-Time / Early","0","674243.00"
"2277","2408","2025-01-04","Pacific Aero Maintenance","MRO Provider","United States","North America","2025-01-08","2025-01-11","2025-01-09","Delivered","On-Time / Early","-2","289099.65"
"2293","2425","2026-02-09","Pacific Aero Maintenance","MRO Provider","United States","North America","2026-02-12","2026-02-17","2026-02-15","Delivered","On-Time / Early","-2","580610.23"
"2309","2442","2026-03-02","Pacific Aero Maintenance","MRO Provider","United States","North America","2026-03-04","2026-03-09","2026-03-08","Delivered","On-Time / Early","-1","1004164.60"
"2315","2448","2026-09-12","Pacific Aero Maintenance","MRO Provider","United States","North America","2026-09-15","2026-09-20","2026-09-20","Delivered","On-Time / Early","0","361309.14"
"2339","2474","2026-03-03","Pacific Aero Maintenance","MRO Provider","United States","North America","2026-03-06","2026-03-09","2026-03-08","Delivered","On-Time / Early","-1","2459852.34"
"2369","2508","2025-01-16","Pacific Aero Maintenance","MRO Provider","United States","North America","2025-01-22","2025-01-27","2025-02-03","Delivered","Late","7","114215.64"
"2371","2510","2025-10-30","Pacific Aero Maintenance","MRO Provider","United States","North America","2025-11-03","2025-11-07","2025-11-07","Delivered","On-Time / Early","0","168832.25"
"2388","2528","2026-04-27","Pacific Aero Maintenance","MRO Provider","United States","North America","2026-05-01","2026-05-06","2026-05-05","Delivered","On-Time / Early","-1","1393239.45"
"2392","2532","2026-10-13","Pacific Aero Maintenance","MRO Provider","United States","North America","2026-10-18","2026-10-24","2026-10-23","Delivered","On-Time / Early","-1","556038.92"
"2396","2536","2025-11-01","Pacific Aero Maintenance","MRO Provider","United States","North America","2025-11-05","2025-11-11","2025-11-12","Delivered","Late","1","301310.32"
"1566","1658","2026-10-06","Maple Aviation Services","MRO Provider","Canada","North America","2026-10-11","2026-10-17","2026-10-20","Delivered","Late","3","232171.58"
"1581","1673","2025-02-13","Maple Aviation Services","MRO Provider","Canada","North America","2025-02-17","2025-02-22","2025-02-21","Delivered","On-Time / Early","-1","689120.56"
"1593","1686","2026-06-11","Maple Aviation Services","MRO Provider","Canada","North America","2026-06-13","2026-06-19","2026-06-17","Delivered","On-Time / Early","-2","568716.05"
"1598","1691","2026-03-31","Maple Aviation Services","MRO Provider","Canada","North America","2026-04-03","2026-04-07","2026-04-07","Delivered","On-Time / Early","0","698621.15"
"1599","1692","2026-03-15","Maple Aviation Services","MRO Provider","Canada","North America","2026-03-21","2026-03-26","2026-03-26","Delivered","On-Time / Early","0","172170.84"
"1634","1731","2026-11-23","Maple Aviation Services","MRO Provider","Canada","North America","2026-11-29","2026-12-02","2026-12-01","Delivered","On-Time / Early","-1","993427.56"
"1636","1733","2026-03-23","Maple Aviation Services","MRO Provider","Canada","North America","2026-03-30","2026-04-06","2026-04-06","Delivered","On-Time / Early","0","1140595.55"
"1650","1747","2025-06-01","Maple Aviation Services","MRO Provider","Canada","North America","2025-06-10","2025-06-14","2025-06-13","Delivered","On-Time / Early","-1","464801.11"
"1655","1752","2025-01-29","Maple Aviation Services","MRO Provider","Canada","North America","2025-02-07","2025-02-13","2025-02-12","Delivered","On-Time / Early","-1","2406506.38"
"1657","1754","2025-02-07","Maple Aviation Services","MRO Provider","Canada","North America","2025-02-16","2025-02-19","2025-02-18","Delivered","On-Time / Early","-1","1050310.01"
"1662","1760","2025-05-24","Maple Aviation Services","MRO Provider","Canada","North America","2025-06-02","2025-06-06","2025-06-06","Delivered","On-Time / Early","0","2343914.25"
"1664","1762","2025-04-03","Maple Aviation Services","MRO Provider","Canada","North America","2025-04-11","2025-04-17","2025-04-15","Delivered","On-Time / Early","-2","224443.65"
"1667","1765","2025-06-29","Maple Aviation Services","MRO Provider","Canada","North America","2025-07-03","2025-07-06","2025-07-06","Delivered","On-Time / Early","0","991681.39"
"1673","1772","2026-11-19","Maple Aviation Services","MRO Provider","Canada","North America","2026-11-26","2026-12-02","2026-12-01","Delivered","On-Time / Early","-1","442247.33"
"1692","1792","2026-08-08","Maple Aviation Services","MRO Provider","Canada","North America","2026-08-15","2026-08-22","2026-08-21","Delivered","On-Time / Early","-1","671233.15"
"1694","1794","2026-04-19","Maple Aviation Services","MRO Provider","Canada","North America","2026-04-24","2026-04-27","2026-04-26","Delivered","On-Time / Early","-1","233442.30"
"1699","1799","2025-07-28","Maple Aviation Services","MRO Provider","Canada","North America","2025-08-05","2025-08-11","2025-08-09","Delivered","On-Time / Early","-2","292181.20"
"1701","1801","2026-09-07","Maple Aviation Services","MRO Provider","Canada","North America","2026-09-15","2026-09-20","2026-09-22","Delivered","Late","2","832301.83"
"1724","1826","2025-10-18","Maple Aviation Services","MRO Provider","Canada","North America","2025-10-21","2025-10-24","2025-10-27","Delivered","Late","3","1489452.29"
"1736","1839","2025-09-19","Maple Aviation Services","MRO Provider","Canada","North America","2025-09-27","2025-10-02","2025-10-01","Delivered","On-Time / Early","-1","442588.02"
"1827","1935","2026-08-20","Maple Aviation Services","MRO Provider","Canada","North America","2026-08-26","2026-09-02","2026-08-31","Delivered","On-Time / Early","-2","662479.63"
"1853","1964","2026-06-19","Maple Aviation Services","MRO Provider","Canada","North America","2026-06-29","2026-07-06","2026-07-05","Delivered","On-Time / Early","-1","1526076.99"
"1867","1978","2026-08-24","Maple Aviation Services","MRO Provider","Canada","North America","2026-09-02","2026-09-08","2026-09-07","Delivered","On-Time / Early","-1","269629.88"
"1878","1990","2026-10-10","Maple Aviation Services","MRO Provider","Canada","North America","2026-10-13","2026-10-19","2026-10-18","Delivered","On-Time / Early","-1","694053.68"
"1910","2024","2025-09-13","Maple Aviation Services","MRO Provider","Canada","North America","2025-09-20","2025-09-23","2025-09-22","Delivered","On-Time / Early","-1","499631.84"
"1924","2039","2026-08-25","Maple Aviation Services","MRO Provider","Canada","North America","2026-08-29","2026-09-05","2026-09-05","Delivered","On-Time / Early","0","856913.08"
"1933","2048","2025-02-28","Maple Aviation Services","MRO Provider","Canada","North America","2025-03-07","2025-03-12","2025-03-10","Delivered","On-Time / Early","-2","643622.07"
"1940","2055","2026-12-11","Maple Aviation Services","MRO Provider","Canada","North America","2026-12-13","2026-12-18","2026-12-17","Delivered","On-Time / Early","-1","591320.99"
"1942","2057","2026-01-20","Maple Aviation Services","MRO Provider","Canada","North America","2026-01-29","2026-02-01","2026-02-01","Delivered","On-Time / Early","0","813437.32"
"1946","2061","2025-01-31","Maple Aviation Services","MRO Provider","Canada","North America","2025-02-08","2025-02-11","2025-02-10","Delivered","On-Time / Early","-1","1150347.90"
"1948","2063","2025-09-09","Maple Aviation Services","MRO Provider","Canada","North America","2025-09-17","2025-09-22","2025-09-20","Delivered","On-Time / Early","-2","396831.18"
"1957","2072","2025-12-02","Maple Aviation Services","MRO Provider","Canada","North America","2025-12-10","2025-12-15","2025-12-15","Delivered","On-Time / Early","0","617683.74"
"1961","2076","2026-04-21","Maple Aviation Services","MRO Provider","Canada","North America","2026-04-27","2026-04-30","2026-04-28","Delivered","On-Time / Early","-2","975079.17"
"1964","2079","2025-08-01","Maple Aviation Services","MRO Provider","Canada","North America","2025-08-05","2025-08-11","2025-08-10","Delivered","On-Time / Early","-1","600567.75"
"1975","2090","2026-07-14","Maple Aviation Services","MRO Provider","Canada","North America","2026-07-18","2026-07-24","2026-07-30","Delivered","Late","6","262231.82"
"1981","2097","2025-08-22","Maple Aviation Services","MRO Provider","Canada","North America","2025-08-30","2025-09-02","2025-09-02","Delivered","On-Time / Early","0","397950.66"
"1988","2104","2025-12-14","Maple Aviation Services","MRO Provider","Canada","North America","2025-12-18","2025-12-24","2025-12-24","Delivered","On-Time / Early","0","722696.66"
"2012","2129","2026-11-06","Maple Aviation Services","MRO Provider","Canada","North America","2026-11-12","2026-11-16","2026-11-15","Delivered","On-Time / Early","-1","1049393.94"
"2031","2150","2025-09-02","Maple Aviation Services","MRO Provider","Canada","North America","2025-09-09","2025-09-14","2025-09-14","Delivered","On-Time / Early","0","911065.37"
"2033","2152","2025-03-06","Maple Aviation Services","MRO Provider","Canada","North America","2025-03-11","2025-03-18","2025-03-20","Delivered","Late","2","541007.94"
"2036","2155","2026-10-04","Maple Aviation Services","MRO Provider","Canada","North America","2026-10-08","2026-10-15",\N,"In Transit","Not Delivered",\N,"177982.30"
"2061","2182","2025-07-29","Maple Aviation Services","MRO Provider","Canada","North America","2025-07-31","2025-08-03","2025-08-03","Delivered","On-Time / Early","0","786778.61"
"2096","2218","2025-08-06","Maple Aviation Services","MRO Provider","Canada","North America","2025-08-14","2025-08-20","2025-08-20","Delivered","On-Time / Early","0","302653.33"
"2120","2246","2025-10-15","Maple Aviation Services","MRO Provider","Canada","North America","2025-10-22","2025-10-28","2025-10-29","Delivered","Late","1","815733.88"
"2149","2276","2025-05-29","Maple Aviation Services","MRO Provider","Canada","North America","2025-06-02","2025-06-05","2025-06-04","Delivered","On-Time / Early","-1","1704873.60"
"2156","2283","2026-02-18","Maple Aviation Services","MRO Provider","Canada","North America","2026-02-21","2026-02-24","2026-02-22","Delivered","On-Time / Early","-2","633904.29"
"2178","2306","2026-06-07","Maple Aviation Services","MRO Provider","Canada","North America","2026-06-12","2026-06-18","2026-06-18","Delivered","On-Time / Early","0","764775.78"
"2179","2307","2025-02-15","Maple Aviation Services","MRO Provider","Canada","North America","2025-02-24","2025-03-03","2025-03-01","Delivered","On-Time / Early","-2","876299.64"
"2214","2342","2026-09-24","Maple Aviation Services","MRO Provider","Canada","North America","2026-09-28","2026-10-04","2026-10-03","Delivered","On-Time / Early","-1","1424169.39"
"2234","2363","2026-12-28","Maple Aviation Services","MRO Provider","Canada","North America","2027-01-03","2027-01-06","2027-01-04","Delivered","On-Time / Early","-2","639271.39"
"2246","2376","2026-03-16","Maple Aviation Services","MRO Provider","Canada","North America","2026-03-18","2026-03-24","2026-03-22","Delivered","On-Time / Early","-2","180397.68"
"2256","2387","2025-11-26","Maple Aviation Services","MRO Provider","Canada","North America","2025-12-06","2025-12-10","2025-12-10","Delivered","On-Time / Early","0","998541.38"
"2262","2393","2025-10-10","Maple Aviation Services","MRO Provider","Canada","North America","2025-10-20","2025-10-25","2025-10-26","Delivered","Late","1","531468.75"
"2281","2412","2026-07-01","Maple Aviation Services","MRO Provider","Canada","North America","2026-07-07","2026-07-11","2026-07-10","Delivered","On-Time / Early","-1","467491.42"
"2316","2449","2026-09-07","Maple Aviation Services","MRO Provider","Canada","North America","2026-09-14","2026-09-18","2026-09-16","Delivered","On-Time / Early","-2","339735.30"
"2355","2491","2025-11-13","Maple Aviation Services","MRO Provider","Canada","North America","2025-11-22","2025-11-26","2025-11-25","Delivered","On-Time / Early","-1","1038963.97"
"2367","2506","2026-02-01","Maple Aviation Services","MRO Provider","Canada","North America","2026-02-04","2026-02-10","2026-02-10","Delivered","On-Time / Early","0","555121.73"
"2412","2552","2025-12-10","NorthAxis Aircraft Manufacturing","Aircraft Manufacturer","United States","North America","2025-12-12","2025-12-19","2025-12-17","Delivered","On-Time / Early","-2","1100720.95"
"2415","2556","2025-04-17","NorthAxis Aircraft Manufacturing","Aircraft Manufacturer","United States","North America","2025-04-24","2025-05-01","2025-05-01","Delivered","On-Time / Early","0","2672809.77"
"2416","2557","2026-02-26","NorthAxis Aircraft Manufacturing","Aircraft Manufacturer","United States","North America","2026-03-06","2026-03-11","2026-03-09","Delivered","On-Time / Early","-2","2175687.61"
"2417","2558","2026-07-12","NorthAxis Aircraft Manufacturing","Aircraft Manufacturer","United States","North America","2026-07-22","2026-07-28","2026-07-26","Delivered","On-Time / Early","-2","4797784.11"
"2421","2563","2026-02-10","NorthAxis Aircraft Manufacturing","Aircraft Manufacturer","United States","North America","2026-02-12","2026-02-17","2026-02-15","Delivered","On-Time / Early","-2","2196894.55"
"2424","2566","2026-03-01","NorthAxis Aircraft Manufacturing","Aircraft Manufacturer","United States","North America","2026-03-03","2026-03-09","2026-03-07","Delivered","On-Time / Early","-2","1191184.56"
"2435","2577","2025-06-06","NorthAxis Aircraft Manufacturing","Aircraft Manufacturer","United States","North America","2025-06-13","2025-06-16","2025-06-14","Delivered","On-Time / Early","-2","3073030.96"
"2440","2582","2026-11-07","NorthAxis Aircraft Manufacturing","Aircraft Manufacturer","United States","North America","2026-11-13","2026-11-16",\N,"In Transit","Not Delivered",\N,"3749974.33"
"2441","2583","2026-10-05","NorthAxis Aircraft Manufacturing","Aircraft Manufacturer","United States","North America","2026-10-14","2026-10-18",\N,"In Transit","Not Delivered",\N,"3012571.60"
"2446","2588","2026-10-03","NorthAxis Aircraft Manufacturing","Aircraft Manufacturer","United States","North America","2026-10-12","2026-10-15","2026-10-15","Delivered","On-Time / Early","0","3023596.96"
"2452","2595","2026-07-03","NorthAxis Aircraft Manufacturing","Aircraft Manufacturer","United States","North America","2026-07-10","2026-07-17","2026-07-16","Delivered","On-Time / Early","-1","1757373.82"
"2476","2620","2026-05-26","NorthAxis Aircraft Manufacturing","Aircraft Manufacturer","United States","North America","2026-05-28","2026-06-01","2026-05-31","Delivered","On-Time / Early","-1","2599888.26"
"2480","2624","2026-02-17","NorthAxis Aircraft Manufacturing","Aircraft Manufacturer","United States","North America","2026-02-24","2026-03-01","2026-03-01","Delivered","On-Time / Early","0","5061161.73"
"2487","2631","2026-09-25","NorthAxis Aircraft Manufacturing","Aircraft Manufacturer","United States","North America","2026-09-27","2026-10-03","2026-10-03","Delivered","On-Time / Early","0","5451365.24"
"2492","2636","2025-11-08","NorthAxis Aircraft Manufacturing","Aircraft Manufacturer","United States","North America","2025-11-10","2025-11-16","2025-11-17","Delivered","Late","1","892175.56"
"2507","2652","2025-07-12","NorthAxis Aircraft Manufacturing","Aircraft Manufacturer","United States","North America","2025-07-20","2025-07-26","2025-07-29","Delivered","Late","3","6498700.43"
"2512","2657","2026-07-18","NorthAxis Aircraft Manufacturing","Aircraft Manufacturer","United States","North America","2026-07-24","2026-07-28","2026-07-27","Delivered","On-Time / Early","-1","617270.45"
"2517","2662","2026-03-20","NorthAxis Aircraft Manufacturing","Aircraft Manufacturer","United States","North America","2026-03-24","2026-03-31","2026-03-29","Delivered","On-Time / Early","-2","2472687.14"
"2550","2697","2025-10-29","NorthAxis Aircraft Manufacturing","Aircraft Manufacturer","United States","North America","2025-11-08","2025-11-11","2025-11-10","Delivered","On-Time / Early","-1","4786180.87"
"2566","2715","2026-07-27","NorthAxis Aircraft Manufacturing","Aircraft Manufacturer","United States","North America","2026-08-01","2026-08-08","2026-08-08","Delivered","On-Time / Early","0","4709290.44"
"2574","2723","2025-03-04","NorthAxis Aircraft Manufacturing","Aircraft Manufacturer","United States","North America","2025-03-07","2025-03-10","2025-03-10","Delivered","On-Time / Early","0","1050923.12"
"2595","2745","2026-06-10","NorthAxis Aircraft Manufacturing","Aircraft Manufacturer","United States","North America","2026-06-16","2026-06-19","2026-06-17","Delivered","On-Time / Early","-2","4460009.45"
"2598","2748","2026-02-08","NorthAxis Aircraft Manufacturing","Aircraft Manufacturer","United States","North America","2026-02-18","2026-02-23","2026-02-23","Delivered","On-Time / Early","0","3582929.67"
"2602","2752","2026-02-18","NorthAxis Aircraft Manufacturing","Aircraft Manufacturer","United States","North America","2026-02-23","2026-02-27","2026-02-26","Delivered","On-Time / Early","-1","3588592.70"
"2604","2755","2025-08-31","NorthAxis Aircraft Manufacturing","Aircraft Manufacturer","United States","North America","2025-09-04","2025-09-11","2025-09-10","Delivered","On-Time / Early","-1","3291753.08"
"2620","2771","2026-08-06","NorthAxis Aircraft Manufacturing","Aircraft Manufacturer","United States","North America","2026-08-13","2026-08-16","2026-08-15","Delivered","On-Time / Early","-1","2644004.17"
"2622","2773","2025-12-05","NorthAxis Aircraft Manufacturing","Aircraft Manufacturer","United States","North America","2025-12-13","2025-12-20","2025-12-19","Delivered","On-Time / Early","-1","3796235.19"
"2634","2785","2025-04-17","NorthAxis Aircraft Manufacturing","Aircraft Manufacturer","United States","North America","2025-04-27","2025-05-03","2025-05-03","Delivered","On-Time / Early","0","3490432.39"
"2636","2787","2025-08-22","NorthAxis Aircraft Manufacturing","Aircraft Manufacturer","United States","North America","2025-09-01","2025-09-04","2025-09-03","Delivered","On-Time / Early","-1","2952628.72"
"2648","2800","2026-11-04","NorthAxis Aircraft Manufacturing","Aircraft Manufacturer","United States","North America","2026-11-11","2026-11-18",\N,"In Transit","Not Delivered",\N,"3303092.02"
"2657","2809","2025-05-26","NorthAxis Aircraft Manufacturing","Aircraft Manufacturer","United States","North America","2025-05-28","2025-06-01","2025-05-31","Delivered","On-Time / Early","-1","3655598.29"
"2660","2812","2025-03-28","NorthAxis Aircraft Manufacturing","Aircraft Manufacturer","United States","North America","2025-04-03","2025-04-08","2025-04-07","Delivered","On-Time / Early","-1","3673757.78"
"2663","2815","2026-06-30","NorthAxis Aircraft Manufacturing","Aircraft Manufacturer","United States","North America","2026-07-04","2026-07-07","2026-07-06","Delivered","On-Time / Early","-1","4112214.02"
"2671","2825","2026-02-09","NorthAxis Aircraft Manufacturing","Aircraft Manufacturer","United States","North America","2026-02-12","2026-02-16","2026-02-16","Delivered","On-Time / Early","0","1699409.42"
"2673","2827","2026-09-15","NorthAxis Aircraft Manufacturing","Aircraft Manufacturer","United States","North America","2026-09-17","2026-09-23","2026-09-22","Delivered","On-Time / Early","-1","3225291.79"
"2693","2848","2026-08-29","NorthAxis Aircraft Manufacturing","Aircraft Manufacturer","United States","North America","2026-09-07","2026-09-14","2026-09-14","Delivered","On-Time / Early","0","1984585.35"
"2717","2875","2025-02-16","NorthAxis Aircraft Manufacturing","Aircraft Manufacturer","United States","North America","2025-02-26","2025-03-02","2025-03-01","Delivered","On-Time / Early","-1","1111908.10"
"2745","2904","2026-10-04","NorthAxis Aircraft Manufacturing","Aircraft Manufacturer","United States","North America","2026-10-13","2026-10-16","2026-10-15","Delivered","On-Time / Early","-1","3315389.44"
"2749","2909","2025-08-08","NorthAxis Aircraft Manufacturing","Aircraft Manufacturer","United States","North America","2025-08-14","2025-08-18","2025-08-18","Delivered","On-Time / Early","0","1926901.05"
"2769","2930","2026-07-21","NorthAxis Aircraft Manufacturing","Aircraft Manufacturer","United States","North America","2026-07-30","2026-08-03","2026-08-01","Delivered","On-Time / Early","-2","2510167.98"
"2775","2936","2026-05-12","NorthAxis Aircraft Manufacturing","Aircraft Manufacturer","United States","North America","2026-05-22","2026-05-28","2026-05-26","Delivered","On-Time / Early","-2","5364479.30"
"2779","2940","2025-03-20","NorthAxis Aircraft Manufacturing","Aircraft Manufacturer","United States","North America","2025-03-25","2025-04-01","2025-03-31","Delivered","On-Time / Early","-1","2602675.77"
"2780","2941","2026-03-02","NorthAxis Aircraft Manufacturing","Aircraft Manufacturer","United States","North America","2026-03-12","2026-03-19","2026-03-17","Delivered","On-Time / Early","-2","1423456.24"
"2796","2958","2025-06-04","NorthAxis Aircraft Manufacturing","Aircraft Manufacturer","United States","North America","2025-06-09","2025-06-16","2025-06-14","Delivered","On-Time / Early","-2","4476154.69"
"2814","2976","2025-12-05","NorthAxis Aircraft Manufacturing","Aircraft Manufacturer","United States","North America","2025-12-07","2025-12-14","2025-12-12","Delivered","On-Time / Early","-2","3976697.12"
"2815","2977","2025-06-10","NorthAxis Aircraft Manufacturing","Aircraft Manufacturer","United States","North America","2025-06-20","2025-06-26","2025-06-24","Delivered","On-Time / Early","-2","3888877.92"
"2820","2982","2025-06-06","NorthAxis Aircraft Manufacturing","Aircraft Manufacturer","United States","North America","2025-06-13","2025-06-18","2025-06-17","Delivered","On-Time / Early","-1","5725742.00"
"2834","2996","2025-07-02","NorthAxis Aircraft Manufacturing","Aircraft Manufacturer","United States","North America","2025-07-05","2025-07-10","2025-07-09","Delivered","On-Time / Early","-1","4111443.43"
"2413","2553","2026-01-18","Pacific AeroWorks","Aircraft Manufacturer","United States","North America","2026-01-20","2026-01-27","2026-01-27","Delivered","On-Time / Early","0","5530085.12"
"2427","2569","2026-02-05","Pacific AeroWorks","Aircraft Manufacturer","United States","North America","2026-02-15","2026-02-21","2026-02-24","Delivered","Late","3","2992273.03"
"2459","2602","2025-09-14","Pacific AeroWorks","Aircraft Manufacturer","United States","North America","2025-09-24","2025-09-27","2025-09-27","Delivered","On-Time / Early","0","3005911.92"
"2463","2607","2026-03-16","Pacific AeroWorks","Aircraft Manufacturer","United States","North America","2026-03-19","2026-03-23","2026-03-21","Delivered","On-Time / Early","-2","2657540.12"
"2467","2611","2025-04-28","Pacific AeroWorks","Aircraft Manufacturer","United States","North America","2025-05-01","2025-05-04","2025-05-03","Delivered","On-Time / Early","-1","2487668.03"
"2475","2619","2025-11-24","Pacific AeroWorks","Aircraft Manufacturer","United States","North America","2025-11-28","2025-12-01","2025-11-30","Delivered","On-Time / Early","-1","2145064.89"
"2488","2632","2025-01-11","Pacific AeroWorks","Aircraft Manufacturer","United States","North America","2025-01-15","2025-01-18","2025-01-16","Delivered","On-Time / Early","-2","846524.05"
"2496","2640","2026-11-16","Pacific AeroWorks","Aircraft Manufacturer","United States","North America","2026-11-20","2026-11-27","2026-11-25","Delivered","On-Time / Early","-2","1945895.22"
"2504","2649","2026-11-03","Pacific AeroWorks","Aircraft Manufacturer","United States","North America","2026-11-09","2026-11-13","2026-11-11","Delivered","On-Time / Early","-2","4315068.36"
"2510","2655","2026-04-17","Pacific AeroWorks","Aircraft Manufacturer","United States","North America","2026-04-23","2026-04-26","2026-04-24","Delivered","On-Time / Early","-2","1244028.00"
"2515","2660","2026-03-09","Pacific AeroWorks","Aircraft Manufacturer","United States","North America","2026-03-15","2026-03-20","2026-03-20","Delivered","On-Time / Early","0","3692805.67"
"2526","2672","2025-06-20","Pacific AeroWorks","Aircraft Manufacturer","United States","North America","2025-06-30","2025-07-03","2025-07-03","Delivered","On-Time / Early","0","2192152.09"
"2542","2689","2026-06-24","Pacific AeroWorks","Aircraft Manufacturer","United States","North America","2026-06-28","2026-07-04","2026-07-03","Delivered","On-Time / Early","-1","1761790.47"
"2549","2696","2026-11-12","Pacific AeroWorks","Aircraft Manufacturer","United States","North America","2026-11-18","2026-11-22","2026-11-22","Delivered","On-Time / Early","0","4312026.64"
"2551","2698","2026-08-31","Pacific AeroWorks","Aircraft Manufacturer","United States","North America","2026-09-04","2026-09-11","2026-09-10","Delivered","On-Time / Early","-1","1598675.09"
"2554","2702","2025-10-05","Pacific AeroWorks","Aircraft Manufacturer","United States","North America","2025-10-11","2025-10-17","2025-10-17","Delivered","On-Time / Early","0","4665226.37"
"2570","2719","2026-02-07","Pacific AeroWorks","Aircraft Manufacturer","United States","North America","2026-02-14","2026-02-20","2026-02-19","Delivered","On-Time / Early","-1","4893569.87"
"2576","2725","2026-05-23","Pacific AeroWorks","Aircraft Manufacturer","United States","North America","2026-06-02","2026-06-06","2026-06-05","Delivered","On-Time / Early","-1","1134946.01"
"2579","2728","2025-01-01","Pacific AeroWorks","Aircraft Manufacturer","United States","North America","2025-01-10","2025-01-17","2025-01-16","Delivered","On-Time / Early","-1","4170680.57"
"2585","2734","2025-01-23","Pacific AeroWorks","Aircraft Manufacturer","United States","North America","2025-01-28","2025-02-01","2025-01-31","Delivered","On-Time / Early","-1","2405133.33"
"2589","2739","2026-03-12","Pacific AeroWorks","Aircraft Manufacturer","United States","North America","2026-03-21","2026-03-27","2026-03-26","Delivered","On-Time / Early","-1","3818322.43"
"2610","2761","2025-07-24","Pacific AeroWorks","Aircraft Manufacturer","United States","North America","2025-07-30","2025-08-04","2025-08-03","Delivered","On-Time / Early","-1","2362346.55"
"2640","2791","2026-07-17","Pacific AeroWorks","Aircraft Manufacturer","United States","North America","2026-07-21","2026-07-26","2026-07-26","Delivered","On-Time / Early","0","3135401.42"
"2646","2797","2026-03-26","Pacific AeroWorks","Aircraft Manufacturer","United States","North America","2026-03-31","2026-04-05","2026-04-03","Delivered","On-Time / Early","-2","4509790.75"
"2656","2808","2026-07-21","Pacific AeroWorks","Aircraft Manufacturer","United States","North America","2026-07-26","2026-07-31","2026-07-30","Delivered","On-Time / Early","-1","3119145.32"
"2662","2814","2025-08-18","Pacific AeroWorks","Aircraft Manufacturer","United States","North America","2025-08-28","2025-09-03","2025-09-01","Delivered","On-Time / Early","-2","533628.66"
"2680","2834","2026-05-22","Pacific AeroWorks","Aircraft Manufacturer","United States","North America","2026-05-27","2026-06-03","2026-06-03","Delivered","On-Time / Early","0","4878966.30"
"2682","2836","2025-02-09","Pacific AeroWorks","Aircraft Manufacturer","United States","North America","2025-02-11","2025-02-14","2025-02-13","Delivered","On-Time / Early","-1","4614705.71"
"2689","2844","2025-10-17","Pacific AeroWorks","Aircraft Manufacturer","United States","North America","2025-10-23","2025-10-29","2025-10-27","Delivered","On-Time / Early","-2","4851130.08"
"2709","2864","2026-11-13","Pacific AeroWorks","Aircraft Manufacturer","United States","North America","2026-11-21","2026-11-24","2026-11-27","Delivered","Late","3","4728183.01"
"2716","2872","2025-12-29","Pacific AeroWorks","Aircraft Manufacturer","United States","North America","2026-01-03","2026-01-06","2026-01-06","Delivered","On-Time / Early","0","3381459.50"
"2728","2887","2025-10-19","Pacific AeroWorks","Aircraft Manufacturer","United States","North America","2025-10-28","2025-11-03","2025-11-01","Delivered","On-Time / Early","-2","2668852.97"
"2744","2903","2025-11-22","Pacific AeroWorks","Aircraft Manufacturer","United States","North America","2025-11-25","2025-12-01","2025-11-29","Delivered","On-Time / Early","-2","4375897.45"
"2746","2905","2025-09-09","Pacific AeroWorks","Aircraft Manufacturer","United States","North America","2025-09-11","2025-09-14","2025-09-12","Delivered","On-Time / Early","-2","5435955.19"
"2782","2943","2026-02-05","Pacific AeroWorks","Aircraft Manufacturer","United States","North America","2026-02-14","2026-02-18","2026-02-16","Delivered","On-Time / Early","-2","3847578.98"
"2802","2964","2025-01-14","Pacific AeroWorks","Aircraft Manufacturer","United States","North America","2025-01-16","2025-01-20","2025-01-19","Delivered","On-Time / Early","-1","5641677.72"
"2810","2972","2025-05-19","Pacific AeroWorks","Aircraft Manufacturer","United States","North America","2025-05-23","2025-05-29","2025-05-27","Delivered","On-Time / Early","-2","2146591.33"
"2813","2975","2025-07-12","Pacific AeroWorks","Aircraft Manufacturer","United States","North America","2025-07-19","2025-07-26","2025-07-26","Delivered","On-Time / Early","0","2084333.25"
"2825","2987","2026-09-22","Pacific AeroWorks","Aircraft Manufacturer","United States","North America","2026-09-25","2026-09-30","2026-10-01","Delivered","Late","1","1646688.05"
"2489","2633","2026-03-23","Maple Aerospace Industries","Aircraft Manufacturer","Canada","North America","2026-03-31","2026-04-06","2026-04-04","Delivered","On-Time / Early","-2","3577311.27"
"2498","2642","2026-05-10","Maple Aerospace Industries","Aircraft Manufacturer","Canada","North America","2026-05-12","2026-05-17","2026-05-16","Delivered","On-Time / Early","-1","3721702.05"
"2501","2646","2026-11-18","Maple Aerospace Industries","Aircraft Manufacturer","Canada","North America","2026-11-28","2026-12-03","2026-12-02","Delivered","On-Time / Early","-1","2773766.59"
"2505","2650","2025-05-14","Maple Aerospace Industries","Aircraft Manufacturer","Canada","North America","2025-05-19","2025-05-23","2025-05-22","Delivered","On-Time / Early","-1","2431624.33"
"2518","2663","2025-04-24","Maple Aerospace Industries","Aircraft Manufacturer","Canada","North America","2025-05-02","2025-05-07","2025-05-05","Delivered","On-Time / Early","-2","3202374.69"
"2520","2665","2025-10-10","Maple Aerospace Industries","Aircraft Manufacturer","Canada","North America","2025-10-14","2025-10-17","2025-10-31","Delivered","Late","14","1655631.20"
"2525","2671","2026-12-06","Maple Aerospace Industries","Aircraft Manufacturer","Canada","North America","2026-12-09","2026-12-14",\N,"In Transit","Not Delivered",\N,"1222023.43"
"2539","2685","2025-02-01","Maple Aerospace Industries","Aircraft Manufacturer","Canada","North America","2025-02-07","2025-02-11","2025-02-10","Delivered","On-Time / Early","-1","5100303.75"
"2580","2729","2025-09-11","Maple Aerospace Industries","Aircraft Manufacturer","Canada","North America","2025-09-14","2025-09-18","2025-09-16","Delivered","On-Time / Early","-2","3029769.81"
"2594","2744","2026-05-31","Maple Aerospace Industries","Aircraft Manufacturer","Canada","North America","2026-06-08","2026-06-15","2026-06-14","Delivered","On-Time / Early","-1","1053180.70"
"2603","2753","2025-06-12","Maple Aerospace Industries","Aircraft Manufacturer","Canada","North America","2025-06-15","2025-06-22","2025-06-22","Delivered","On-Time / Early","0","2903208.57"
"2611","2762","2025-10-20","Maple Aerospace Industries","Aircraft Manufacturer","Canada","North America","2025-10-29","2025-11-04","2025-11-06","Delivered","Late","2","4253260.53"
"2628","2779","2025-09-25","Maple Aerospace Industries","Aircraft Manufacturer","Canada","North America","2025-09-27","2025-09-30","2025-09-30","Delivered","On-Time / Early","0","2001160.36"
"2702","2857","2025-12-03","Maple Aerospace Industries","Aircraft Manufacturer","Canada","North America","2025-12-11","2025-12-16","2025-12-16","Delivered","On-Time / Early","0","5301859.53"
"2707","2862","2026-03-05","Maple Aerospace Industries","Aircraft Manufacturer","Canada","North America","2026-03-11","2026-03-18","2026-03-17","Delivered","On-Time / Early","-1","1450698.42"
"2729","2888","2026-03-26","Maple Aerospace Industries","Aircraft Manufacturer","Canada","North America","2026-04-01","2026-04-05","2026-04-06","Delivered","Late","1","3722395.42"
"2750","2910","2026-09-18","Maple Aerospace Industries","Aircraft Manufacturer","Canada","North America","2026-09-23","2026-09-30","2026-09-28","Delivered","On-Time / Early","-2","2738133.37"
"2786","2947","2025-04-06","Maple Aerospace Industries","Aircraft Manufacturer","Canada","North America","2025-04-11","2025-04-17","2025-04-16","Delivered","On-Time / Early","-1","2885742.45"
"2799","2961","2026-10-30","Maple Aerospace Industries","Aircraft Manufacturer","Canada","North America","2026-11-04","2026-11-08","2026-11-08","Delivered","On-Time / Early","0","4282203.94"
"30","33","2025-10-31","EuroSky Airlines","Airline","Germany","Europe","2025-11-07","2025-11-11","2025-11-11","Delivered","On-Time / Early","0","67589.61"
"47","50","2026-09-12","EuroSky Airlines","Airline","Germany","Europe","2026-09-14","2026-09-18","2026-10-01","Delivered","Late","13","165708.60"
"159","167","2026-07-12","EuroSky Airlines","Airline","Germany","Europe","2026-07-18","2026-07-23","2026-07-23","Delivered","On-Time / Early","0","306323.94"
"227","242","2026-09-17","EuroSky Airlines","Airline","Germany","Europe","2026-09-24","2026-09-27","2026-09-30","Delivered","Late","3","581329.20"
"387","408","2026-06-05","EuroSky Airlines","Airline","Germany","Europe","2026-06-13","2026-06-18","2026-06-21","Delivered","Late","3","305144.29"
"504","534","2026-06-18","EuroSky Airlines","Airline","Germany","Europe","2026-06-28","2026-07-05","2026-07-04","Delivered","On-Time / Early","-1","89291.82"
"757","807","2026-09-19","EuroSky Airlines","Airline","Germany","Europe","2026-09-22","2026-09-27","2026-09-26","Delivered","On-Time / Early","-1","483089.99"
"761","811","2025-09-29","EuroSky Airlines","Airline","Germany","Europe","2025-10-04","2025-10-08","2025-10-15","Delivered","Late","7","864628.05"
"784","836","2026-08-27","EuroSky Airlines","Airline","Germany","Europe","2026-08-30","2026-09-02","2026-08-31","Delivered","On-Time / Early","-2","348941.25"
"1016","1086","2025-06-24","EuroSky Airlines","Airline","Germany","Europe","2025-07-01","2025-07-06","2025-07-04","Delivered","On-Time / Early","-2","109102.23"
"1044","1114","2025-09-27","EuroSky Airlines","Airline","Germany","Europe","2025-10-02","2025-10-08","2025-10-08","Delivered","On-Time / Early","0","71841.84"
"1069","1140","2025-07-31","EuroSky Airlines","Airline","Germany","Europe","2025-08-02","2025-08-07","2025-08-06","Delivered","On-Time / Early","-1","388060.94"
"1089","1162","2025-03-03","EuroSky Airlines","Airline","Germany","Europe","2025-03-13","2025-03-17","2025-03-17","Delivered","On-Time / Early","0","93095.00"
"1099","1173","2025-12-18","EuroSky Airlines","Airline","Germany","Europe","2025-12-21","2025-12-27","2026-01-01","Delivered","Late","5","98809.66"
"1141","1217","2026-11-14","EuroSky Airlines","Airline","Germany","Europe","2026-11-22","2026-11-26","2026-11-26","Delivered","On-Time / Early","0","185173.70"
"1312","1393","2025-11-06","EuroSky Airlines","Airline","Germany","Europe","2025-11-09","2025-11-12","2025-11-15","Delivered","Late","3","136906.23"
"1544","1636","2025-03-31","EuroSky Airlines","Airline","Germany","Europe","2025-04-04","2025-04-07","2025-04-07","Delivered","On-Time / Early","0","452820.79"
"8","9","2025-11-11","Alpine Airways","Airline","Germany","Europe","2025-11-20","2025-11-26","2025-11-26","Delivered","On-Time / Early","0","70315.07"
"93","99","2025-06-04","Alpine Airways","Airline","Germany","Europe","2025-06-09","2025-06-16","2025-06-14","Delivered","On-Time / Early","-2","216513.12"
"141","148","2025-10-31","Alpine Airways","Airline","Germany","Europe","2025-11-07","2025-11-11","2025-11-17","Delivered","Late","6","38904.76"
"154","162","2025-06-10","Alpine Airways","Airline","Germany","Europe","2025-06-18","2025-06-21","2025-06-19","Delivered","On-Time / Early","-2","338994.30"
"189","200","2026-12-16","Alpine Airways","Airline","Germany","Europe","2026-12-22","2026-12-25","2026-12-26","Delivered","Late","1","220619.23"
"239","255","2025-12-08","Alpine Airways","Airline","Germany","Europe","2025-12-15","2025-12-18","2025-12-18","Delivered","On-Time / Early","0","304256.83"
"349","368","2026-08-12","Alpine Airways","Airline","Germany","Europe","2026-08-18","2026-08-25","2026-08-23","Delivered","On-Time / Early","-2","37411.82"
"374","395","2025-03-10","Alpine Airways","Airline","Germany","Europe","2025-03-20","2025-03-26","2025-03-24","Delivered","On-Time / Early","-2","18217.36"
"435","459","2026-11-29","Alpine Airways","Airline","Germany","Europe","2026-12-02","2026-12-07",\N,"In Transit","Not Delivered",\N,"97966.86"
"499","528","2025-01-17","Alpine Airways","Airline","Germany","Europe","2025-01-25","2025-01-31","2025-01-29","Delivered","On-Time / Early","-2","315432.42"
"552","584","2026-08-01","Alpine Airways","Airline","Germany","Europe","2026-08-03","2026-08-06","2026-08-05","Delivered","On-Time / Early","-1","250049.84"
"555","587","2026-03-24","Alpine Airways","Airline","Germany","Europe","2026-04-02","2026-04-05","2026-04-03","Delivered","On-Time / Early","-2","190681.96"
"601","637","2026-04-19","Alpine Airways","Airline","Germany","Europe","2026-04-25","2026-04-29","2026-04-27","Delivered","On-Time / Early","-2","44212.53"
"620","658","2025-10-09","Alpine Airways","Airline","Germany","Europe","2025-10-11","2025-10-17","2025-10-15","Delivered","On-Time / Early","-2","206728.64"
"718","764","2026-12-30","Alpine Airways","Airline","Germany","Europe","2027-01-08","2027-01-14","2027-01-14","Delivered","On-Time / Early","0","781200.75"
"774","824","2025-11-01","Alpine Airways","Airline","Germany","Europe","2025-11-06","2025-11-12","2025-11-12","Delivered","On-Time / Early","0","274185.83"
"996","1065","2026-05-15","Alpine Airways","Airline","Germany","Europe","2026-05-21","2026-05-27","2026-05-27","Delivered","On-Time / Early","0","334664.04"
"1055","1125","2025-10-11","Alpine Airways","Airline","Germany","Europe","2025-10-13","2025-10-16","2025-10-15","Delivered","On-Time / Early","-1","227755.57"
"1068","1139","2025-07-24","Alpine Airways","Airline","Germany","Europe","2025-07-26","2025-07-29","2025-07-28","Delivered","On-Time / Early","-1","234033.76"
"1120","1195","2026-09-04","Alpine Airways","Airline","Germany","Europe","2026-09-11","2026-09-15","2026-09-13","Delivered","On-Time / Early","-2","82914.70"
"1276","1354","2026-05-21","Alpine Airways","Airline","Germany","Europe","2026-05-30","2026-06-05","2026-06-05","Delivered","On-Time / Early","0","265900.65"
"1278","1356","2025-01-07","Alpine Airways","Airline","Germany","Europe","2025-01-16","2025-01-22","2025-01-22","Delivered","On-Time / Early","0","59720.04"
"1474","1561","2025-11-30","Alpine Airways","Airline","Germany","Europe","2025-12-08","2025-12-15","2025-12-15","Delivered","On-Time / Early","0","351102.17"
"1504","1593","2025-12-09","Alpine Airways","Airline","Germany","Europe","2025-12-17","2025-12-23","2025-12-21","Delivered","On-Time / Early","-2","267483.40"
"1554","1646","2026-04-20","Alpine Airways","Airline","Germany","Europe","2026-04-24","2026-04-30","2026-04-29","Delivered","On-Time / Early","-1","963780.57"
"35","38","2026-08-07","Atlantic Europa Airlines","Airline","France","Europe","2026-08-09","2026-08-16","2026-08-16","Delivered","On-Time / Early","0","124046.20"
"107","113","2026-03-08","Atlantic Europa Airlines","Airline","France","Europe","2026-03-11","2026-03-15","2026-03-14","Delivered","On-Time / Early","-1","364542.51"
"125","131","2026-08-30","Atlantic Europa Airlines","Airline","France","Europe","2026-09-04","2026-09-10","2026-09-10","Delivered","On-Time / Early","0","457291.38"
"146","153","2025-02-22","Atlantic Europa Airlines","Airline","France","Europe","2025-03-01","2025-03-07","2025-03-06","Delivered","On-Time / Early","-1","406017.36"
"185","196","2026-06-04","Atlantic Europa Airlines","Airline","France","Europe","2026-06-10","2026-06-14","2026-06-12","Delivered","On-Time / Early","-2","429923.96"
"205","218","2026-10-16","Atlantic Europa Airlines","Airline","France","Europe","2026-10-26","2026-11-01","2026-11-08","Delivered","Late","7","365915.84"
"293","310","2025-04-19","Atlantic Europa Airlines","Airline","France","Europe","2025-04-22","2025-04-29","2025-04-28","Delivered","On-Time / Early","-1","38020.74"
"346","365","2025-10-23","Atlantic Europa Airlines","Airline","France","Europe","2025-10-25","2025-10-28","2025-10-27","Delivered","On-Time / Early","-1","348126.90"
"363","383","2025-12-06","Atlantic Europa Airlines","Airline","France","Europe","2025-12-14","2025-12-17","2025-12-16","Delivered","On-Time / Early","-1","368774.10"
"366","386","2026-06-16","Atlantic Europa Airlines","Airline","France","Europe","2026-06-18","2026-06-24","2026-06-24","Delivered","On-Time / Early","0","267015.11"
"380","401","2025-05-01","Atlantic Europa Airlines","Airline","France","Europe","2025-05-06","2025-05-10","2025-05-09","Delivered","On-Time / Early","-1","231372.24"
"411","435","2026-03-05","Atlantic Europa Airlines","Airline","France","Europe","2026-03-08","2026-03-11","2026-03-10","Delivered","On-Time / Early","-1","343751.69"
"449","475","2026-07-06","Atlantic Europa Airlines","Airline","France","Europe","2026-07-11","2026-07-15","2026-07-14","Delivered","On-Time / Early","-1","278272.77"
"486","514","2026-02-10","Atlantic Europa Airlines","Airline","France","Europe","2026-02-17","2026-02-21","2026-02-20","Delivered","On-Time / Early","-1","127903.98"
"539","571","2026-06-24","Atlantic Europa Airlines","Airline","France","Europe","2026-07-01","2026-07-08","2026-07-07","Delivered","On-Time / Early","-1","437280.52"
"570","603","2025-11-05","Atlantic Europa Airlines","Airline","France","Europe","2025-11-09","2025-11-12","2025-11-10","Delivered","On-Time / Early","-2","422973.66"
"607","643","2025-04-27","Atlantic Europa Airlines","Airline","France","Europe","2025-05-07","2025-05-11","2025-05-11","Delivered","On-Time / Early","0","73635.83"
"664","706","2025-05-24","Atlantic Europa Airlines","Airline","France","Europe","2025-05-30","2025-06-05","2025-06-06","Delivered","Late","1","352078.71"
"668","711","2025-04-26","Atlantic Europa Airlines","Airline","France","Europe","2025-05-01","2025-05-04","2025-05-02","Delivered","On-Time / Early","-2","494922.23"
"685","730","2025-03-07","Atlantic Europa Airlines","Airline","France","Europe","2025-03-10","2025-03-16","2025-03-19","Delivered","Late","3","687164.91"
"697","743","2026-09-30","Atlantic Europa Airlines","Airline","France","Europe","2026-10-10","2026-10-16","2026-10-16","Delivered","On-Time / Early","0","351898.80"
"735","781","2026-06-23","Atlantic Europa Airlines","Airline","France","Europe","2026-06-27","2026-07-02","2026-07-02","Delivered","On-Time / Early","0","513599.57"
"738","784","2026-02-02","Atlantic Europa Airlines","Airline","France","Europe","2026-02-08","2026-02-12","2026-02-12","Delivered","On-Time / Early","0","537206.50"
"740","787","2025-04-13","Atlantic Europa Airlines","Airline","France","Europe","2025-04-17","2025-04-24","2025-04-23","Delivered","On-Time / Early","-1","355662.72"
"767","817","2025-11-23","Atlantic Europa Airlines","Airline","France","Europe","2025-12-01","2025-12-08","2025-12-08","Delivered","On-Time / Early","0","240402.86"
"829","885","2025-10-30","Atlantic Europa Airlines","Airline","France","Europe","2025-11-02","2025-11-07","2025-11-05","Delivered","On-Time / Early","-2","234115.78"
"860","917","2026-10-18","Atlantic Europa Airlines","Airline","France","Europe","2026-10-20","2026-10-24","2026-10-23","Delivered","On-Time / Early","-1","450690.08"
"985","1054","2025-07-21","Atlantic Europa Airlines","Airline","France","Europe","2025-07-27","2025-08-02","2025-08-02","Delivered","On-Time / Early","0","167877.14"
"1018","1088","2026-06-08","Atlantic Europa Airlines","Airline","France","Europe","2026-06-15","2026-06-21","2026-06-19","Delivered","On-Time / Early","-2","501737.01"
"1064","1135","2025-09-27","Atlantic Europa Airlines","Airline","France","Europe","2025-10-02","2025-10-08","2025-10-11","Delivered","Late","3","98669.68"
"1082","1155","2026-02-15","Atlantic Europa Airlines","Airline","France","Europe","2026-02-17","2026-02-23","2026-02-23","Delivered","On-Time / Early","0","183860.86"
"1100","1174","2026-12-29","Atlantic Europa Airlines","Airline","France","Europe","2027-01-05","2027-01-09","2027-01-09","Delivered","On-Time / Early","0","93292.87"
"1116","1191","2026-02-27","Atlantic Europa Airlines","Airline","France","Europe","2026-03-08","2026-03-11","2026-03-11","Delivered","On-Time / Early","0","205044.76"
"1136","1212","2026-03-30","Atlantic Europa Airlines","Airline","France","Europe","2026-04-05","2026-04-12","2026-04-10","Delivered","On-Time / Early","-2","37229.97"
"1174","1250","2026-11-04","Atlantic Europa Airlines","Airline","France","Europe","2026-11-13","2026-11-16",\N,"In Transit","Not Delivered",\N,"285826.82"
"1190","1266","2026-08-20","Atlantic Europa Airlines","Airline","France","Europe","2026-08-25","2026-08-28","2026-08-28","Delivered","On-Time / Early","0","51999.31"
"1207","1283","2026-06-21","Atlantic Europa Airlines","Airline","France","Europe","2026-06-25","2026-06-29","2026-07-02","Delivered","Late","3","356359.50"
"1388","1472","2025-10-12","Atlantic Europa Airlines","Airline","France","Europe","2025-10-16","2025-10-20","2025-10-18","Delivered","On-Time / Early","-2","474243.86"
"1391","1475","2025-06-29","Atlantic Europa Airlines","Airline","France","Europe","2025-07-02","2025-07-07","2025-07-07","Delivered","On-Time / Early","0","403998.72"
"1404","1488","2025-04-11","Atlantic Europa Airlines","Airline","France","Europe","2025-04-18","2025-04-21","2025-04-21","Delivered","On-Time / Early","0","25687.50"
"1409","1493","2025-10-18","Atlantic Europa Airlines","Airline","France","Europe","2025-10-27","2025-11-01","2025-10-30","Delivered","On-Time / Early","-2","380203.62"
"1468","1555","2026-03-22","Atlantic Europa Airlines","Airline","France","Europe","2026-03-29","2026-04-03","2026-04-01","Delivered","On-Time / Early","-2","132459.42"
"1485","1573","2025-09-10","Atlantic Europa Airlines","Airline","France","Europe","2025-09-16","2025-09-21","2025-09-21","Delivered","On-Time / Early","0","164561.16"
"1527","1617","2026-03-28","Atlantic Europa Airlines","Airline","France","Europe","2026-03-31","2026-04-06","2026-04-04","Delivered","On-Time / Early","-2","38135.52"
"59","64","2025-09-12","Iberia Horizon Air","Airline","Spain","Europe","2025-09-16","2025-09-22","2025-09-21","Delivered","On-Time / Early","-1","282641.52"
"92","98","2025-12-10","Iberia Horizon Air","Airline","Spain","Europe","2025-12-16","2025-12-20","2025-12-19","Delivered","On-Time / Early","-1","392833.53"
"126","132","2025-03-30","Iberia Horizon Air","Airline","Spain","Europe","2025-04-02","2025-04-08","2025-04-08","Delivered","On-Time / Early","0","18760.80"
"134","140","2025-04-06","Iberia Horizon Air","Airline","Spain","Europe","2025-04-08","2025-04-11","2025-04-11","Delivered","On-Time / Early","0","83275.61"
"170","179","2025-12-08","Iberia Horizon Air","Airline","Spain","Europe","2025-12-17","2025-12-20","2025-12-18","Delivered","On-Time / Early","-2","501117.97"
"200","213","2026-12-12","Iberia Horizon Air","Airline","Spain","Europe","2026-12-17","2026-12-23","2026-12-22","Delivered","On-Time / Early","-1","558439.18"
"201","214","2025-02-27","Iberia Horizon Air","Airline","Spain","Europe","2025-03-06","2025-03-13","2025-03-11","Delivered","On-Time / Early","-2","202821.05"
"279","295","2025-03-25","Iberia Horizon Air","Airline","Spain","Europe","2025-04-03","2025-04-06","2025-04-04","Delivered","On-Time / Early","-2","296121.90"
"290","307","2026-03-04","Iberia Horizon Air","Airline","Spain","Europe","2026-03-12","2026-03-17","2026-03-17","Delivered","On-Time / Early","0","266659.85"
"337","355","2025-06-14","Iberia Horizon Air","Airline","Spain","Europe","2025-06-24","2025-06-30","2025-06-29","Delivered","On-Time / Early","-1","377400.54"
"362","382","2025-07-15","Iberia Horizon Air","Airline","Spain","Europe","2025-07-17","2025-07-23","2025-07-21","Delivered","On-Time / Early","-2","68493.45"
"378","399","2026-10-28","Iberia Horizon Air","Airline","Spain","Europe","2026-11-01","2026-11-05","2026-11-05","Delivered","On-Time / Early","0","306999.76"
"409","433","2025-05-06","Iberia Horizon Air","Airline","Spain","Europe","2025-05-15","2025-05-19","2025-05-23","Delivered","Late","4","70751.78"
"410","434","2025-02-21","Iberia Horizon Air","Airline","Spain","Europe","2025-02-25","2025-03-04","2025-03-02","Delivered","On-Time / Early","-2","634961.70"
"515","547","2025-12-07","Iberia Horizon Air","Airline","Spain","Europe","2025-12-11","2025-12-18","2025-12-17","Delivered","On-Time / Early","-1","135714.00"
"522","554","2026-01-15","Iberia Horizon Air","Airline","Spain","Europe","2026-01-18","2026-01-25","2026-01-25","Delivered","On-Time / Early","0","419448.48"
"571","604","2026-03-22","Iberia Horizon Air","Airline","Spain","Europe","2026-03-29","2026-04-04","2026-04-03","Delivered","On-Time / Early","-1","547384.99"
"574","607","2025-05-19","Iberia Horizon Air","Airline","Spain","Europe","2025-05-27","2025-06-01","2025-05-31","Delivered","On-Time / Early","-1","361566.63"
"616","652","2026-05-17","Iberia Horizon Air","Airline","Spain","Europe","2026-05-22","2026-05-27","2026-05-25","Delivered","On-Time / Early","-2","139237.12"
"642","684","2026-05-22","Iberia Horizon Air","Airline","Spain","Europe","2026-06-01","2026-06-08","2026-06-08","Delivered","On-Time / Early","0","745032.86"
"650","692","2026-10-03","Iberia Horizon Air","Airline","Spain","Europe","2026-10-10","2026-10-13","2026-10-11","Delivered","On-Time / Early","-2","145068.76"
"674","719","2025-06-06","Iberia Horizon Air","Airline","Spain","Europe","2025-06-11","2025-06-18","2025-06-17","Delivered","On-Time / Early","-1","489320.38"
"711","757","2025-12-01","Iberia Horizon Air","Airline","Spain","Europe","2025-12-11","2025-12-14","2025-12-13","Delivered","On-Time / Early","-1","318332.42"
"715","761","2026-04-20","Iberia Horizon Air","Airline","Spain","Europe","2026-04-24","2026-04-28","2026-04-27","Delivered","On-Time / Early","-1","320893.11"
"716","762","2026-12-04","Iberia Horizon Air","Airline","Spain","Europe","2026-12-11","2026-12-15",\N,"In Transit","Not Delivered",\N,"66530.96"
"731","777","2025-07-11","Iberia Horizon Air","Airline","Spain","Europe","2025-07-21","2025-07-26","2025-07-25","Delivered","On-Time / Early","-1","522262.95"
"755","804","2026-12-07","Iberia Horizon Air","Airline","Spain","Europe","2026-12-15","2026-12-21",\N,"In Transit","Not Delivered",\N,"69852.46"
"782","833","2026-04-22","Iberia Horizon Air","Airline","Spain","Europe","2026-04-29","2026-05-04","2026-05-03","Delivered","On-Time / Early","-1","334652.01"
"800","855","2025-11-07","Iberia Horizon Air","Airline","Spain","Europe","2025-11-17","2025-11-20","2025-11-20","Delivered","On-Time / Early","0","256860.32"
"821","876","2026-04-23","Iberia Horizon Air","Airline","Spain","Europe","2026-04-28","2026-05-05","2026-05-04","Delivered","On-Time / Early","-1","515286.64"
"826","882","2026-10-30","Iberia Horizon Air","Airline","Spain","Europe","2026-11-09","2026-11-13","2026-11-13","Delivered","On-Time / Early","0","296543.20"
"838","894","2026-08-23","Iberia Horizon Air","Airline","Spain","Europe","2026-09-01","2026-09-08","2026-09-06","Delivered","On-Time / Early","-2","265956.34"
"851","908","2025-12-19","Iberia Horizon Air","Airline","Spain","Europe","2025-12-25","2025-12-30","2025-12-29","Delivered","On-Time / Early","-1","188386.26"
"852","909","2026-08-26","Iberia Horizon Air","Airline","Spain","Europe","2026-08-29","2026-09-05","2026-09-10","Delivered","Late","5","129351.09"
"875","933","2025-10-31","Iberia Horizon Air","Airline","Spain","Europe","2025-11-08","2025-11-12","2025-11-10","Delivered","On-Time / Early","-2","407606.99"
"877","935","2026-11-25","Iberia Horizon Air","Airline","Spain","Europe","2026-12-04","2026-12-07","2026-12-06","Delivered","On-Time / Early","-1","70409.60"
"881","940","2026-04-13","Iberia Horizon Air","Airline","Spain","Europe","2026-04-16","2026-04-22","2026-04-20","Delivered","On-Time / Early","-2","666315.02"
"922","986","2026-07-01","Iberia Horizon Air","Airline","Spain","Europe","2026-07-10","2026-07-16","2026-07-16","Delivered","On-Time / Early","0","720757.71"
"930","994","2026-12-14","Iberia Horizon Air","Airline","Spain","Europe","2026-12-20","2026-12-25","2026-12-25","Delivered","On-Time / Early","0","246614.41"
"964","1031","2025-03-30","Iberia Horizon Air","Airline","Spain","Europe","2025-04-06","2025-04-10","2025-04-09","Delivered","On-Time / Early","-1","70708.86"
"966","1034","2025-05-28","Iberia Horizon Air","Airline","Spain","Europe","2025-06-07","2025-06-13","2025-06-11","Delivered","On-Time / Early","-2","284694.58"
"969","1037","2025-03-29","Iberia Horizon Air","Airline","Spain","Europe","2025-04-02","2025-04-07","2025-04-06","Delivered","On-Time / Early","-1","567459.00"
"974","1042","2025-03-16","Iberia Horizon Air","Airline","Spain","Europe","2025-03-21","2025-03-25","2025-03-24","Delivered","On-Time / Early","-1","142332.44"
"1006","1076","2026-10-21","Iberia Horizon Air","Airline","Spain","Europe","2026-10-26","2026-10-29","2026-10-28","Delivered","On-Time / Early","-1","480408.39"
"1035","1105","2026-09-19","Iberia Horizon Air","Airline","Spain","Europe","2026-09-21","2026-09-25","2026-09-24","Delivered","On-Time / Early","-1","123402.56"
"1046","1116","2026-06-18","Iberia Horizon Air","Airline","Spain","Europe","2026-06-24","2026-06-28","2026-07-01","Delivered","Late","3","335101.11"
"1074","1145","2026-06-08","Iberia Horizon Air","Airline","Spain","Europe","2026-06-14","2026-06-20","2026-07-04","Delivered","Late","14","317162.89"
"1108","1182","2026-02-04","Iberia Horizon Air","Airline","Spain","Europe","2026-02-13","2026-02-18","2026-02-20","Delivered","Late","2","410968.80"
"1119","1194","2026-05-04","Iberia Horizon Air","Airline","Spain","Europe","2026-05-12","2026-05-15","2026-05-14","Delivered","On-Time / Early","-1","236190.73"
"1140","1216","2026-10-16","Iberia Horizon Air","Airline","Spain","Europe","2026-10-26","2026-10-30",\N,"In Transit","Not Delivered",\N,"249116.22"
"1153","1229","2026-07-27","Iberia Horizon Air","Airline","Spain","Europe","2026-08-05","2026-08-08","2026-08-07","Delivered","On-Time / Early","-1","295226.59"
"1155","1231","2026-04-25","Iberia Horizon Air","Airline","Spain","Europe","2026-05-01","2026-05-06","2026-05-06","Delivered","On-Time / Early","0","159708.23"
"1225","1301","2025-01-20","Iberia Horizon Air","Airline","Spain","Europe","2025-01-28","2025-02-02","2025-02-02","Delivered","On-Time / Early","0","688794.15"
"1229","1305","2026-06-27","Iberia Horizon Air","Airline","Spain","Europe","2026-07-04","2026-07-10","2026-07-10","Delivered","On-Time / Early","0","36757.84"
"1231","1307","2026-10-03","Iberia Horizon Air","Airline","Spain","Europe","2026-10-10","2026-10-16","2026-10-14","Delivered","On-Time / Early","-2","295658.70"
"1273","1350","2025-11-12","Iberia Horizon Air","Airline","Spain","Europe","2025-11-19","2025-11-26","2025-11-26","Delivered","On-Time / Early","0","418843.54"
"1296","1377","2025-03-11","Iberia Horizon Air","Airline","Spain","Europe","2025-03-21","2025-03-26","2025-03-29","Delivered","Late","3","529789.98"
"1316","1397","2026-06-21","Iberia Horizon Air","Airline","Spain","Europe","2026-06-29","2026-07-03","2026-07-02","Delivered","On-Time / Early","-1","311646.37"
"1357","1440","2025-11-21","Iberia Horizon Air","Airline","Spain","Europe","2025-11-26","2025-11-30","2025-11-28","Delivered","On-Time / Early","-2","620214.01"
"1366","1450","2025-06-07","Iberia Horizon Air","Airline","Spain","Europe","2025-06-16","2025-06-23","2025-06-23","Delivered","On-Time / Early","0","70824.76"
"1383","1467","2025-10-29","Iberia Horizon Air","Airline","Spain","Europe","2025-11-03","2025-11-10","2025-11-10","Delivered","On-Time / Early","0","355962.33"
"1417","1501","2025-03-17","Iberia Horizon Air","Airline","Spain","Europe","2025-03-19","2025-03-24","2025-03-23","Delivered","On-Time / Early","-1","138299.90"
"1452","1538","2025-05-04","Iberia Horizon Air","Airline","Spain","Europe","2025-05-11","2025-05-14","2025-05-13","Delivered","On-Time / Early","-1","94455.59"
"1479","1567","2025-03-03","Iberia Horizon Air","Airline","Spain","Europe","2025-03-13","2025-03-16","2025-03-14","Delivered","On-Time / Early","-2","620589.97"
"1484","1572","2026-04-19","Iberia Horizon Air","Airline","Spain","Europe","2026-04-23","2026-04-28","2026-04-28","Delivered","On-Time / Early","0","27990.42"
"1493","1581","2026-11-17","Iberia Horizon Air","Airline","Spain","Europe","2026-11-27","2026-12-01","2026-11-30","Delivered","On-Time / Early","-1","533599.46"
"1497","1586","2025-02-03","Iberia Horizon Air","Airline","Spain","Europe","2025-02-10","2025-02-13","2025-02-13","Delivered","On-Time / Early","0","503667.69"
"1507","1596","2026-03-10","Iberia Horizon Air","Airline","Spain","Europe","2026-03-15","2026-03-22","2026-03-20","Delivered","On-Time / Early","-2","37550.68"
"1528","1620","2026-07-01","Iberia Horizon Air","Airline","Spain","Europe","2026-07-04","2026-07-07","2026-07-06","Delivered","On-Time / Early","-1","607998.89"
"1543","1635","2025-12-26","Iberia Horizon Air","Airline","Spain","Europe","2025-12-28","2025-12-31","2025-12-29","Delivered","On-Time / Early","-2","112595.54"
"1552","1644","2026-01-26","Iberia Horizon Air","Airline","Spain","Europe","2026-01-29","2026-02-04","2026-02-07","Delivered","Late","3","435861.54"
"136","142","2026-06-28","Britannia Connect Airways","Airline","United Kingdom","Europe","2026-07-06","2026-07-12","2026-07-10","Delivered","On-Time / Early","-2","119567.00"
"195","207","2025-09-29","Britannia Connect Airways","Airline","United Kingdom","Europe","2025-10-01","2025-10-08","2025-10-08","Delivered","On-Time / Early","0","149830.91"
"217","231","2025-10-30","Britannia Connect Airways","Airline","United Kingdom","Europe","2025-11-07","2025-11-10","2025-11-09","Delivered","On-Time / Early","-1","217857.68"
"260","276","2025-04-08","Britannia Connect Airways","Airline","United Kingdom","Europe","2025-04-15","2025-04-18","2025-04-16","Delivered","On-Time / Early","-2","141696.90"
"295","312","2025-08-15","Britannia Connect Airways","Airline","United Kingdom","Europe","2025-08-25","2025-08-28","2025-08-27","Delivered","On-Time / Early","-1","72557.12"
"297","314","2025-12-24","Britannia Connect Airways","Airline","United Kingdom","Europe","2025-12-30","2026-01-04","2026-01-16","Delivered","Late","12","601895.41"
"302","319","2026-10-05","Britannia Connect Airways","Airline","United Kingdom","Europe","2026-10-10","2026-10-13","2026-10-11","Delivered","On-Time / Early","-2","273270.10"
"331","348","2025-09-02","Britannia Connect Airways","Airline","United Kingdom","Europe","2025-09-10","2025-09-16","2025-09-16","Delivered","On-Time / Early","0","205775.65"
"341","360","2026-10-28","Britannia Connect Airways","Airline","United Kingdom","Europe","2026-11-04","2026-11-10","2026-11-08","Delivered","On-Time / Early","-2","216554.43"
"355","374","2025-01-17","Britannia Connect Airways","Airline","United Kingdom","Europe","2025-01-26","2025-01-31","2025-01-29","Delivered","On-Time / Early","-2","274424.54"
"399","423","2026-09-12","Britannia Connect Airways","Airline","United Kingdom","Europe","2026-09-19","2026-09-24","2026-09-22","Delivered","On-Time / Early","-2","93458.40"
"456","482","2025-10-22","Britannia Connect Airways","Airline","United Kingdom","Europe","2025-10-27","2025-10-30","2025-10-28","Delivered","On-Time / Early","-2","68949.09"
"464","491","2025-04-26","Britannia Connect Airways","Airline","United Kingdom","Europe","2025-05-06","2025-05-11","2025-05-10","Delivered","On-Time / Early","-1","233396.41"
"472","500","2026-04-22","Britannia Connect Airways","Airline","United Kingdom","Europe","2026-05-01","2026-05-07","2026-05-07","Delivered","On-Time / Early","0","216712.77"
"503","532","2026-08-13","Britannia Connect Airways","Airline","United Kingdom","Europe","2026-08-18","2026-08-21","2026-08-20","Delivered","On-Time / Early","-1","347337.87"
"525","557","2025-07-20","Britannia Connect Airways","Airline","United Kingdom","Europe","2025-07-26","2025-08-01","2025-07-31","Delivered","On-Time / Early","-1","198079.93"
"553","585","2026-07-08","Britannia Connect Airways","Airline","United Kingdom","Europe","2026-07-13","2026-07-17","2026-07-15","Delivered","On-Time / Early","-2","398783.63"
"595","631","2025-11-16","Britannia Connect Airways","Airline","United Kingdom","Europe","2025-11-25","2025-11-30","2025-11-28","Delivered","On-Time / Early","-2","336125.52"
"597","633","2026-04-09","Britannia Connect Airways","Airline","United Kingdom","Europe","2026-04-16","2026-04-19","2026-04-18","Delivered","On-Time / Early","-1","190116.38"
"608","644","2026-10-17","Britannia Connect Airways","Airline","United Kingdom","Europe","2026-10-21","2026-10-24","2026-10-22","Delivered","On-Time / Early","-2","253250.57"
"632","670","2025-06-22","Britannia Connect Airways","Airline","United Kingdom","Europe","2025-06-28","2025-07-02","2025-07-02","Delivered","On-Time / Early","0","123109.32"
"639","680","2026-05-15","Britannia Connect Airways","Airline","United Kingdom","Europe","2026-05-18","2026-05-24","2026-05-23","Delivered","On-Time / Early","-1","291044.98"
"663","705","2026-01-29","Britannia Connect Airways","Airline","United Kingdom","Europe","2026-01-31","2026-02-05","2026-02-03","Delivered","On-Time / Early","-2","218550.02"
"684","729","2025-01-31","Britannia Connect Airways","Airline","United Kingdom","Europe","2025-02-02","2025-02-06","2025-02-06","Delivered","On-Time / Early","0","261059.70"
"695","741","2025-11-15","Britannia Connect Airways","Airline","United Kingdom","Europe","2025-11-25","2025-12-01","2025-12-01","Delivered","On-Time / Early","0","276491.86"
"742","789","2026-02-02","Britannia Connect Airways","Airline","United Kingdom","Europe","2026-02-12","2026-02-15","2026-02-15","Delivered","On-Time / Early","0","194744.00"
"743","790","2026-08-30","Britannia Connect Airways","Airline","United Kingdom","Europe","2026-09-09","2026-09-13","2026-09-13","Delivered","On-Time / Early","0","186947.11"
"772","822","2025-04-14","Britannia Connect Airways","Airline","United Kingdom","Europe","2025-04-20","2025-04-24","2025-04-23","Delivered","On-Time / Early","-1","762565.81"
"789","843","2025-09-22","Britannia Connect Airways","Airline","United Kingdom","Europe","2025-09-27","2025-09-30","2025-09-28","Delivered","On-Time / Early","-2","352884.18"
"842","898","2025-07-25","Britannia Connect Airways","Airline","United Kingdom","Europe","2025-08-01","2025-08-04","2025-08-03","Delivered","On-Time / Early","-1","230285.17"
"939","1004","2025-01-06","Britannia Connect Airways","Airline","United Kingdom","Europe","2025-01-08","2025-01-12","2025-01-10","Delivered","On-Time / Early","-2","145737.78"
"977","1046","2026-04-07","Britannia Connect Airways","Airline","United Kingdom","Europe","2026-04-14","2026-04-20","2026-04-19","Delivered","On-Time / Early","-1","391053.55"
"1091","1164","2026-01-05","Britannia Connect Airways","Airline","United Kingdom","Europe","2026-01-15","2026-01-18","2026-01-16","Delivered","On-Time / Early","-2","145909.62"
"1142","1218","2026-03-21","Britannia Connect Airways","Airline","United Kingdom","Europe","2026-03-26","2026-03-29","2026-03-29","Delivered","On-Time / Early","0","231650.43"
"1149","1225","2025-08-27","Britannia Connect Airways","Airline","United Kingdom","Europe","2025-09-06","2025-09-11","2025-09-14","Delivered","Late","3","285267.85"
"1208","1284","2026-03-17","Britannia Connect Airways","Airline","United Kingdom","Europe","2026-03-27","2026-04-01","2026-04-01","Delivered","On-Time / Early","0","75852.92"
"1210","1286","2025-11-25","Britannia Connect Airways","Airline","United Kingdom","Europe","2025-11-30","2025-12-07","2025-12-07","Delivered","On-Time / Early","0","255692.43"
"1217","1293","2025-01-24","Britannia Connect Airways","Airline","United Kingdom","Europe","2025-02-02","2025-02-09","2025-02-07","Delivered","On-Time / Early","-2","193708.48"
"1283","1363","2025-11-03","Britannia Connect Airways","Airline","United Kingdom","Europe","2025-11-12","2025-11-17","2025-11-20","Delivered","Late","3","439819.28"
"1294","1375","2025-12-08","Britannia Connect Airways","Airline","United Kingdom","Europe","2025-12-12","2025-12-18","2025-12-17","Delivered","On-Time / Early","-1","42999.95"
"1299","1380","2025-07-18","Britannia Connect Airways","Airline","United Kingdom","Europe","2025-07-21","2025-07-25","2025-07-23","Delivered","On-Time / Early","-2","842327.60"
"1307","1388","2025-02-01","Britannia Connect Airways","Airline","United Kingdom","Europe","2025-02-09","2025-02-13","2025-02-12","Delivered","On-Time / Early","-1","77089.65"
"1322","1403","2025-08-03","Britannia Connect Airways","Airline","United Kingdom","Europe","2025-08-08","2025-08-13","2025-08-13","Delivered","On-Time / Early","0","142589.85"
"1323","1404","2026-06-30","Britannia Connect Airways","Airline","United Kingdom","Europe","2026-07-09","2026-07-13","2026-07-11","Delivered","On-Time / Early","-2","454159.65"
"1333","1414","2025-11-16","Britannia Connect Airways","Airline","United Kingdom","Europe","2025-11-20","2025-11-24","2025-11-22","Delivered","On-Time / Early","-2","325638.96"
"1343","1425","2025-04-20","Britannia Connect Airways","Airline","United Kingdom","Europe","2025-04-24","2025-04-30","2025-04-30","Delivered","On-Time / Early","0","62402.91"
"1430","1515","2026-01-03","Britannia Connect Airways","Airline","United Kingdom","Europe","2026-01-06","2026-01-11","2026-01-10","Delivered","On-Time / Early","-1","111324.03"
"1478","1566","2025-07-27","Britannia Connect Airways","Airline","United Kingdom","Europe","2025-07-30","2025-08-04","2025-08-04","Delivered","On-Time / Early","0","87340.58"
"1506","1595","2025-08-19","Britannia Connect Airways","Airline","United Kingdom","Europe","2025-08-22","2025-08-25","2025-08-25","Delivered","On-Time / Early","0","286367.96"
"1531","1623","2026-06-04","Britannia Connect Airways","Airline","United Kingdom","Europe","2026-06-11","2026-06-15","2026-06-15","Delivered","On-Time / Early","0","336581.89"
"1533","1625","2026-03-29","Britannia Connect Airways","Airline","United Kingdom","Europe","2026-04-02","2026-04-06","2026-04-06","Delivered","On-Time / Early","0","28922.89"
"1536","1628","2025-04-05","Britannia Connect Airways","Airline","United Kingdom","Europe","2025-04-14","2025-04-19","2025-04-18","Delivered","On-Time / Early","-1","327755.30"
"28","30","2025-06-18","Nordic Wings Aviation","Airline","Germany","Europe","2025-06-27","2025-07-03","2025-07-01","Delivered","On-Time / Early","-2","808961.80"
"54","58","2025-11-12","Nordic Wings Aviation","Airline","Germany","Europe","2025-11-19","2025-11-25","2025-11-23","Delivered","On-Time / Early","-2","71474.82"
"61","66","2026-04-17","Nordic Wings Aviation","Airline","Germany","Europe","2026-04-27","2026-05-04","2026-05-09","Delivered","Late","5","142267.88"
"188","199","2026-07-11","Nordic Wings Aviation","Airline","Germany","Europe","2026-07-21","2026-07-25","2026-07-24","Delivered","On-Time / Early","-1","369897.30"
"191","202","2026-01-26","Nordic Wings Aviation","Airline","Germany","Europe","2026-02-01","2026-02-06","2026-02-04","Delivered","On-Time / Early","-2","423422.35"
"236","252","2026-10-23","Nordic Wings Aviation","Airline","Germany","Europe","2026-10-30","2026-11-02","2026-11-01","Delivered","On-Time / Early","-1","298911.52"
"370","390","2026-03-31","Nordic Wings Aviation","Airline","Germany","Europe","2026-04-06","2026-04-12","2026-04-10","Delivered","On-Time / Early","-2","374845.25"
"389","410","2026-08-10","Nordic Wings Aviation","Airline","Germany","Europe","2026-08-13","2026-08-20","2026-08-19","Delivered","On-Time / Early","-1","432951.46"
"419","443","2026-02-17","Nordic Wings Aviation","Airline","Germany","Europe","2026-02-25","2026-03-01","2026-03-06","Delivered","Late","5","170723.94"
"444","470","2026-05-07","Nordic Wings Aviation","Airline","Germany","Europe","2026-05-14","2026-05-21","2026-05-20","Delivered","On-Time / Early","-1","141693.80"
"474","502","2025-10-30","Nordic Wings Aviation","Airline","Germany","Europe","2025-11-05","2025-11-09","2025-11-09","Delivered","On-Time / Early","0","300626.07"
"476","504","2026-09-13","Nordic Wings Aviation","Airline","Germany","Europe","2026-09-20","2026-09-26","2026-09-25","Delivered","On-Time / Early","-1","29505.96"
"543","575","2026-01-24","Nordic Wings Aviation","Airline","Germany","Europe","2026-01-31","2026-02-06","2026-02-06","Delivered","On-Time / Early","0","170283.68"
"562","595","2025-11-21","Nordic Wings Aviation","Airline","Germany","Europe","2025-11-30","2025-12-06","2025-12-06","Delivered","On-Time / Early","0","219087.50"
"572","605","2025-03-20","Nordic Wings Aviation","Airline","Germany","Europe","2025-03-27","2025-04-02","2025-04-02","Delivered","On-Time / Early","0","139224.80"
"631","669","2026-08-07","Nordic Wings Aviation","Airline","Germany","Europe","2026-08-16","2026-08-21","2026-08-24","Delivered","Late","3","563662.98"
"690","735","2026-04-29","Nordic Wings Aviation","Airline","Germany","Europe","2026-05-08","2026-05-13","2026-05-12","Delivered","On-Time / Early","-1","502962.77"
"702","748","2026-11-05","Nordic Wings Aviation","Airline","Germany","Europe","2026-11-14","2026-11-19","2026-11-19","Delivered","On-Time / Early","0","209894.43"
"724","770","2026-02-15","Nordic Wings Aviation","Airline","Germany","Europe","2026-02-20","2026-02-27","2026-02-25","Delivered","On-Time / Early","-2","418869.89"
"737","783","2026-05-12","Nordic Wings Aviation","Airline","Germany","Europe","2026-05-22","2026-05-27","2026-05-27","Delivered","On-Time / Early","0","72647.40"
"811","866","2025-09-05","Nordic Wings Aviation","Airline","Germany","Europe","2025-09-07","2025-09-11","2025-09-10","Delivered","On-Time / Early","-1","56786.49"
"832","888","2026-11-19","Nordic Wings Aviation","Airline","Germany","Europe","2026-11-25","2026-12-01","2026-12-01","Delivered","On-Time / Early","0","307411.98"
"855","912","2025-05-18","Nordic Wings Aviation","Airline","Germany","Europe","2025-05-20","2025-05-25","2025-05-24","Delivered","On-Time / Early","-1","341214.37"
"931","995","2026-01-26","Nordic Wings Aviation","Airline","Germany","Europe","2026-02-04","2026-02-07","2026-02-06","Delivered","On-Time / Early","-1","307069.10"
"945","1010","2025-04-05","Nordic Wings Aviation","Airline","Germany","Europe","2025-04-13","2025-04-19","2025-04-18","Delivered","On-Time / Early","-1","63673.10"
"959","1026","2026-02-22","Nordic Wings Aviation","Airline","Germany","Europe","2026-02-25","2026-03-01","2026-02-28","Delivered","On-Time / Early","-1","146104.73"
"989","1058","2025-06-02","Nordic Wings Aviation","Airline","Germany","Europe","2025-06-05","2025-06-12","2025-06-17","Delivered","Late","5","382149.22"
"1079","1151","2025-11-30","Nordic Wings Aviation","Airline","Germany","Europe","2025-12-02","2025-12-07","2025-12-07","Delivered","On-Time / Early","0","195822.46"
"1080","1153","2025-12-18","Nordic Wings Aviation","Airline","Germany","Europe","2025-12-23","2025-12-28","2025-12-28","Delivered","On-Time / Early","0","649477.14"
"1092","1165","2025-09-21","Nordic Wings Aviation","Airline","Germany","Europe","2025-09-27","2025-10-04","2025-10-08","Delivered","Late","4","29732.91"
"1094","1168","2025-10-19","Nordic Wings Aviation","Airline","Germany","Europe","2025-10-26","2025-11-02","2025-11-01","Delivered","On-Time / Early","-1","360489.08"
"1145","1221","2025-06-08","Nordic Wings Aviation","Airline","Germany","Europe","2025-06-13","2025-06-18","2025-06-18","Delivered","On-Time / Early","0","328578.49"
"1189","1265","2026-04-17","Nordic Wings Aviation","Airline","Germany","Europe","2026-04-27","2026-05-04","2026-05-04","Delivered","On-Time / Early","0","216993.14"
"1249","1325","2026-10-28","Nordic Wings Aviation","Airline","Germany","Europe","2026-10-31","2026-11-07","2026-11-06","Delivered","On-Time / Early","-1","293029.28"
"1282","1362","2026-08-16","Nordic Wings Aviation","Airline","Germany","Europe","2026-08-21","2026-08-27","2026-08-26","Delivered","On-Time / Early","-1","292833.32"
"1338","1420","2026-01-08","Nordic Wings Aviation","Airline","Germany","Europe","2026-01-12","2026-01-19","2026-01-19","Delivered","On-Time / Early","0","55173.21"
"1363","1447","2026-12-30","Nordic Wings Aviation","Airline","Germany","Europe","2027-01-03","2027-01-09","2027-01-07","Delivered","On-Time / Early","-2","128397.43"
"1365","1449","2026-07-23","Nordic Wings Aviation","Airline","Germany","Europe","2026-07-29","2026-08-02","2026-07-31","Delivered","On-Time / Early","-2","94567.86"
"1399","1483","2026-12-24","Nordic Wings Aviation","Airline","Germany","Europe","2026-12-31","2027-01-07","2027-01-05","Delivered","On-Time / Early","-2","264717.40"
"1428","1513","2025-01-04","Nordic Wings Aviation","Airline","Germany","Europe","2025-01-13","2025-01-16","2025-01-14","Delivered","On-Time / Early","-2","526070.51"
"1462","1548","2025-11-05","Nordic Wings Aviation","Airline","Germany","Europe","2025-11-08","2025-11-11","2025-11-09","Delivered","On-Time / Early","-2","117266.16"
"1463","1550","2026-09-26","Nordic Wings Aviation","Airline","Germany","Europe","2026-10-04","2026-10-08","2026-10-07","Delivered","On-Time / Early","-1","170935.02"
"1475","1562","2025-07-24","Nordic Wings Aviation","Airline","Germany","Europe","2025-07-29","2025-08-04","2025-08-02","Delivered","On-Time / Early","-2","42290.15"
"1502","1591","2026-01-10","Nordic Wings Aviation","Airline","Germany","Europe","2026-01-14","2026-01-17","2026-01-17","Delivered","On-Time / Early","0","409000.05"
"1535","1627","2025-01-26","Nordic Wings Aviation","Airline","Germany","Europe","2025-01-28","2025-02-01","2025-02-03","Delivered","Late","2","329961.85"
"1541","1633","2026-01-05","Nordic Wings Aviation","Airline","Germany","Europe","2026-01-09","2026-01-12","2026-01-12","Delivered","On-Time / Early","0","258845.04"
"1542","1634","2026-01-14","Nordic Wings Aviation","Airline","Germany","Europe","2026-01-16","2026-01-20","2026-01-20","Delivered","On-Time / Early","0","224970.21"
"64","69","2026-06-06","Mediterranean AirLink","Airline","Spain","Europe","2026-06-14","2026-06-19","2026-06-19","Delivered","On-Time / Early","0","257706.15"
"72","77","2026-11-14","Mediterranean AirLink","Airline","Spain","Europe","2026-11-23","2026-11-27","2026-11-27","Delivered","On-Time / Early","0","340099.04"
"75","80","2025-11-05","Mediterranean AirLink","Airline","Spain","Europe","2025-11-15","2025-11-18","2025-11-16","Delivered","On-Time / Early","-2","275186.20"
"97","103","2026-08-13","Mediterranean AirLink","Airline","Spain","Europe","2026-08-18","2026-08-23","2026-08-21","Delivered","On-Time / Early","-2","808951.14"
"105","111","2025-09-24","Mediterranean AirLink","Airline","Spain","Europe","2025-10-02","2025-10-09","2025-10-07","Delivered","On-Time / Early","-2","158688.14"
"147","154","2025-03-08","Mediterranean AirLink","Airline","Spain","Europe","2025-03-15","2025-03-18","2025-03-18","Delivered","On-Time / Early","0","330982.93"
"155","163","2025-01-03","Mediterranean AirLink","Airline","Spain","Europe","2025-01-05","2025-01-08","2025-01-06","Delivered","On-Time / Early","-2","231883.47"
"171","180","2025-12-04","Mediterranean AirLink","Airline","Spain","Europe","2025-12-07","2025-12-12","2025-12-11","Delivered","On-Time / Early","-1","241096.82"
"231","246","2025-05-19","Mediterranean AirLink","Airline","Spain","Europe","2025-05-21","2025-05-27","2025-05-27","Delivered","On-Time / Early","0","97630.98"
"294","311","2025-03-22","Mediterranean AirLink","Airline","Spain","Europe","2025-03-31","2025-04-03","2025-04-03","Delivered","On-Time / Early","0","113161.59"
"313","330","2025-10-17","Mediterranean AirLink","Airline","Spain","Europe","2025-10-22","2025-10-25","2025-10-25","Delivered","On-Time / Early","0","338801.02"
"329","346","2025-02-14","Mediterranean AirLink","Airline","Spain","Europe","2025-02-22","2025-02-28","2025-02-28","Delivered","On-Time / Early","0","174432.24"
"423","447","2025-04-10","Mediterranean AirLink","Airline","Spain","Europe","2025-04-20","2025-04-27","2025-05-02","Delivered","Late","5","298515.39"
"468","495","2025-03-30","Mediterranean AirLink","Airline","Spain","Europe","2025-04-07","2025-04-13","2025-04-13","Delivered","On-Time / Early","0","93472.94"
"501","530","2025-02-15","Mediterranean AirLink","Airline","Spain","Europe","2025-02-21","2025-02-28","2025-02-28","Delivered","On-Time / Early","0","356472.12"
"509","541","2026-07-30","Mediterranean AirLink","Airline","Spain","Europe","2026-08-04","2026-08-07","2026-08-07","Delivered","On-Time / Early","0","93765.20"
"510","542","2025-05-18","Mediterranean AirLink","Airline","Spain","Europe","2025-05-27","2025-05-30","2025-06-01","Delivered","Late","2","54156.45"
"558","591","2026-01-20","Mediterranean AirLink","Airline","Spain","Europe","2026-01-27","2026-02-01","2026-01-31","Delivered","On-Time / Early","-1","370897.18"
"565","598","2026-06-09","Mediterranean AirLink","Airline","Spain","Europe","2026-06-13","2026-06-17","2026-06-17","Delivered","On-Time / Early","0","455205.07"
"575","608","2026-09-28","Mediterranean AirLink","Airline","Spain","Europe","2026-10-05","2026-10-12","2026-10-11","Delivered","On-Time / Early","-1","561999.50"
"635","676","2026-11-24","Mediterranean AirLink","Airline","Spain","Europe","2026-11-27","2026-12-01","2026-12-01","Delivered","On-Time / Early","0","277373.21"
"657","699","2025-05-21","Mediterranean AirLink","Airline","Spain","Europe","2025-05-30","2025-06-03","2025-06-06","Delivered","Late","3","452562.06"
"734","780","2025-10-14","Mediterranean AirLink","Airline","Spain","Europe","2025-10-20","2025-10-24","2025-10-22","Delivered","On-Time / Early","-2","283049.58"
"776","826","2025-01-04","Mediterranean AirLink","Airline","Spain","Europe","2025-01-09","2025-01-14","2025-01-13","Delivered","On-Time / Early","-1","67644.86"
"780","831","2026-07-12","Mediterranean AirLink","Airline","Spain","Europe","2026-07-14","2026-07-20","2026-07-19","Delivered","On-Time / Early","-1","397787.15"
"797","851","2025-10-10","Mediterranean AirLink","Airline","Spain","Europe","2025-10-15","2025-10-18","2025-10-18","Delivered","On-Time / Early","0","70621.63"
"848","904","2026-02-18","Mediterranean AirLink","Airline","Spain","Europe","2026-02-26","2026-03-01","2026-03-03","Delivered","Late","2","109775.78"
"929","993","2026-07-29","Mediterranean AirLink","Airline","Spain","Europe","2026-08-04","2026-08-11","2026-08-10","Delivered","On-Time / Early","-1","37232.89"
"937","1002","2025-05-03","Mediterranean AirLink","Airline","Spain","Europe","2025-05-06","2025-05-11","2025-05-11","Delivered","On-Time / Early","0","168503.21"
"948","1015","2025-04-27","Mediterranean AirLink","Airline","Spain","Europe","2025-05-06","2025-05-09","2025-05-09","Delivered","On-Time / Early","0","289765.28"
"987","1056","2026-08-16","Mediterranean AirLink","Airline","Spain","Europe","2026-08-22","2026-08-28","2026-08-28","Delivered","On-Time / Early","0","173682.20"
"1030","1100","2026-07-11","Mediterranean AirLink","Airline","Spain","Europe","2026-07-19","2026-07-23","2026-07-21","Delivered","On-Time / Early","-2","521925.06"
"1036","1106","2025-07-28","Mediterranean AirLink","Airline","Spain","Europe","2025-08-01","2025-08-04","2025-08-02","Delivered","On-Time / Early","-2","164765.94"
"1121","1196","2025-07-13","Mediterranean AirLink","Airline","Spain","Europe","2025-07-19","2025-07-22","2025-07-20","Delivered","On-Time / Early","-2","247713.72"
"1162","1238","2025-11-27","Mediterranean AirLink","Airline","Spain","Europe","2025-12-01","2025-12-05","2025-12-07","Delivered","Late","2","139207.84"
"1178","1254","2026-07-18","Mediterranean AirLink","Airline","Spain","Europe","2026-07-24","2026-07-27","2026-07-28","Delivered","Late","1","190381.82"
"1198","1274","2026-10-10","Mediterranean AirLink","Airline","Spain","Europe","2026-10-17","2026-10-22","2026-10-20","Delivered","On-Time / Early","-2","278623.56"
"1209","1285","2026-11-19","Mediterranean AirLink","Airline","Spain","Europe","2026-11-29","2026-12-03","2026-12-01","Delivered","On-Time / Early","-2","416601.93"
"1259","1336","2026-03-27","Mediterranean AirLink","Airline","Spain","Europe","2026-04-04","2026-04-09","2026-04-07","Delivered","On-Time / Early","-2","253991.97"
"1425","1510","2026-11-12","Mediterranean AirLink","Airline","Spain","Europe","2026-11-19","2026-11-24","2026-11-22","Delivered","On-Time / Early","-2","159143.71"
"1440","1526","2025-02-13","Mediterranean AirLink","Airline","Spain","Europe","2025-02-17","2025-02-22","2025-03-06","Delivered","Late","12","281629.08"
"1496","1585","2025-03-14","Mediterranean AirLink","Airline","Spain","Europe","2025-03-20","2025-03-23","2025-03-23","Delivered","On-Time / Early","0","625054.88"
"1501","1590","2025-04-24","Mediterranean AirLink","Airline","Spain","Europe","2025-05-02","2025-05-05","2025-05-04","Delivered","On-Time / Early","-1","675325.75"
"1588","1680","2026-09-20","EuroTech MRO","MRO Provider","Germany","Europe","2026-09-22","2026-09-29","2026-09-28","Delivered","On-Time / Early","-1","1730082.71"
"1607","1702","2026-06-08","EuroTech MRO","MRO Provider","Germany","Europe","2026-06-17","2026-06-22","2026-06-22","Delivered","On-Time / Early","0","308777.98"
"1631","1728","2026-03-08","EuroTech MRO","MRO Provider","Germany","Europe","2026-03-16","2026-03-21","2026-03-21","Delivered","On-Time / Early","0","618938.42"
"1638","1735","2025-02-18","EuroTech MRO","MRO Provider","Germany","Europe","2025-02-22","2025-02-25","2025-02-24","Delivered","On-Time / Early","-1","185551.60"
"1689","1789","2025-05-17","EuroTech MRO","MRO Provider","Germany","Europe","2025-05-21","2025-05-24","2025-05-24","Delivered","On-Time / Early","0","268651.07"
"1703","1803","2025-01-30","EuroTech MRO","MRO Provider","Germany","Europe","2025-02-04","2025-02-08","2025-02-07","Delivered","On-Time / Early","-1","926714.33"
"1711","1812","2025-07-03","EuroTech MRO","MRO Provider","Germany","Europe","2025-07-08","2025-07-15","2025-07-15","Delivered","On-Time / Early","0","324345.38"
"1727","1829","2025-03-20","EuroTech MRO","MRO Provider","Germany","Europe","2025-03-29","2025-04-05","2025-04-05","Delivered","On-Time / Early","0","1049692.70"
"1769","1875","2025-07-26","EuroTech MRO","MRO Provider","Germany","Europe","2025-08-03","2025-08-06","2025-08-06","Delivered","On-Time / Early","0","1017870.10"
"1791","1898","2026-07-25","EuroTech MRO","MRO Provider","Germany","Europe","2026-07-29","2026-08-02","2026-07-31","Delivered","On-Time / Early","-2","763014.08"
"1802","1910","2026-11-12","EuroTech MRO","MRO Provider","Germany","Europe","2026-11-14","2026-11-21","2026-11-20","Delivered","On-Time / Early","-1","313744.44"
"1839","1949","2026-01-19","EuroTech MRO","MRO Provider","Germany","Europe","2026-01-21","2026-01-26","2026-01-24","Delivered","On-Time / Early","-2","251197.92"
"1855","1966","2025-01-20","EuroTech MRO","MRO Provider","Germany","Europe","2025-01-23","2025-01-28","2025-01-26","Delivered","On-Time / Early","-2","1233692.15"
"1903","2016","2026-09-22","EuroTech MRO","MRO Provider","Germany","Europe","2026-09-29","2026-10-03","2026-10-02","Delivered","On-Time / Early","-1","348633.71"
"1998","2115","2025-08-27","EuroTech MRO","MRO Provider","Germany","Europe","2025-09-04","2025-09-10","2025-09-09","Delivered","On-Time / Early","-1","1110790.29"
"2013","2131","2025-06-11","EuroTech MRO","MRO Provider","Germany","Europe","2025-06-15","2025-06-20","2025-06-19","Delivered","On-Time / Early","-1","910569.49"
"2016","2135","2025-06-18","EuroTech MRO","MRO Provider","Germany","Europe","2025-06-24","2025-06-29","2025-06-29","Delivered","On-Time / Early","0","843593.83"
"2022","2141","2026-11-04","EuroTech MRO","MRO Provider","Germany","Europe","2026-11-11","2026-11-14","2026-11-14","Delivered","On-Time / Early","0","567519.24"
"2026","2145","2026-11-25","EuroTech MRO","MRO Provider","Germany","Europe","2026-12-02","2026-12-06","2026-12-05","Delivered","On-Time / Early","-1","1090752.85"
"2070","2191","2025-06-29","EuroTech MRO","MRO Provider","Germany","Europe","2025-07-03","2025-07-08","2025-07-14","Delivered","Late","6","910828.76"
"2093","2215","2026-11-02","EuroTech MRO","MRO Provider","Germany","Europe","2026-11-08","2026-11-12","2026-11-10","Delivered","On-Time / Early","-2","1343568.45"
"2097","2219","2025-07-16","EuroTech MRO","MRO Provider","Germany","Europe","2025-07-22","2025-07-26","2025-07-25","Delivered","On-Time / Early","-1","1033718.58"
"2126","2252","2025-08-17","EuroTech MRO","MRO Provider","Germany","Europe","2025-08-20","2025-08-24","2025-08-23","Delivered","On-Time / Early","-1","365306.28"
"2141","2268","2026-02-06","EuroTech MRO","MRO Provider","Germany","Europe","2026-02-15","2026-02-18","2026-02-18","Delivered","On-Time / Early","0","292827.07"
"2182","2310","2026-07-18","EuroTech MRO","MRO Provider","Germany","Europe","2026-07-26","2026-08-01","2026-07-30","Delivered","On-Time / Early","-2","619331.95"
"2189","2317","2026-09-11","EuroTech MRO","MRO Provider","Germany","Europe","2026-09-13","2026-09-20","2026-09-22","Delivered","Late","2","637711.60"
"2200","2328","2025-05-11","EuroTech MRO","MRO Provider","Germany","Europe","2025-05-13","2025-05-18","2025-05-17","Delivered","On-Time / Early","-1","1154243.38"
"2243","2373","2025-10-24","EuroTech MRO","MRO Provider","Germany","Europe","2025-10-27","2025-11-01","2025-11-02","Delivered","Late","1","906711.27"
"2279","2410","2026-06-22","EuroTech MRO","MRO Provider","Germany","Europe","2026-07-02","2026-07-09","2026-07-08","Delivered","On-Time / Early","-1","629605.39"
"2302","2435","2025-03-27","EuroTech MRO","MRO Provider","Germany","Europe","2025-04-01","2025-04-06","2025-04-06","Delivered","On-Time / Early","0","1114327.83"
"2318","2451","2025-04-17","EuroTech MRO","MRO Provider","Germany","Europe","2025-04-23","2025-04-29","2025-04-29","Delivered","On-Time / Early","0","371884.48"
"2347","2482","2025-06-10","EuroTech MRO","MRO Provider","Germany","Europe","2025-06-19","2025-06-22","2025-06-21","Delivered","On-Time / Early","-1","1926941.25"
"2378","2518","2026-04-06","EuroTech MRO","MRO Provider","Germany","Europe","2026-04-16","2026-04-19","2026-04-19","Delivered","On-Time / Early","0","291664.02"
"2387","2527","2025-04-28","EuroTech MRO","MRO Provider","Germany","Europe","2025-05-02","2025-05-07","2025-05-07","Delivered","On-Time / Early","0","533736.39"
"1587","1679","2025-12-23","Continental Aviation Services","MRO Provider","France","Europe","2025-12-29","2026-01-04","2026-01-16","Delivered","Late","12","815854.36"
"1618","1715","2025-05-18","Continental Aviation Services","MRO Provider","France","Europe","2025-05-25","2025-05-31","2025-05-31","Delivered","On-Time / Early","0","535766.48"
"1623","1720","2025-10-19","Continental Aviation Services","MRO Provider","France","Europe","2025-10-27","2025-11-03","2025-11-01","Delivered","On-Time / Early","-2","304992.56"
"1629","1726","2025-04-28","Continental Aviation Services","MRO Provider","France","Europe","2025-04-30","2025-05-04","2025-05-04","Delivered","On-Time / Early","0","747867.90"
"1635","1732","2026-11-15","Continental Aviation Services","MRO Provider","France","Europe","2026-11-25","2026-12-02","2026-12-01","Delivered","On-Time / Early","-1","817884.62"
"1660","1758","2025-03-27","Continental Aviation Services","MRO Provider","France","Europe","2025-03-31","2025-04-03","2025-04-03","Delivered","On-Time / Early","0","176854.84"
"1665","1763","2025-11-17","Continental Aviation Services","MRO Provider","France","Europe","2025-11-20","2025-11-26","2025-11-24","Delivered","On-Time / Early","-2","544581.27"
"1676","1776","2025-09-19","Continental Aviation Services","MRO Provider","France","Europe","2025-09-29","2025-10-02","2025-10-05","Delivered","Late","3","1313452.19"
"1734","1837","2025-10-17","Continental Aviation Services","MRO Provider","France","Europe","2025-10-25","2025-11-01","2025-11-01","Delivered","On-Time / Early","0","575881.90"
"1757","1860","2025-09-29","Continental Aviation Services","MRO Provider","France","Europe","2025-10-09","2025-10-16","2025-10-16","Delivered","On-Time / Early","0","618633.30"
"1785","1892","2026-05-21","Continental Aviation Services","MRO Provider","France","Europe","2026-05-25","2026-05-28","2026-05-27","Delivered","On-Time / Early","-1","1311611.24"
"1786","1893","2025-01-19","Continental Aviation Services","MRO Provider","France","Europe","2025-01-25","2025-02-01","2025-01-30","Delivered","On-Time / Early","-2","75366.85"
"1788","1895","2025-03-07","Continental Aviation Services","MRO Provider","France","Europe","2025-03-12","2025-03-16","2025-03-18","Delivered","Late","2","185764.80"
"1800","1908","2026-05-01","Continental Aviation Services","MRO Provider","France","Europe","2026-05-09","2026-05-16","2026-05-16","Delivered","On-Time / Early","0","674376.94"
"1862","1973","2025-06-07","Continental Aviation Services","MRO Provider","France","Europe","2025-06-13","2025-06-18","2025-06-19","Delivered","Late","1","867821.88"
"1864","1975","2025-03-01","Continental Aviation Services","MRO Provider","France","Europe","2025-03-07","2025-03-12","2025-03-11","Delivered","On-Time / Early","-1","838623.30"
"1909","2022","2025-07-19","Continental Aviation Services","MRO Provider","France","Europe","2025-07-22","2025-07-27","2025-07-26","Delivered","On-Time / Early","-1","476349.65"
"1916","2031","2026-01-22","Continental Aviation Services","MRO Provider","France","Europe","2026-01-24","2026-01-30","2026-01-30","Delivered","On-Time / Early","0","156522.64"
"1934","2049","2026-03-09","Continental Aviation Services","MRO Provider","France","Europe","2026-03-14","2026-03-18","2026-03-16","Delivered","On-Time / Early","-2","1145239.90"
"1938","2053","2026-03-05","Continental Aviation Services","MRO Provider","France","Europe","2026-03-08","2026-03-11","2026-03-09","Delivered","On-Time / Early","-2","354028.08"
"1951","2066","2025-08-04","Continental Aviation Services","MRO Provider","France","Europe","2025-08-14","2025-08-19","2025-08-18","Delivered","On-Time / Early","-1","74381.90"
"1976","2091","2025-09-14","Continental Aviation Services","MRO Provider","France","Europe","2025-09-21","2025-09-26","2025-09-25","Delivered","On-Time / Early","-1","962436.19"
"1983","2099","2026-04-18","Continental Aviation Services","MRO Provider","France","Europe","2026-04-20","2026-04-25","2026-04-25","Delivered","On-Time / Early","0","437957.74"
"2032","2151","2025-01-15","Continental Aviation Services","MRO Provider","France","Europe","2025-01-22","2025-01-27","2025-01-27","Delivered","On-Time / Early","0","349592.40"
"2039","2158","2026-11-01","Continental Aviation Services","MRO Provider","France","Europe","2026-11-10","2026-11-13","2026-11-12","Delivered","On-Time / Early","-1","673349.86"
"2055","2176","2025-12-06","Continental Aviation Services","MRO Provider","France","Europe","2025-12-15","2025-12-19","2025-12-20","Delivered","Late","1","341914.03"
"2062","2183","2026-04-24","Continental Aviation Services","MRO Provider","France","Europe","2026-05-01","2026-05-06","2026-05-06","Delivered","On-Time / Early","0","862358.26"
"2127","2253","2025-04-02","Continental Aviation Services","MRO Provider","France","Europe","2025-04-04","2025-04-10","2025-04-09","Delivered","On-Time / Early","-1","86295.48"
"2147","2274","2026-12-28","Continental Aviation Services","MRO Provider","France","Europe","2027-01-05","2027-01-09","2027-01-09","Delivered","On-Time / Early","0","540710.79"
"2164","2292","2025-04-12","Continental Aviation Services","MRO Provider","France","Europe","2025-04-15","2025-04-20","2025-04-19","Delivered","On-Time / Early","-1","244771.54"
"2188","2316","2025-06-07","Continental Aviation Services","MRO Provider","France","Europe","2025-06-11","2025-06-18","2025-06-21","Delivered","Late","3","1688086.50"
"2219","2348","2025-04-26","Continental Aviation Services","MRO Provider","France","Europe","2025-05-01","2025-05-08","2025-05-06","Delivered","On-Time / Early","-2","2042952.85"
"2221","2350","2026-05-10","Continental Aviation Services","MRO Provider","France","Europe","2026-05-16","2026-05-23","2026-05-21","Delivered","On-Time / Early","-2","406845.70"
"2226","2355","2025-01-06","Continental Aviation Services","MRO Provider","France","Europe","2025-01-08","2025-01-11","2025-01-10","Delivered","On-Time / Early","-1","484406.08"
"2260","2391","2025-05-14","Continental Aviation Services","MRO Provider","France","Europe","2025-05-17","2025-05-22","2025-05-25","Delivered","Late","3","721501.20"
"2292","2424","2025-08-14","Continental Aviation Services","MRO Provider","France","Europe","2025-08-24","2025-08-28","2025-08-28","Delivered","On-Time / Early","0","1169842.98"
"2297","2429","2025-01-22","Continental Aviation Services","MRO Provider","France","Europe","2025-01-30","2025-02-03","2025-02-03","Delivered","On-Time / Early","0","130725.21"
"2306","2439","2025-11-11","Continental Aviation Services","MRO Provider","France","Europe","2025-11-17","2025-11-22","2025-11-20","Delivered","On-Time / Early","-2","1124973.31"
"2324","2457","2025-12-28","Continental Aviation Services","MRO Provider","France","Europe","2026-01-06","2026-01-09","2026-01-10","Delivered","Late","1","1653906.07"
"2331","2466","2025-05-23","Continental Aviation Services","MRO Provider","France","Europe","2025-05-25","2025-05-28","2025-05-28","Delivered","On-Time / Early","0","1580179.02"
"2346","2481","2026-05-29","Continental Aviation Services","MRO Provider","France","Europe","2026-06-03","2026-06-07","2026-06-05","Delivered","On-Time / Early","-2","290746.20"
"2365","2504","2025-05-15","Continental Aviation Services","MRO Provider","France","Europe","2025-05-20","2025-05-23","2025-05-21","Delivered","On-Time / Early","-2","520153.40"
"1563","1655","2025-05-19","Alpine Aero Maintenance","MRO Provider","Germany","Europe","2025-05-29","2025-06-01","2025-05-30","Delivered","On-Time / Early","-2","502135.73"
"1569","1661","2026-12-06","Alpine Aero Maintenance","MRO Provider","Germany","Europe","2026-12-11","2026-12-17",\N,"In Transit","Not Delivered",\N,"55716.20"
"1571","1663","2026-05-12","Alpine Aero Maintenance","MRO Provider","Germany","Europe","2026-05-15","2026-05-22","2026-05-20","Delivered","On-Time / Early","-2","296053.26"
"1575","1667","2026-05-07","Alpine Aero Maintenance","MRO Provider","Germany","Europe","2026-05-11","2026-05-15","2026-05-13","Delivered","On-Time / Early","-2","398013.32"
"1644","1741","2026-03-01","Alpine Aero Maintenance","MRO Provider","Germany","Europe","2026-03-03","2026-03-08","2026-03-06","Delivered","On-Time / Early","-2","55965.96"
"1654","1751","2025-08-30","Alpine Aero Maintenance","MRO Provider","Germany","Europe","2025-09-09","2025-09-16","2025-09-14","Delivered","On-Time / Early","-2","689615.38"
"1670","1769","2025-05-29","Alpine Aero Maintenance","MRO Provider","Germany","Europe","2025-06-08","2025-06-14","2025-06-12","Delivered","On-Time / Early","-2","73134.51"
"1678","1778","2026-10-22","Alpine Aero Maintenance","MRO Provider","Germany","Europe","2026-10-31","2026-11-04","2026-11-03","Delivered","On-Time / Early","-1","561145.49"
"1682","1782","2025-12-27","Alpine Aero Maintenance","MRO Provider","Germany","Europe","2026-01-03","2026-01-06","2026-01-04","Delivered","On-Time / Early","-2","1260066.05"
"1688","1788","2026-12-04","Alpine Aero Maintenance","MRO Provider","Germany","Europe","2026-12-06","2026-12-10","2026-12-13","Delivered","Late","3","317550.17"
"1695","1795","2025-02-20","Alpine Aero Maintenance","MRO Provider","Germany","Europe","2025-02-22","2025-02-27","2025-02-25","Delivered","On-Time / Early","-2","1372717.64"
"1700","1800","2026-05-22","Alpine Aero Maintenance","MRO Provider","Germany","Europe","2026-05-27","2026-06-02","2026-06-02","Delivered","On-Time / Early","0","1007810.56"
"1702","1802","2025-07-13","Alpine Aero Maintenance","MRO Provider","Germany","Europe","2025-07-23","2025-07-26","2025-07-25","Delivered","On-Time / Early","-1","699055.17"
"1710","1811","2026-11-19","Alpine Aero Maintenance","MRO Provider","Germany","Europe","2026-11-28","2026-12-05","2026-12-08","Delivered","Late","3","1006931.62"
"1728","1831","2025-05-05","Alpine Aero Maintenance","MRO Provider","Germany","Europe","2025-05-13","2025-05-20","2025-05-20","Delivered","On-Time / Early","0","799001.63"
"1752","1855","2025-09-17","Alpine Aero Maintenance","MRO Provider","Germany","Europe","2025-09-26","2025-10-02","2025-09-30","Delivered","On-Time / Early","-2","295378.61"
"1762","1867","2026-11-23","Alpine Aero Maintenance","MRO Provider","Germany","Europe","2026-11-27","2026-11-30","2026-11-28","Delivered","On-Time / Early","-2","634748.82"
"1801","1909","2025-09-30","Alpine Aero Maintenance","MRO Provider","Germany","Europe","2025-10-07","2025-10-13","2025-10-13","Delivered","On-Time / Early","0","1108376.24"
"1814","1922","2026-10-27","Alpine Aero Maintenance","MRO Provider","Germany","Europe","2026-11-01","2026-11-06",\N,"In Transit","Not Delivered",\N,"580941.57"
"1829","1937","2025-03-05","Alpine Aero Maintenance","MRO Provider","Germany","Europe","2025-03-14","2025-03-18","2025-03-16","Delivered","On-Time / Early","-2","689553.22"
"1836","1946","2026-07-27","Alpine Aero Maintenance","MRO Provider","Germany","Europe","2026-08-02","2026-08-08","2026-08-06","Delivered","On-Time / Early","-2","686838.89"
"1843","1953","2025-02-15","Alpine Aero Maintenance","MRO Provider","Germany","Europe","2025-02-18","2025-02-24","2025-03-03","Delivered","Late","7","402189.38"
"1848","1958","2026-02-24","Alpine Aero Maintenance","MRO Provider","Germany","Europe","2026-03-05","2026-03-09","2026-03-09","Delivered","On-Time / Early","0","973633.45"
"1859","1970","2025-07-04","Alpine Aero Maintenance","MRO Provider","Germany","Europe","2025-07-14","2025-07-19","2025-07-18","Delivered","On-Time / Early","-1","1698591.49"
"1874","1985","2025-05-26","Alpine Aero Maintenance","MRO Provider","Germany","Europe","2025-06-01","2025-06-06","2025-06-05","Delivered","On-Time / Early","-1","1601748.36"
"1897","2010","2026-10-16","Alpine Aero Maintenance","MRO Provider","Germany","Europe","2026-10-18","2026-10-25","2026-10-25","Delivered","On-Time / Early","0","450705.34"
"1943","2058","2025-01-07","Alpine Aero Maintenance","MRO Provider","Germany","Europe","2025-01-14","2025-01-20","2025-01-20","Delivered","On-Time / Early","0","1413244.95"
"1950","2065","2025-05-21","Alpine Aero Maintenance","MRO Provider","Germany","Europe","2025-05-24","2025-05-27","2025-05-26","Delivered","On-Time / Early","-1","250845.84"
"1963","2078","2026-08-19","Alpine Aero Maintenance","MRO Provider","Germany","Europe","2026-08-22","2026-08-27","2026-08-25","Delivered","On-Time / Early","-2","64151.55"
"1965","2080","2025-08-29","Alpine Aero Maintenance","MRO Provider","Germany","Europe","2025-09-06","2025-09-13","2025-09-13","Delivered","On-Time / Early","0","731771.90"
"1968","2083","2026-06-16","Alpine Aero Maintenance","MRO Provider","Germany","Europe","2026-06-20","2026-06-26","2026-06-27","Delivered","Late","1","351650.16"
"1970","2085","2026-03-19","Alpine Aero Maintenance","MRO Provider","Germany","Europe","2026-03-28","2026-03-31","2026-03-29","Delivered","On-Time / Early","-2","707321.18"
"1999","2116","2025-02-28","Alpine Aero Maintenance","MRO Provider","Germany","Europe","2025-03-03","2025-03-06","2025-03-06","Delivered","On-Time / Early","0","433370.69"
"2000","2117","2026-02-25","Alpine Aero Maintenance","MRO Provider","Germany","Europe","2026-03-01","2026-03-04","2026-03-04","Delivered","On-Time / Early","0","1084853.27"
"2009","2126","2026-04-13","Alpine Aero Maintenance","MRO Provider","Germany","Europe","2026-04-17","2026-04-21","2026-04-20","Delivered","On-Time / Early","-1","1092816.99"
"2018","2137","2026-04-18","Alpine Aero Maintenance","MRO Provider","Germany","Europe","2026-04-21","2026-04-28","2026-04-28","Delivered","On-Time / Early","0","486845.27"
"2019","2138","2025-07-19","Alpine Aero Maintenance","MRO Provider","Germany","Europe","2025-07-29","2025-08-01","2025-07-30","Delivered","On-Time / Early","-2","847601.93"
"2038","2157","2025-04-19","Alpine Aero Maintenance","MRO Provider","Germany","Europe","2025-04-21","2025-04-25","2025-05-01","Delivered","Late","6","944367.24"
"2068","2189","2026-01-26","Alpine Aero Maintenance","MRO Provider","Germany","Europe","2026-02-02","2026-02-08","2026-02-06","Delivered","On-Time / Early","-2","125638.14"
"2071","2192","2025-10-18","Alpine Aero Maintenance","MRO Provider","Germany","Europe","2025-10-26","2025-10-30","2025-10-28","Delivered","On-Time / Early","-2","1056358.81"
"2075","2196","2026-01-18","Alpine Aero Maintenance","MRO Provider","Germany","Europe","2026-01-22","2026-01-29","2026-01-28","Delivered","On-Time / Early","-1","529625.21"
"2076","2198","2025-05-08","Alpine Aero Maintenance","MRO Provider","Germany","Europe","2025-05-17","2025-05-24","2025-05-23","Delivered","On-Time / Early","-1","945019.47"
"2079","2201","2026-10-29","Alpine Aero Maintenance","MRO Provider","Germany","Europe","2026-11-07","2026-11-13","2026-11-11","Delivered","On-Time / Early","-2","39081.36"
"2107","2229","2026-11-13","Alpine Aero Maintenance","MRO Provider","Germany","Europe","2026-11-18","2026-11-23","2026-11-25","Delivered","Late","2","1453875.11"
"2109","2231","2026-12-17","Alpine Aero Maintenance","MRO Provider","Germany","Europe","2026-12-20","2026-12-26","2026-12-26","Delivered","On-Time / Early","0","1900129.28"
"2110","2233","2025-09-12","Alpine Aero Maintenance","MRO Provider","Germany","Europe","2025-09-16","2025-09-20","2025-09-20","Delivered","On-Time / Early","0","405653.16"
"2153","2280","2025-04-09","Alpine Aero Maintenance","MRO Provider","Germany","Europe","2025-04-14","2025-04-21","2025-04-20","Delivered","On-Time / Early","-1","962795.89"
"2158","2286","2026-10-28","Alpine Aero Maintenance","MRO Provider","Germany","Europe","2026-11-01","2026-11-07","2026-11-06","Delivered","On-Time / Early","-1","805243.93"
"2183","2311","2025-06-17","Alpine Aero Maintenance","MRO Provider","Germany","Europe","2025-06-21","2025-06-24","2025-06-26","Delivered","Late","2","97414.04"
"2184","2312","2026-11-24","Alpine Aero Maintenance","MRO Provider","Germany","Europe","2026-11-28","2026-12-01","2026-12-01","Delivered","On-Time / Early","0","749446.68"
"2193","2321","2025-04-11","Alpine Aero Maintenance","MRO Provider","Germany","Europe","2025-04-17","2025-04-24","2025-04-23","Delivered","On-Time / Early","-1","1275304.59"
"2230","2359","2026-04-27","Alpine Aero Maintenance","MRO Provider","Germany","Europe","2026-05-07","2026-05-14","2026-05-14","Delivered","On-Time / Early","0","332126.12"
"2235","2364","2025-05-17","Alpine Aero Maintenance","MRO Provider","Germany","Europe","2025-05-24","2025-05-31","2025-05-29","Delivered","On-Time / Early","-2","882325.87"
"2250","2381","2025-02-22","Alpine Aero Maintenance","MRO Provider","Germany","Europe","2025-03-01","2025-03-06","2025-03-05","Delivered","On-Time / Early","-1","708484.15"
"2258","2389","2026-05-19","Alpine Aero Maintenance","MRO Provider","Germany","Europe","2026-05-26","2026-05-29","2026-05-29","Delivered","On-Time / Early","0","145531.56"
"2266","2397","2026-09-26","Alpine Aero Maintenance","MRO Provider","Germany","Europe","2026-09-29","2026-10-06","2026-10-04","Delivered","On-Time / Early","-2","284054.34"
"2268","2399","2025-07-16","Alpine Aero Maintenance","MRO Provider","Germany","Europe","2025-07-25","2025-08-01","2025-07-30","Delivered","On-Time / Early","-2","188165.95"
"2276","2407","2026-02-04","Alpine Aero Maintenance","MRO Provider","Germany","Europe","2026-02-08","2026-02-11","2026-02-11","Delivered","On-Time / Early","0","780740.56"
"2290","2422","2026-12-06","Alpine Aero Maintenance","MRO Provider","Germany","Europe","2026-12-09","2026-12-15","2026-12-15","Delivered","On-Time / Early","0","536628.80"
"2294","2426","2026-03-21","Alpine Aero Maintenance","MRO Provider","Germany","Europe","2026-03-30","2026-04-06","2026-04-05","Delivered","On-Time / Early","-1","141738.60"
"2310","2443","2026-03-14","Alpine Aero Maintenance","MRO Provider","Germany","Europe","2026-03-18","2026-03-21","2026-03-20","Delivered","On-Time / Early","-1","1000116.33"
"2313","2446","2025-10-16","Alpine Aero Maintenance","MRO Provider","Germany","Europe","2025-10-19","2025-10-24","2025-10-23","Delivered","On-Time / Early","-1","776175.06"
"2328","2461","2025-08-24","Alpine Aero Maintenance","MRO Provider","Germany","Europe","2025-08-28","2025-09-01","2025-09-06","Delivered","Late","5","565477.10"
"2344","2479","2025-01-12","Alpine Aero Maintenance","MRO Provider","Germany","Europe","2025-01-14","2025-01-20","2025-01-20","Delivered","On-Time / Early","0","1605583.42"
"2375","2515","2026-02-15","Alpine Aero Maintenance","MRO Provider","Germany","Europe","2026-02-20","2026-02-27","2026-02-26","Delivered","On-Time / Early","-1","1078709.98"
"2377","2517","2025-11-18","Alpine Aero Maintenance","MRO Provider","Germany","Europe","2025-11-21","2025-11-28","2025-11-27","Delivered","On-Time / Early","-1","386785.19"
"2385","2525","2025-07-24","Alpine Aero Maintenance","MRO Provider","Germany","Europe","2025-07-29","2025-08-04","2025-08-04","Delivered","On-Time / Early","0","683808.90"
"2398","2538","2026-12-15","Alpine Aero Maintenance","MRO Provider","Germany","Europe","2026-12-17","2026-12-22",\N,"In Transit","Not Delivered",\N,"178203.20"
"2403","2543","2026-11-22","Alpine Aero Maintenance","MRO Provider","Germany","Europe","2026-12-01","2026-12-04","2026-12-02","Delivered","On-Time / Early","-2","682193.83"
"2406","2546","2025-07-12","Alpine Aero Maintenance","MRO Provider","Germany","Europe","2025-07-20","2025-07-23","2025-07-22","Delivered","On-Time / Early","-1","221900.03"
"2407","2547","2026-09-08","Alpine Aero Maintenance","MRO Provider","Germany","Europe","2026-09-15","2026-09-19","2026-09-17","Delivered","On-Time / Early","-2","458629.39"
"1572","1664","2025-06-08","Britannia Aircraft Services","MRO Provider","United Kingdom","Europe","2025-06-14","2025-06-18","2025-06-18","Delivered","On-Time / Early","0","454809.26"
"1597","1690","2025-10-18","Britannia Aircraft Services","MRO Provider","United Kingdom","Europe","2025-10-23","2025-10-27","2025-10-29","Delivered","Late","2","1479608.28"
"1601","1694","2026-11-22","Britannia Aircraft Services","MRO Provider","United Kingdom","Europe","2026-12-02","2026-12-09","2026-12-07","Delivered","On-Time / Early","-2","758226.84"
"1608","1703","2025-09-14","Britannia Aircraft Services","MRO Provider","United Kingdom","Europe","2025-09-21","2025-09-25","2025-09-28","Delivered","Late","3","319242.88"
"1613","1709","2026-11-09","Britannia Aircraft Services","MRO Provider","United Kingdom","Europe","2026-11-12","2026-11-18","2026-11-18","Delivered","On-Time / Early","0","1777197.75"
"1621","1718","2025-06-10","Britannia Aircraft Services","MRO Provider","United Kingdom","Europe","2025-06-13","2025-06-20","2025-06-20","Delivered","On-Time / Early","0","997691.21"
"1626","1723","2025-04-10","Britannia Aircraft Services","MRO Provider","United Kingdom","Europe","2025-04-17","2025-04-22","2025-04-22","Delivered","On-Time / Early","0","673046.03"
"1630","1727","2025-02-08","Britannia Aircraft Services","MRO Provider","United Kingdom","Europe","2025-02-16","2025-02-21","2025-02-19","Delivered","On-Time / Early","-2","1780070.85"
"1643","1740","2025-11-04","Britannia Aircraft Services","MRO Provider","United Kingdom","Europe","2025-11-12","2025-11-19","2025-11-18","Delivered","On-Time / Early","-1","264113.00"
"1683","1783","2025-12-01","Britannia Aircraft Services","MRO Provider","United Kingdom","Europe","2025-12-03","2025-12-09","2025-12-08","Delivered","On-Time / Early","-1","864152.58"
"1705","1805","2026-10-25","Britannia Aircraft Services","MRO Provider","United Kingdom","Europe","2026-10-27","2026-11-01","2026-10-30","Delivered","On-Time / Early","-2","1034783.40"
"1713","1814","2026-12-29","Britannia Aircraft Services","MRO Provider","United Kingdom","Europe","2027-01-08","2027-01-12","2027-01-10","Delivered","On-Time / Early","-2","626727.70"
"1722","1824","2026-07-29","Britannia Aircraft Services","MRO Provider","United Kingdom","Europe","2026-08-03","2026-08-07","2026-08-06","Delivered","On-Time / Early","-1","932039.78"
"1726","1828","2025-01-05","Britannia Aircraft Services","MRO Provider","United Kingdom","Europe","2025-01-09","2025-01-16","2025-01-14","Delivered","On-Time / Early","-2","521134.84"
"1741","1844","2026-01-12","Britannia Aircraft Services","MRO Provider","United Kingdom","Europe","2026-01-19","2026-01-25","2026-01-24","Delivered","On-Time / Early","-1","1733893.11"
"1742","1845","2026-02-02","Britannia Aircraft Services","MRO Provider","United Kingdom","Europe","2026-02-12","2026-02-19","2026-02-17","Delivered","On-Time / Early","-2","1284984.72"
"1749","1852","2026-06-20","Britannia Aircraft Services","MRO Provider","United Kingdom","Europe","2026-06-25","2026-06-30","2026-06-30","Delivered","On-Time / Early","0","397482.48"
"1759","1862","2025-04-19","Britannia Aircraft Services","MRO Provider","United Kingdom","Europe","2025-04-28","2025-05-05","2025-05-03","Delivered","On-Time / Early","-2","132891.08"
"1772","1878","2026-02-14","Britannia Aircraft Services","MRO Provider","United Kingdom","Europe","2026-02-18","2026-02-22","2026-02-20","Delivered","On-Time / Early","-2","630249.45"
"1777","1883","2025-12-22","Britannia Aircraft Services","MRO Provider","United Kingdom","Europe","2025-12-26","2026-01-02","2026-01-02","Delivered","On-Time / Early","0","1459822.72"
"1779","1885","2025-08-26","Britannia Aircraft Services","MRO Provider","United Kingdom","Europe","2025-08-30","2025-09-02","2025-08-31","Delivered","On-Time / Early","-2","1033202.58"
"1794","1902","2025-02-12","Britannia Aircraft Services","MRO Provider","United Kingdom","Europe","2025-02-16","2025-02-20","2025-02-20","Delivered","On-Time / Early","0","502863.79"
"1796","1904","2026-12-27","Britannia Aircraft Services","MRO Provider","United Kingdom","Europe","2026-12-29","2027-01-03","2027-01-06","Delivered","Late","3","1526881.68"
"1823","1931","2025-01-06","Britannia Aircraft Services","MRO Provider","United Kingdom","Europe","2025-01-15","2025-01-21","2025-01-19","Delivered","On-Time / Early","-2","1733107.81"
"1835","1945","2026-04-12","Britannia Aircraft Services","MRO Provider","United Kingdom","Europe","2026-04-22","2026-04-25","2026-04-26","Delivered","Late","1","630883.85"
"1838","1948","2025-02-11","Britannia Aircraft Services","MRO Provider","United Kingdom","Europe","2025-02-14","2025-02-18","2025-02-17","Delivered","On-Time / Early","-1","1264363.84"
"1883","1995","2026-12-26","Britannia Aircraft Services","MRO Provider","United Kingdom","Europe","2027-01-02","2027-01-06",\N,"In Transit","Not Delivered",\N,"35983.71"
"1887","2000","2026-12-22","Britannia Aircraft Services","MRO Provider","United Kingdom","Europe","2026-12-26","2026-12-31",\N,"In Transit","Not Delivered",\N,"686392.41"
"1889","2002","2026-11-19","Britannia Aircraft Services","MRO Provider","United Kingdom","Europe","2026-11-25","2026-11-29","2026-11-29","Delivered","On-Time / Early","0","818321.31"
"1892","2005","2025-07-17","Britannia Aircraft Services","MRO Provider","United Kingdom","Europe","2025-07-25","2025-07-28","2025-07-27","Delivered","On-Time / Early","-1","138933.21"
"1905","2018","2025-11-27","Britannia Aircraft Services","MRO Provider","United Kingdom","Europe","2025-11-29","2025-12-02","2025-11-30","Delivered","On-Time / Early","-2","75658.48"
"1906","2019","2026-11-28","Britannia Aircraft Services","MRO Provider","United Kingdom","Europe","2026-12-02","2026-12-05","2026-12-04","Delivered","On-Time / Early","-1","103114.24"
"1929","2044","2026-08-22","Britannia Aircraft Services","MRO Provider","United Kingdom","Europe","2026-08-26","2026-08-31","2026-08-29","Delivered","On-Time / Early","-2","190286.95"
"1932","2047","2025-01-09","Britannia Aircraft Services","MRO Provider","United Kingdom","Europe","2025-01-12","2025-01-18","2025-01-17","Delivered","On-Time / Early","-1","474395.72"
"1939","2054","2025-02-13","Britannia Aircraft Services","MRO Provider","United Kingdom","Europe","2025-02-21","2025-02-26","2025-02-26","Delivered","On-Time / Early","0","215710.98"
"1962","2077","2026-12-13","Britannia Aircraft Services","MRO Provider","United Kingdom","Europe","2026-12-18","2026-12-24","2026-12-23","Delivered","On-Time / Early","-1","973133.87"
"1984","2100","2025-07-12","Britannia Aircraft Services","MRO Provider","United Kingdom","Europe","2025-07-17","2025-07-23","2025-07-22","Delivered","On-Time / Early","-1","1360388.97"
"1985","2101","2026-03-26","Britannia Aircraft Services","MRO Provider","United Kingdom","Europe","2026-03-30","2026-04-04","2026-04-03","Delivered","On-Time / Early","-1","115047.52"
"1987","2103","2025-01-10","Britannia Aircraft Services","MRO Provider","United Kingdom","Europe","2025-01-16","2025-01-20","2025-01-20","Delivered","On-Time / Early","0","216897.85"
"1993","2110","2025-07-12","Britannia Aircraft Services","MRO Provider","United Kingdom","Europe","2025-07-20","2025-07-25","2025-07-25","Delivered","On-Time / Early","0","634747.97"
"2001","2118","2026-03-05","Britannia Aircraft Services","MRO Provider","United Kingdom","Europe","2026-03-08","2026-03-15","2026-03-13","Delivered","On-Time / Early","-2","139306.36"
"2021","2140","2026-04-21","Britannia Aircraft Services","MRO Provider","United Kingdom","Europe","2026-04-27","2026-05-03","2026-05-02","Delivered","On-Time / Early","-1","495101.52"
"2029","2148","2025-11-12","Britannia Aircraft Services","MRO Provider","United Kingdom","Europe","2025-11-15","2025-11-22","2025-11-20","Delivered","On-Time / Early","-2","408960.45"
"2042","2161","2026-09-06","Britannia Aircraft Services","MRO Provider","United Kingdom","Europe","2026-09-12","2026-09-19","2026-09-19","Delivered","On-Time / Early","0","678266.97"
"2045","2165","2026-11-14","Britannia Aircraft Services","MRO Provider","United Kingdom","Europe","2026-11-22","2026-11-25","2026-11-24","Delivered","On-Time / Early","-1","1368296.26"
"2046","2166","2026-08-23","Britannia Aircraft Services","MRO Provider","United Kingdom","Europe","2026-09-01","2026-09-06","2026-09-06","Delivered","On-Time / Early","0","230046.30"
"2049","2170","2026-01-19","Britannia Aircraft Services","MRO Provider","United Kingdom","Europe","2026-01-21","2026-01-27","2026-01-25","Delivered","On-Time / Early","-2","38545.44"
"2053","2174","2025-02-10","Britannia Aircraft Services","MRO Provider","United Kingdom","Europe","2025-02-13","2025-02-19","2025-02-17","Delivered","On-Time / Early","-2","87445.74"
"2057","2178","2026-01-26","Britannia Aircraft Services","MRO Provider","United Kingdom","Europe","2026-01-30","2026-02-06","2026-02-04","Delivered","On-Time / Early","-2","526717.48"
"2064","2185","2026-08-14","Britannia Aircraft Services","MRO Provider","United Kingdom","Europe","2026-08-20","2026-08-26","2026-08-25","Delivered","On-Time / Early","-1","56307.39"
"2066","2187","2025-06-21","Britannia Aircraft Services","MRO Provider","United Kingdom","Europe","2025-06-27","2025-06-30","2025-06-29","Delivered","On-Time / Early","-1","283699.98"
"2074","2195","2026-01-19","Britannia Aircraft Services","MRO Provider","United Kingdom","Europe","2026-01-23","2026-01-27","2026-01-27","Delivered","On-Time / Early","0","567072.68"
"2080","2202","2025-09-06","Britannia Aircraft Services","MRO Provider","United Kingdom","Europe","2025-09-13","2025-09-20","2025-09-25","Delivered","Late","5","547538.35"
"2095","2217","2025-07-06","Britannia Aircraft Services","MRO Provider","United Kingdom","Europe","2025-07-13","2025-07-18","2025-07-18","Delivered","On-Time / Early","0","884282.82"
"2105","2227","2026-09-11","Britannia Aircraft Services","MRO Provider","United Kingdom","Europe","2026-09-13","2026-09-19","2026-09-18","Delivered","On-Time / Early","-1","344388.00"
"2143","2270","2026-11-26","Britannia Aircraft Services","MRO Provider","United Kingdom","Europe","2026-12-01","2026-12-06","2026-12-05","Delivered","On-Time / Early","-1","987720.39"
"2148","2275","2025-05-21","Britannia Aircraft Services","MRO Provider","United Kingdom","Europe","2025-05-25","2025-05-29","2025-05-28","Delivered","On-Time / Early","-1","1348380.39"
"2155","2282","2026-08-31","Britannia Aircraft Services","MRO Provider","United Kingdom","Europe","2026-09-05","2026-09-12","2026-09-10","Delivered","On-Time / Early","-2","977881.76"
"2212","2340","2025-05-20","Britannia Aircraft Services","MRO Provider","United Kingdom","Europe","2025-05-25","2025-06-01","2025-05-30","Delivered","On-Time / Early","-2","190528.70"
"2218","2347","2026-03-09","Britannia Aircraft Services","MRO Provider","United Kingdom","Europe","2026-03-15","2026-03-20","2026-03-18","Delivered","On-Time / Early","-2","173859.42"
"2225","2354","2026-09-23","Britannia Aircraft Services","MRO Provider","United Kingdom","Europe","2026-10-02","2026-10-07","2026-10-07","Delivered","On-Time / Early","0","175919.58"
"2238","2367","2026-07-18","Britannia Aircraft Services","MRO Provider","United Kingdom","Europe","2026-07-24","2026-07-28","2026-07-26","Delivered","On-Time / Early","-2","314330.96"
"2249","2380","2025-05-30","Britannia Aircraft Services","MRO Provider","United Kingdom","Europe","2025-06-05","2025-06-12","2025-06-10","Delivered","On-Time / Early","-2","271320.66"
"2274","2405","2026-02-12","Britannia Aircraft Services","MRO Provider","United Kingdom","Europe","2026-02-21","2026-02-28","2026-02-26","Delivered","On-Time / Early","-2","578720.66"
"2295","2427","2025-07-05","Britannia Aircraft Services","MRO Provider","United Kingdom","Europe","2025-07-11","2025-07-17","2025-07-17","Delivered","On-Time / Early","0","921353.04"
"2312","2445","2025-04-26","Britannia Aircraft Services","MRO Provider","United Kingdom","Europe","2025-04-28","2025-05-03","2025-05-02","Delivered","On-Time / Early","-1","1839629.85"
"2321","2454","2026-02-04","Britannia Aircraft Services","MRO Provider","United Kingdom","Europe","2026-02-09","2026-02-16","2026-02-15","Delivered","On-Time / Early","-1","431937.81"
"2341","2476","2025-12-12","Britannia Aircraft Services","MRO Provider","United Kingdom","Europe","2025-12-22","2025-12-25","2025-12-25","Delivered","On-Time / Early","0","224186.55"
"2361","2499","2026-01-27","Britannia Aircraft Services","MRO Provider","United Kingdom","Europe","2026-02-06","2026-02-10","2026-02-10","Delivered","On-Time / Early","0","633434.92"
"2370","2509","2025-03-31","Britannia Aircraft Services","MRO Provider","United Kingdom","Europe","2025-04-09","2025-04-15","2025-04-13","Delivered","On-Time / Early","-2","184349.60"
"2374","2514","2026-08-06","Britannia Aircraft Services","MRO Provider","United Kingdom","Europe","2026-08-16","2026-08-21","2026-08-20","Delivered","On-Time / Early","-1","230912.62"
"2376","2516","2025-05-13","Britannia Aircraft Services","MRO Provider","United Kingdom","Europe","2025-05-18","2025-05-25","2025-05-24","Delivered","On-Time / Early","-1","606029.64"
"2386","2526","2026-09-11","Britannia Aircraft Services","MRO Provider","United Kingdom","Europe","2026-09-19","2026-09-25","2026-09-23","Delivered","On-Time / Early","-2","398828.16"
"2397","2537","2026-05-09","Britannia Aircraft Services","MRO Provider","United Kingdom","Europe","2026-05-18","2026-05-23","2026-05-21","Delivered","On-Time / Early","-2","420339.15"
"2422","2564","2026-06-04","EuroFrame Aerospace","Aircraft Manufacturer","Germany","Europe","2026-06-08","2026-06-14","2026-06-12","Delivered","On-Time / Early","-2","2766803.04"
"2443","2585","2025-10-17","EuroFrame Aerospace","Aircraft Manufacturer","Germany","Europe","2025-10-25","2025-10-31","2025-10-31","Delivered","On-Time / Early","0","4075622.23"
"2448","2590","2025-07-04","EuroFrame Aerospace","Aircraft Manufacturer","Germany","Europe","2025-07-13","2025-07-16","2025-07-15","Delivered","On-Time / Early","-1","5660883.72"
"2454","2597","2025-01-31","EuroFrame Aerospace","Aircraft Manufacturer","Germany","Europe","2025-02-08","2025-02-15","2025-02-22","Delivered","Late","7","3473961.30"
"2457","2600","2026-10-30","EuroFrame Aerospace","Aircraft Manufacturer","Germany","Europe","2026-11-03","2026-11-08","2026-11-06","Delivered","On-Time / Early","-2","1369427.94"
"2472","2616","2026-01-30","EuroFrame Aerospace","Aircraft Manufacturer","Germany","Europe","2026-02-03","2026-02-08","2026-02-07","Delivered","On-Time / Early","-1","3691788.97"
"2481","2625","2025-02-10","EuroFrame Aerospace","Aircraft Manufacturer","Germany","Europe","2025-02-17","2025-02-23","2025-02-25","Delivered","Late","2","1969887.62"
"2483","2627","2025-10-09","EuroFrame Aerospace","Aircraft Manufacturer","Germany","Europe","2025-10-13","2025-10-19","2025-10-18","Delivered","On-Time / Early","-1","3403814.68"
"2485","2629","2026-02-07","EuroFrame Aerospace","Aircraft Manufacturer","Germany","Europe","2026-02-14","2026-02-19","2026-02-18","Delivered","On-Time / Early","-1","1555792.93"
"2491","2635","2025-02-23","EuroFrame Aerospace","Aircraft Manufacturer","Germany","Europe","2025-02-27","2025-03-06","2025-03-04","Delivered","On-Time / Early","-2","1417415.04"
"2493","2637","2026-01-24","EuroFrame Aerospace","Aircraft Manufacturer","Germany","Europe","2026-01-30","2026-02-06","2026-02-06","Delivered","On-Time / Early","0","5092915.82"
"2516","2661","2026-09-01","EuroFrame Aerospace","Aircraft Manufacturer","Germany","Europe","2026-09-08","2026-09-14","2026-09-14","Delivered","On-Time / Early","0","4416155.13"
"2519","2664","2026-08-13","EuroFrame Aerospace","Aircraft Manufacturer","Germany","Europe","2026-08-20","2026-08-25","2026-08-23","Delivered","On-Time / Early","-2","4961221.72"
"2522","2667","2026-12-10","EuroFrame Aerospace","Aircraft Manufacturer","Germany","Europe","2026-12-19","2026-12-25","2026-12-23","Delivered","On-Time / Early","-2","3158193.96"
"2533","2679","2025-04-13","EuroFrame Aerospace","Aircraft Manufacturer","Germany","Europe","2025-04-17","2025-04-20","2025-04-19","Delivered","On-Time / Early","-1","3890570.52"
"2544","2691","2025-10-10","EuroFrame Aerospace","Aircraft Manufacturer","Germany","Europe","2025-10-13","2025-10-16","2025-10-16","Delivered","On-Time / Early","0","2303320.14"
"2545","2692","2026-12-20","EuroFrame Aerospace","Aircraft Manufacturer","Germany","Europe","2026-12-30","2027-01-05","2027-01-07","Delivered","Late","2","5429233.60"
"2577","2726","2025-06-08","EuroFrame Aerospace","Aircraft Manufacturer","Germany","Europe","2025-06-12","2025-06-15","2025-06-14","Delivered","On-Time / Early","-1","3020795.88"
"2583","2732","2026-07-14","EuroFrame Aerospace","Aircraft Manufacturer","Germany","Europe","2026-07-24","2026-07-28","2026-07-28","Delivered","On-Time / Early","0","3091255.58"
"2593","2743","2026-04-15","EuroFrame Aerospace","Aircraft Manufacturer","Germany","Europe","2026-04-18","2026-04-22","2026-04-25","Delivered","Late","3","889749.00"
"2597","2747","2025-05-24","EuroFrame Aerospace","Aircraft Manufacturer","Germany","Europe","2025-05-27","2025-06-01","2025-05-30","Delivered","On-Time / Early","-2","6009819.89"
"2651","2803","2026-07-19","EuroFrame Aerospace","Aircraft Manufacturer","Germany","Europe","2026-07-26","2026-08-01","2026-07-31","Delivered","On-Time / Early","-1","4475301.61"
"2652","2804","2025-10-01","EuroFrame Aerospace","Aircraft Manufacturer","Germany","Europe","2025-10-08","2025-10-11","2025-10-09","Delivered","On-Time / Early","-2","1262393.12"
"2653","2805","2025-02-25","EuroFrame Aerospace","Aircraft Manufacturer","Germany","Europe","2025-02-28","2025-03-06","2025-03-06","Delivered","On-Time / Early","0","1339912.34"
"2659","2811","2025-02-04","EuroFrame Aerospace","Aircraft Manufacturer","Germany","Europe","2025-02-12","2025-02-19","2025-02-18","Delivered","On-Time / Early","-1","2054591.64"
"2667","2820","2026-11-26","EuroFrame Aerospace","Aircraft Manufacturer","Germany","Europe","2026-12-04","2026-12-09","2026-12-07","Delivered","On-Time / Early","-2","5641281.38"
"2672","2826","2026-11-07","EuroFrame Aerospace","Aircraft Manufacturer","Germany","Europe","2026-11-17","2026-11-21","2026-11-21","Delivered","On-Time / Early","0","1227140.48"
"2678","2832","2026-07-19","EuroFrame Aerospace","Aircraft Manufacturer","Germany","Europe","2026-07-28","2026-08-03","2026-08-02","Delivered","On-Time / Early","-1","6360467.63"
"2683","2837","2026-08-17","EuroFrame Aerospace","Aircraft Manufacturer","Germany","Europe","2026-08-19","2026-08-26","2026-08-25","Delivered","On-Time / Early","-1","5330899.07"
"2687","2842","2025-07-28","EuroFrame Aerospace","Aircraft Manufacturer","Germany","Europe","2025-07-30","2025-08-05","2025-08-04","Delivered","On-Time / Early","-1","2275502.11"
"2690","2845","2026-01-04","EuroFrame Aerospace","Aircraft Manufacturer","Germany","Europe","2026-01-13","2026-01-20","2026-01-18","Delivered","On-Time / Early","-2","656160.99"
"2710","2865","2025-12-16","EuroFrame Aerospace","Aircraft Manufacturer","Germany","Europe","2025-12-20","2025-12-27","2025-12-26","Delivered","On-Time / Early","-1","1221131.48"
"2723","2881","2026-08-26","EuroFrame Aerospace","Aircraft Manufacturer","Germany","Europe","2026-09-03","2026-09-08","2026-09-08","Delivered","On-Time / Early","0","5563947.65"
"2731","2890","2026-11-14","EuroFrame Aerospace","Aircraft Manufacturer","Germany","Europe","2026-11-20","2026-11-27","2026-11-27","Delivered","On-Time / Early","0","3197075.84"
"2736","2895","2026-04-10","EuroFrame Aerospace","Aircraft Manufacturer","Germany","Europe","2026-04-18","2026-04-23","2026-04-22","Delivered","On-Time / Early","-1","2528092.75"
"2741","2900","2025-12-10","EuroFrame Aerospace","Aircraft Manufacturer","Germany","Europe","2025-12-19","2025-12-25","2025-12-24","Delivered","On-Time / Early","-1","4332284.24"
"2751","2911","2026-12-06","EuroFrame Aerospace","Aircraft Manufacturer","Germany","Europe","2026-12-08","2026-12-14",\N,"In Transit","Not Delivered",\N,"3190994.20"
"2761","2922","2025-11-27","EuroFrame Aerospace","Aircraft Manufacturer","Germany","Europe","2025-12-04","2025-12-10","2025-12-09","Delivered","On-Time / Early","-1","2711816.90"
"2764","2925","2025-02-16","EuroFrame Aerospace","Aircraft Manufacturer","Germany","Europe","2025-02-26","2025-03-01","2025-03-01","Delivered","On-Time / Early","0","3397880.84"
"2787","2948","2026-05-10","EuroFrame Aerospace","Aircraft Manufacturer","Germany","Europe","2026-05-15","2026-05-20","2026-05-18","Delivered","On-Time / Early","-2","1969974.72"
"2795","2957","2026-05-21","EuroFrame Aerospace","Aircraft Manufacturer","Germany","Europe","2026-05-30","2026-06-06","2026-06-05","Delivered","On-Time / Early","-1","2919641.63"
"2811","2973","2025-01-11","EuroFrame Aerospace","Aircraft Manufacturer","Germany","Europe","2025-01-18","2025-01-21","2025-01-21","Delivered","On-Time / Early","0","6609812.05"
"2817","2979","2025-10-09","EuroFrame Aerospace","Aircraft Manufacturer","Germany","Europe","2025-10-11","2025-10-16","2025-10-15","Delivered","On-Time / Early","-1","2159275.54"
"2826","2988","2025-01-01","EuroFrame Aerospace","Aircraft Manufacturer","Germany","Europe","2025-01-03","2025-01-07","2025-01-07","Delivered","On-Time / Early","0","3526627.81"
"2830","2992","2026-06-19","EuroFrame Aerospace","Aircraft Manufacturer","Germany","Europe","2026-06-22","2026-06-27","2026-06-25","Delivered","On-Time / Early","-2","3405900.17"
"2411","2551","2025-12-27","Atlantic Aero Manufacturing","Aircraft Manufacturer","France","Europe","2026-01-02","2026-01-06","2026-01-05","Delivered","On-Time / Early","-1","3178478.79"
"2414","2554","2026-03-23","Atlantic Aero Manufacturing","Aircraft Manufacturer","France","Europe","2026-03-30","2026-04-06","2026-04-05","Delivered","On-Time / Early","-1","5269524.59"
"2468","2612","2025-07-10","Atlantic Aero Manufacturing","Aircraft Manufacturer","France","Europe","2025-07-18","2025-07-25","2025-07-24","Delivered","On-Time / Early","-1","1647135.76"
"2469","2613","2026-01-16","Atlantic Aero Manufacturing","Aircraft Manufacturer","France","Europe","2026-01-19","2026-01-22","2026-01-22","Delivered","On-Time / Early","0","2452864.23"
"2502","2647","2025-04-18","Atlantic Aero Manufacturing","Aircraft Manufacturer","France","Europe","2025-04-25","2025-05-01","2025-05-01","Delivered","On-Time / Early","0","3065460.08"
"2514","2659","2025-10-07","Atlantic Aero Manufacturing","Aircraft Manufacturer","France","Europe","2025-10-11","2025-10-15","2025-10-15","Delivered","On-Time / Early","0","2134420.20"
"2521","2666","2026-02-19","Atlantic Aero Manufacturing","Aircraft Manufacturer","France","Europe","2026-03-01","2026-03-04","2026-03-04","Delivered","On-Time / Early","0","1965703.21"
"2523","2668","2025-07-28","Atlantic Aero Manufacturing","Aircraft Manufacturer","France","Europe","2025-07-31","2025-08-05","2025-08-04","Delivered","On-Time / Early","-1","2887252.68"
"2535","2681","2025-09-17","Atlantic Aero Manufacturing","Aircraft Manufacturer","France","Europe","2025-09-27","2025-09-30","2025-09-28","Delivered","On-Time / Early","-2","1875350.56"
"2540","2686","2026-03-18","Atlantic Aero Manufacturing","Aircraft Manufacturer","France","Europe","2026-03-23","2026-03-30","2026-03-28","Delivered","On-Time / Early","-2","1441422.99"
"2543","2690","2025-12-06","Atlantic Aero Manufacturing","Aircraft Manufacturer","France","Europe","2025-12-11","2025-12-14","2025-12-14","Delivered","On-Time / Early","0","3708212.08"
"2552","2699","2026-03-17","Atlantic Aero Manufacturing","Aircraft Manufacturer","France","Europe","2026-03-23","2026-03-26","2026-03-25","Delivered","On-Time / Early","-1","3000692.65"
"2553","2700","2025-05-22","Atlantic Aero Manufacturing","Aircraft Manufacturer","France","Europe","2025-05-31","2025-06-05","2025-06-03","Delivered","On-Time / Early","-2","3247673.21"
"2587","2737","2026-05-20","Atlantic Aero Manufacturing","Aircraft Manufacturer","France","Europe","2026-05-24","2026-05-31","2026-05-29","Delivered","On-Time / Early","-2","1366420.46"
"2609","2760","2026-04-06","Atlantic Aero Manufacturing","Aircraft Manufacturer","France","Europe","2026-04-12","2026-04-16","2026-04-15","Delivered","On-Time / Early","-1","1464442.26"
"2692","2847","2025-06-14","Atlantic Aero Manufacturing","Aircraft Manufacturer","France","Europe","2025-06-23","2025-06-30","2025-06-29","Delivered","On-Time / Early","-1","3005853.21"
"2696","2851","2025-06-03","Atlantic Aero Manufacturing","Aircraft Manufacturer","France","Europe","2025-06-05","2025-06-11","2025-06-11","Delivered","On-Time / Early","0","5311089.94"
"2724","2882","2026-05-21","Atlantic Aero Manufacturing","Aircraft Manufacturer","France","Europe","2026-05-30","2026-06-03","2026-06-03","Delivered","On-Time / Early","0","825737.64"
"2734","2893","2025-01-27","Atlantic Aero Manufacturing","Aircraft Manufacturer","France","Europe","2025-01-31","2025-02-05","2025-02-03","Delivered","On-Time / Early","-2","4337008.61"
"2791","2952","2026-04-03","Atlantic Aero Manufacturing","Aircraft Manufacturer","France","Europe","2026-04-10","2026-04-13","2026-04-12","Delivered","On-Time / Early","-1","3426165.08"
"2816","2978","2025-08-20","Atlantic Aero Manufacturing","Aircraft Manufacturer","France","Europe","2025-08-24","2025-08-29","2025-08-28","Delivered","On-Time / Early","-1","2353712.62"
"2818","2980","2025-11-10","Atlantic Aero Manufacturing","Aircraft Manufacturer","France","Europe","2025-11-12","2025-11-17","2025-11-16","Delivered","On-Time / Early","-1","1108275.54"
"2835","2997","2026-11-18","Atlantic Aero Manufacturing","Aircraft Manufacturer","France","Europe","2026-11-23","2026-11-30","2026-12-01","Delivered","Late","1","2330838.97"
"2420","2562","2026-04-21","Iberian Aerospace Systems","Aircraft Manufacturer","Spain","Europe","2026-04-27","2026-05-01","2026-04-29","Delivered","On-Time / Early","-2","1638303.85"
"2429","2571","2026-10-14","Iberian Aerospace Systems","Aircraft Manufacturer","Spain","Europe","2026-10-19","2026-10-23","2026-10-22","Delivered","On-Time / Early","-1","656966.28"
"2434","2576","2025-01-27","Iberian Aerospace Systems","Aircraft Manufacturer","Spain","Europe","2025-02-03","2025-02-10","2025-02-10","Delivered","On-Time / Early","0","4507594.42"
"2461","2605","2026-05-15","Iberian Aerospace Systems","Aircraft Manufacturer","Spain","Europe","2026-05-17","2026-05-23","2026-05-23","Delivered","On-Time / Early","0","2277797.40"
"2474","2618","2026-10-24","Iberian Aerospace Systems","Aircraft Manufacturer","Spain","Europe","2026-11-03","2026-11-09","2026-11-08","Delivered","On-Time / Early","-1","1686265.89"
"2511","2656","2026-06-28","Iberian Aerospace Systems","Aircraft Manufacturer","Spain","Europe","2026-06-30","2026-07-03","2026-07-03","Delivered","On-Time / Early","0","4974387.69"
"2563","2712","2026-06-24","Iberian Aerospace Systems","Aircraft Manufacturer","Spain","Europe","2026-06-26","2026-07-01","2026-06-29","Delivered","On-Time / Early","-2","1348856.81"
"2565","2714","2026-04-23","Iberian Aerospace Systems","Aircraft Manufacturer","Spain","Europe","2026-05-01","2026-05-08","2026-05-08","Delivered","On-Time / Early","0","2653764.68"
"2581","2730","2026-06-02","Iberian Aerospace Systems","Aircraft Manufacturer","Spain","Europe","2026-06-07","2026-06-12","2026-06-15","Delivered","Late","3","3059439.09"
"2582","2731","2025-11-04","Iberian Aerospace Systems","Aircraft Manufacturer","Spain","Europe","2025-11-07","2025-11-10","2025-11-16","Delivered","Late","6","2649036.50"
"2590","2740","2026-08-01","Iberian Aerospace Systems","Aircraft Manufacturer","Spain","Europe","2026-08-06","2026-08-12","2026-08-12","Delivered","On-Time / Early","0","880622.12"
"2607","2758","2025-03-16","Iberian Aerospace Systems","Aircraft Manufacturer","Spain","Europe","2025-03-26","2025-04-01","2025-03-30","Delivered","On-Time / Early","-2","3396126.02"
"2619","2770","2026-03-26","Iberian Aerospace Systems","Aircraft Manufacturer","Spain","Europe","2026-04-03","2026-04-09","2026-04-08","Delivered","On-Time / Early","-1","496119.43"
"2623","2774","2025-09-15","Iberian Aerospace Systems","Aircraft Manufacturer","Spain","Europe","2025-09-22","2025-09-26","2025-09-25","Delivered","On-Time / Early","-1","2179723.17"
"2635","2786","2025-12-25","Iberian Aerospace Systems","Aircraft Manufacturer","Spain","Europe","2025-12-28","2026-01-03","2026-01-03","Delivered","On-Time / Early","0","3331772.12"
"2642","2793","2025-12-18","Iberian Aerospace Systems","Aircraft Manufacturer","Spain","Europe","2025-12-23","2025-12-27","2025-12-26","Delivered","On-Time / Early","-1","5288143.11"
"2650","2802","2025-08-14","Iberian Aerospace Systems","Aircraft Manufacturer","Spain","Europe","2025-08-17","2025-08-20","2025-08-20","Delivered","On-Time / Early","0","2532520.80"
"2669","2822","2026-01-26","Iberian Aerospace Systems","Aircraft Manufacturer","Spain","Europe","2026-02-03","2026-02-07","2026-02-06","Delivered","On-Time / Early","-1","5567909.20"
"2675","2829","2025-01-18","Iberian Aerospace Systems","Aircraft Manufacturer","Spain","Europe","2025-01-25","2025-01-31","2025-01-29","Delivered","On-Time / Early","-2","1623413.01"
"2686","2841","2026-06-04","Iberian Aerospace Systems","Aircraft Manufacturer","Spain","Europe","2026-06-08","2026-06-11","2026-06-09","Delivered","On-Time / Early","-2","4116204.92"
"2688","2843","2026-11-29","Iberian Aerospace Systems","Aircraft Manufacturer","Spain","Europe","2026-12-07","2026-12-12","2026-12-10","Delivered","On-Time / Early","-2","927835.37"
"2691","2846","2026-01-19","Iberian Aerospace Systems","Aircraft Manufacturer","Spain","Europe","2026-01-29","2026-02-03","2026-02-01","Delivered","On-Time / Early","-2","5545878.59"
"2713","2868","2025-05-04","Iberian Aerospace Systems","Aircraft Manufacturer","Spain","Europe","2025-05-13","2025-05-19","2025-05-19","Delivered","On-Time / Early","0","1893095.86"
"2722","2880","2026-04-10","Iberian Aerospace Systems","Aircraft Manufacturer","Spain","Europe","2026-04-16","2026-04-19","2026-04-20","Delivered","Late","1","6202659.85"
"2735","2894","2026-08-08","Iberian Aerospace Systems","Aircraft Manufacturer","Spain","Europe","2026-08-14","2026-08-21","2026-08-21","Delivered","On-Time / Early","0","1659371.64"
"2737","2896","2025-05-03","Iberian Aerospace Systems","Aircraft Manufacturer","Spain","Europe","2025-05-11","2025-05-15","2025-05-14","Delivered","On-Time / Early","-1","1092481.99"
"2743","2902","2025-02-09","Iberian Aerospace Systems","Aircraft Manufacturer","Spain","Europe","2025-02-12","2025-02-19","2025-02-19","Delivered","On-Time / Early","0","5914319.09"
"2756","2916","2025-10-22","Iberian Aerospace Systems","Aircraft Manufacturer","Spain","Europe","2025-10-27","2025-10-31","2025-10-29","Delivered","On-Time / Early","-2","1731201.34"
"2757","2917","2026-11-10","Iberian Aerospace Systems","Aircraft Manufacturer","Spain","Europe","2026-11-14","2026-11-18","2026-11-17","Delivered","On-Time / Early","-1","1834917.95"
"2762","2923","2026-03-29","Iberian Aerospace Systems","Aircraft Manufacturer","Spain","Europe","2026-04-05","2026-04-09","2026-04-09","Delivered","On-Time / Early","0","3124961.09"
"2783","2944","2025-11-28","Iberian Aerospace Systems","Aircraft Manufacturer","Spain","Europe","2025-12-06","2025-12-13","2025-12-12","Delivered","On-Time / Early","-1","2106149.63"
"2788","2949","2025-09-08","Iberian Aerospace Systems","Aircraft Manufacturer","Spain","Europe","2025-09-18","2025-09-21","2025-09-19","Delivered","On-Time / Early","-2","2871948.68"
"2803","2965","2025-07-22","Iberian Aerospace Systems","Aircraft Manufacturer","Spain","Europe","2025-08-01","2025-08-07","2025-08-06","Delivered","On-Time / Early","-1","2258054.98"
"2805","2967","2026-07-15","Iberian Aerospace Systems","Aircraft Manufacturer","Spain","Europe","2026-07-18","2026-07-25","2026-07-24","Delivered","On-Time / Early","-1","1320468.57"
"2827","2989","2026-03-27","Iberian Aerospace Systems","Aircraft Manufacturer","Spain","Europe","2026-04-05","2026-04-10","2026-04-09","Delivered","On-Time / Early","-1","2443791.33"
"14","15","2026-06-14","IndoPacific Airlines","Airline","India","Asia-Pacific","2026-06-20","2026-06-27","2026-06-25","Delivered","On-Time / Early","-2","189171.78"
"21","22","2026-11-06","IndoPacific Airlines","Airline","India","Asia-Pacific","2026-11-09","2026-11-19","2026-11-18","Delivered","On-Time / Early","-1","144808.48"
"25","26","2025-10-13","IndoPacific Airlines","Airline","India","Asia-Pacific","2025-10-17","2025-10-27","2025-10-25","Delivered","On-Time / Early","-2","246078.01"
"36","39","2025-03-25","IndoPacific Airlines","Airline","India","Asia-Pacific","2025-03-30","2025-04-06","2025-04-05","Delivered","On-Time / Early","-1","182777.35"
"67","72","2025-11-18","IndoPacific Airlines","Airline","India","Asia-Pacific","2025-11-21","2025-11-29","2025-11-28","Delivered","On-Time / Early","-1","114922.56"
"76","81","2025-08-04","IndoPacific Airlines","Airline","India","Asia-Pacific","2025-08-08","2025-08-14","2025-08-12","Delivered","On-Time / Early","-2","134670.51"
"86","92","2025-05-05","IndoPacific Airlines","Airline","India","Asia-Pacific","2025-05-08","2025-05-13","2025-05-11","Delivered","On-Time / Early","-2","299047.45"
"88","94","2026-06-01","IndoPacific Airlines","Airline","India","Asia-Pacific","2026-06-08","2026-06-13","2026-06-14","Delivered","Late","1","200229.96"
"89","95","2026-05-02","IndoPacific Airlines","Airline","India","Asia-Pacific","2026-05-07","2026-05-13","2026-05-11","Delivered","On-Time / Early","-2","142444.94"
"91","97","2025-10-09","IndoPacific Airlines","Airline","India","Asia-Pacific","2025-10-17","2025-10-27","2025-10-25","Delivered","On-Time / Early","-2","306128.46"
"95","101","2026-04-23","IndoPacific Airlines","Airline","India","Asia-Pacific","2026-04-29","2026-05-05","2026-05-04","Delivered","On-Time / Early","-1","73230.78"
"100","106","2025-10-07","IndoPacific Airlines","Airline","India","Asia-Pacific","2025-10-10","2025-10-18","2025-10-18","Delivered","On-Time / Early","0","72267.14"
"121","127","2025-04-19","IndoPacific Airlines","Airline","India","Asia-Pacific","2025-04-26","2025-05-01","2025-05-01","Delivered","On-Time / Early","0","85094.97"
"150","158","2026-01-25","IndoPacific Airlines","Airline","India","Asia-Pacific","2026-02-04","2026-02-12","2026-02-10","Delivered","On-Time / Early","-2","292861.47"
"174","184","2026-07-10","IndoPacific Airlines","Airline","India","Asia-Pacific","2026-07-12","2026-07-19","2026-07-18","Delivered","On-Time / Early","-1","174696.44"
"177","187","2025-10-22","IndoPacific Airlines","Airline","India","Asia-Pacific","2025-10-29","2025-11-03","2025-11-01","Delivered","On-Time / Early","-2","441641.58"
"180","190","2025-04-27","IndoPacific Airlines","Airline","India","Asia-Pacific","2025-05-04","2025-05-12","2025-05-10","Delivered","On-Time / Early","-2","131912.80"
"182","193","2025-09-07","IndoPacific Airlines","Airline","India","Asia-Pacific","2025-09-15","2025-09-23","2025-09-21","Delivered","On-Time / Early","-2","408491.76"
"194","206","2025-05-28","IndoPacific Airlines","Airline","India","Asia-Pacific","2025-06-01","2025-06-08","2025-06-08","Delivered","On-Time / Early","0","62766.80"
"234","249","2026-09-23","IndoPacific Airlines","Airline","India","Asia-Pacific","2026-09-28","2026-10-04","2026-10-02","Delivered","On-Time / Early","-2","183842.07"
"259","275","2025-08-22","IndoPacific Airlines","Airline","India","Asia-Pacific","2025-08-29","2025-09-06","2025-09-06","Delivered","On-Time / Early","0","266278.48"
"276","292","2026-03-06","IndoPacific Airlines","Airline","India","Asia-Pacific","2026-03-08","2026-03-15","2026-03-14","Delivered","On-Time / Early","-1","481820.33"
"280","296","2026-09-14","IndoPacific Airlines","Airline","India","Asia-Pacific","2026-09-24","2026-09-30","2026-09-29","Delivered","On-Time / Early","-1","214808.75"
"288","305","2025-02-13","IndoPacific Airlines","Airline","India","Asia-Pacific","2025-02-15","2025-02-22","2025-02-22","Delivered","On-Time / Early","0","198492.24"
"358","377","2026-12-03","IndoPacific Airlines","Airline","India","Asia-Pacific","2026-12-13","2026-12-21",\N,"In Transit","Not Delivered",\N,"195184.66"
"367","387","2025-03-22","IndoPacific Airlines","Airline","India","Asia-Pacific","2025-03-31","2025-04-08","2025-04-10","Delivered","Late","2","138951.38"
"369","389","2025-11-10","IndoPacific Airlines","Airline","India","Asia-Pacific","2025-11-17","2025-11-22","2025-11-22","Delivered","On-Time / Early","0","287677.81"
"376","397","2026-11-27","IndoPacific Airlines","Airline","India","Asia-Pacific","2026-12-01","2026-12-06","2026-12-06","Delivered","On-Time / Early","0","211327.80"
"394","416","2025-05-13","IndoPacific Airlines","Airline","India","Asia-Pacific","2025-05-16","2025-05-24","2025-05-24","Delivered","On-Time / Early","0","247479.90"
"405","429","2026-05-11","IndoPacific Airlines","Airline","India","Asia-Pacific","2026-05-19","2026-05-29","2026-05-27","Delivered","On-Time / Early","-2","1058330.26"
"415","439","2026-06-02","IndoPacific Airlines","Airline","India","Asia-Pacific","2026-06-11","2026-06-16","2026-06-15","Delivered","On-Time / Early","-1","525528.03"
"418","442","2025-04-21","IndoPacific Airlines","Airline","India","Asia-Pacific","2025-04-29","2025-05-09","2025-05-08","Delivered","On-Time / Early","-1","227819.92"
"437","461","2025-06-05","IndoPacific Airlines","Airline","India","Asia-Pacific","2025-06-08","2025-06-18","2025-06-18","Delivered","On-Time / Early","0","18675.27"
"482","510","2026-06-17","IndoPacific Airlines","Airline","India","Asia-Pacific","2026-06-19","2026-06-29","2026-06-29","Delivered","On-Time / Early","0","418082.55"
"484","512","2025-02-26","IndoPacific Airlines","Airline","India","Asia-Pacific","2025-03-02","2025-03-07","2025-03-06","Delivered","On-Time / Early","-1","296706.77"
"491","520","2026-01-27","IndoPacific Airlines","Airline","India","Asia-Pacific","2026-02-04","2026-02-09","2026-02-09","Delivered","On-Time / Early","0","25078.82"
"496","525","2026-07-12","IndoPacific Airlines","Airline","India","Asia-Pacific","2026-07-15","2026-07-20","2026-07-18","Delivered","On-Time / Early","-2","210359.31"
"497","526","2025-09-11","IndoPacific Airlines","Airline","India","Asia-Pacific","2025-09-20","2025-09-28","2025-09-26","Delivered","On-Time / Early","-2","316317.36"
"500","529","2025-02-04","IndoPacific Airlines","Airline","India","Asia-Pacific","2025-02-12","2025-02-22","2025-02-21","Delivered","On-Time / Early","-1","438430.18"
"563","596","2025-11-12","IndoPacific Airlines","Airline","India","Asia-Pacific","2025-11-19","2025-11-24","2025-11-22","Delivered","On-Time / Early","-2","315525.93"
"592","628","2026-02-05","IndoPacific Airlines","Airline","India","Asia-Pacific","2026-02-12","2026-02-18","2026-02-16","Delivered","On-Time / Early","-2","47875.10"
"593","629","2025-01-26","IndoPacific Airlines","Airline","India","Asia-Pacific","2025-02-05","2025-02-15","2025-02-20","Delivered","Late","5","635609.51"
"596","632","2025-12-23","IndoPacific Airlines","Airline","India","Asia-Pacific","2026-01-01","2026-01-09","2026-01-08","Delivered","On-Time / Early","-1","316862.37"
"626","664","2025-02-03","IndoPacific Airlines","Airline","India","Asia-Pacific","2025-02-08","2025-02-14","2025-02-12","Delivered","On-Time / Early","-2","139035.58"
"627","665","2025-03-31","IndoPacific Airlines","Airline","India","Asia-Pacific","2025-04-09","2025-04-17","2025-04-17","Delivered","On-Time / Early","0","363482.27"
"653","695","2026-11-28","IndoPacific Airlines","Airline","India","Asia-Pacific","2026-11-30","2026-12-06","2026-12-04","Delivered","On-Time / Early","-2","421036.17"
"686","731","2026-05-24","IndoPacific Airlines","Airline","India","Asia-Pacific","2026-06-03","2026-06-12","2026-06-10","Delivered","On-Time / Early","-2","69706.87"
"692","737","2025-09-12","IndoPacific Airlines","Airline","India","Asia-Pacific","2025-09-16","2025-09-26","2025-09-24","Delivered","On-Time / Early","-2","236230.79"
"706","752","2026-06-17","IndoPacific Airlines","Airline","India","Asia-Pacific","2026-06-23","2026-07-01","2026-06-30","Delivered","On-Time / Early","-1","271355.06"
"727","773","2026-10-24","IndoPacific Airlines","Airline","India","Asia-Pacific","2026-11-01","2026-11-11","2026-11-10","Delivered","On-Time / Early","-1","345677.38"
"729","775","2026-08-11","IndoPacific Airlines","Airline","India","Asia-Pacific","2026-08-19","2026-08-26","2026-08-24","Delivered","On-Time / Early","-2","170695.25"
"733","779","2026-05-26","IndoPacific Airlines","Airline","India","Asia-Pacific","2026-05-28","2026-06-07","2026-06-05","Delivered","On-Time / Early","-2","333788.76"
"785","837","2026-06-20","IndoPacific Airlines","Airline","India","Asia-Pacific","2026-06-30","2026-07-07","2026-07-06","Delivered","On-Time / Early","-1","407746.06"
"837","893","2025-11-11","IndoPacific Airlines","Airline","India","Asia-Pacific","2025-11-21","2025-11-28","2025-11-28","Delivered","On-Time / Early","0","118472.24"
"865","922","2025-11-05","IndoPacific Airlines","Airline","India","Asia-Pacific","2025-11-07","2025-11-16","2025-11-15","Delivered","On-Time / Early","-1","121202.17"
"887","946","2026-02-26","IndoPacific Airlines","Airline","India","Asia-Pacific","2026-03-06","2026-03-15","2026-03-17","Delivered","Late","2","253062.72"
"896","956","2025-03-22","IndoPacific Airlines","Airline","India","Asia-Pacific","2025-03-24","2025-03-30","2025-03-30","Delivered","On-Time / Early","0","192651.38"
"917","980","2025-05-22","IndoPacific Airlines","Airline","India","Asia-Pacific","2025-05-25","2025-05-31","2025-05-29","Delivered","On-Time / Early","-2","75054.59"
"950","1017","2026-06-05","IndoPacific Airlines","Airline","India","Asia-Pacific","2026-06-15","2026-06-23","2026-06-23","Delivered","On-Time / Early","0","49037.12"
"982","1051","2026-05-07","IndoPacific Airlines","Airline","India","Asia-Pacific","2026-05-16","2026-05-22","2026-05-20","Delivered","On-Time / Early","-2","332382.66"
"993","1062","2025-05-24","IndoPacific Airlines","Airline","India","Asia-Pacific","2025-06-01","2025-06-07","2025-06-05","Delivered","On-Time / Early","-2","233343.72"
"1005","1075","2025-05-23","IndoPacific Airlines","Airline","India","Asia-Pacific","2025-05-27","2025-06-03","2025-06-03","Delivered","On-Time / Early","0","404092.21"
"1015","1085","2025-08-10","IndoPacific Airlines","Airline","India","Asia-Pacific","2025-08-18","2025-08-24","2025-08-23","Delivered","On-Time / Early","-1","265632.02"
"1184","1260","2026-04-09","IndoPacific Airlines","Airline","India","Asia-Pacific","2026-04-17","2026-04-27","2026-04-26","Delivered","On-Time / Early","-1","289241.65"
"1196","1272","2026-03-21","IndoPacific Airlines","Airline","India","Asia-Pacific","2026-03-25","2026-03-31","2026-03-29","Delivered","On-Time / Early","-2","330156.18"
"1237","1313","2025-12-04","IndoPacific Airlines","Airline","India","Asia-Pacific","2025-12-10","2025-12-18","2025-12-18","Delivered","On-Time / Early","0","181247.28"
"1257","1333","2026-04-08","IndoPacific Airlines","Airline","India","Asia-Pacific","2026-04-10","2026-04-20","2026-04-26","Delivered","Late","6","279865.48"
"1260","1337","2025-10-20","IndoPacific Airlines","Airline","India","Asia-Pacific","2025-10-29","2025-11-03","2025-11-03","Delivered","On-Time / Early","0","193703.94"
"1262","1339","2026-10-24","IndoPacific Airlines","Airline","India","Asia-Pacific","2026-11-01","2026-11-11","2026-11-11","Delivered","On-Time / Early","0","28955.75"
"1264","1341","2025-11-28","IndoPacific Airlines","Airline","India","Asia-Pacific","2025-12-05","2025-12-11","2025-12-09","Delivered","On-Time / Early","-2","245807.37"
"1277","1355","2026-04-10","IndoPacific Airlines","Airline","India","Asia-Pacific","2026-04-20","2026-04-25","2026-05-02","Delivered","Late","7","149075.75"
"1292","1373","2025-01-25","IndoPacific Airlines","Airline","India","Asia-Pacific","2025-02-03","2025-02-12","2025-02-10","Delivered","On-Time / Early","-2","186311.13"
"1318","1399","2025-02-07","IndoPacific Airlines","Airline","India","Asia-Pacific","2025-02-11","2025-02-20","2025-02-18","Delivered","On-Time / Early","-2","210544.56"
"1335","1417","2026-12-17","IndoPacific Airlines","Airline","India","Asia-Pacific","2026-12-27","2027-01-06","2027-01-05","Delivered","On-Time / Early","-1","319036.22"
"1346","1429","2026-08-29","IndoPacific Airlines","Airline","India","Asia-Pacific","2026-08-31","2026-09-07","2026-09-06","Delivered","On-Time / Early","-1","522528.72"
"1362","1446","2025-08-29","IndoPacific Airlines","Airline","India","Asia-Pacific","2025-08-31","2025-09-05","2025-09-05","Delivered","On-Time / Early","0","388407.45"
"1374","1458","2025-10-03","IndoPacific Airlines","Airline","India","Asia-Pacific","2025-10-08","2025-10-16","2025-10-15","Delivered","On-Time / Early","-1","173944.36"
"1436","1521","2026-10-10","IndoPacific Airlines","Airline","India","Asia-Pacific","2026-10-18","2026-10-25","2026-10-23","Delivered","On-Time / Early","-2","527496.30"
"1446","1532","2025-04-10","IndoPacific Airlines","Airline","India","Asia-Pacific","2025-04-12","2025-04-20","2025-04-20","Delivered","On-Time / Early","0","471724.75"
"1449","1535","2025-07-27","IndoPacific Airlines","Airline","India","Asia-Pacific","2025-08-02","2025-08-07","2025-08-08","Delivered","Late","1","330628.33"
"1477","1564","2026-09-17","IndoPacific Airlines","Airline","India","Asia-Pacific","2026-09-22","2026-09-27","2026-09-25","Delivered","On-Time / Early","-2","427454.42"
"1480","1568","2026-04-15","IndoPacific Airlines","Airline","India","Asia-Pacific","2026-04-24","2026-05-04","2026-05-02","Delivered","On-Time / Early","-2","92696.27"
"1516","1605","2026-03-07","IndoPacific Airlines","Airline","India","Asia-Pacific","2026-03-09","2026-03-18","2026-03-17","Delivered","On-Time / Early","-1","170599.56"
"27","29","2026-05-13","Sakura Sky Airways","Airline","Japan","Asia-Pacific","2026-05-22","2026-05-28","2026-05-26","Delivered","On-Time / Early","-2","219492.13"
"32","35","2026-08-22","Sakura Sky Airways","Airline","Japan","Asia-Pacific","2026-08-31","2026-09-05","2026-09-03","Delivered","On-Time / Early","-2","24491.32"
"112","118","2025-08-12","Sakura Sky Airways","Airline","Japan","Asia-Pacific","2025-08-20","2025-08-27","2025-08-25","Delivered","On-Time / Early","-2","232716.36"
"132","138","2026-02-21","Sakura Sky Airways","Airline","Japan","Asia-Pacific","2026-02-25","2026-03-05","2026-03-03","Delivered","On-Time / Early","-2","159109.10"
"145","152","2026-04-26","Sakura Sky Airways","Airline","Japan","Asia-Pacific","2026-04-28","2026-05-05","2026-05-03","Delivered","On-Time / Early","-2","152801.53"
"167","176","2025-06-29","Sakura Sky Airways","Airline","Japan","Asia-Pacific","2025-07-02","2025-07-10","2025-07-08","Delivered","On-Time / Early","-2","76074.60"
"285","302","2025-01-08","Sakura Sky Airways","Airline","Japan","Asia-Pacific","2025-01-11","2025-01-19","2025-01-17","Delivered","On-Time / Early","-2","206525.61"
"304","321","2025-12-27","Sakura Sky Airways","Airline","Japan","Asia-Pacific","2026-01-04","2026-01-11","2026-01-09","Delivered","On-Time / Early","-2","338832.28"
"361","381","2026-07-11","Sakura Sky Airways","Airline","Japan","Asia-Pacific","2026-07-18","2026-07-26","2026-07-26","Delivered","On-Time / Early","0","358381.49"
"365","385","2025-07-11","Sakura Sky Airways","Airline","Japan","Asia-Pacific","2025-07-13","2025-07-23","2025-07-23","Delivered","On-Time / Early","0","279567.08"
"392","414","2026-04-06","Sakura Sky Airways","Airline","Japan","Asia-Pacific","2026-04-16","2026-04-23","2026-04-23","Delivered","On-Time / Early","0","329033.63"
"402","426","2025-02-01","Sakura Sky Airways","Airline","Japan","Asia-Pacific","2025-02-09","2025-02-16","2025-02-17","Delivered","Late","1","97735.68"
"403","427","2025-11-06","Sakura Sky Airways","Airline","Japan","Asia-Pacific","2025-11-12","2025-11-18","2025-11-21","Delivered","Late","3","585314.40"
"421","445","2026-01-31","Sakura Sky Airways","Airline","Japan","Asia-Pacific","2026-02-02","2026-02-10","2026-02-10","Delivered","On-Time / Early","0","123553.56"
"425","449","2026-02-16","Sakura Sky Airways","Airline","Japan","Asia-Pacific","2026-02-23","2026-03-01","2026-02-27","Delivered","On-Time / Early","-2","242700.59"
"430","454","2025-11-03","Sakura Sky Airways","Airline","Japan","Asia-Pacific","2025-11-07","2025-11-16","2025-11-16","Delivered","On-Time / Early","0","148009.62"
"434","458","2026-08-21","Sakura Sky Airways","Airline","Japan","Asia-Pacific","2026-08-30","2026-09-08","2026-09-07","Delivered","On-Time / Early","-1","190422.18"
"455","481","2026-05-03","Sakura Sky Airways","Airline","Japan","Asia-Pacific","2026-05-05","2026-05-13","2026-05-11","Delivered","On-Time / Early","-2","338013.81"
"469","496","2025-05-24","Sakura Sky Airways","Airline","Japan","Asia-Pacific","2025-06-02","2025-06-09","2025-06-08","Delivered","On-Time / Early","-1","160535.14"
"475","503","2025-05-17","Sakura Sky Airways","Airline","Japan","Asia-Pacific","2025-05-20","2025-05-25","2025-05-27","Delivered","Late","2","135627.86"
"508","539","2026-07-05","Sakura Sky Airways","Airline","Japan","Asia-Pacific","2026-07-14","2026-07-21","2026-07-24","Delivered","Late","3","612743.88"
"586","620","2026-09-05","Sakura Sky Airways","Airline","Japan","Asia-Pacific","2026-09-08","2026-09-13","2026-09-13","Delivered","On-Time / Early","0","653628.94"
"672","717","2026-02-12","Sakura Sky Airways","Airline","Japan","Asia-Pacific","2026-02-14","2026-02-20","2026-02-20","Delivered","On-Time / Early","0","168206.13"
"748","795","2026-06-24","Sakura Sky Airways","Airline","Japan","Asia-Pacific","2026-07-03","2026-07-11","2026-07-09","Delivered","On-Time / Early","-2","387861.01"
"779","830","2026-04-28","Sakura Sky Airways","Airline","Japan","Asia-Pacific","2026-05-01","2026-05-11","2026-05-12","Delivered","Late","1","305858.54"
"786","838","2025-08-30","Sakura Sky Airways","Airline","Japan","Asia-Pacific","2025-09-07","2025-09-13","2025-09-11","Delivered","On-Time / Early","-2","307984.62"
"787","839","2025-02-05","Sakura Sky Airways","Airline","Japan","Asia-Pacific","2025-02-07","2025-02-12","2025-02-10","Delivered","On-Time / Early","-2","459887.49"
"796","850","2026-11-02","Sakura Sky Airways","Airline","Japan","Asia-Pacific","2026-11-12","2026-11-20","2026-11-19","Delivered","On-Time / Early","-1","60575.13"
"844","900","2025-03-24","Sakura Sky Airways","Airline","Japan","Asia-Pacific","2025-04-01","2025-04-08","2025-04-07","Delivered","On-Time / Early","-1","88248.24"
"884","943","2026-08-28","Sakura Sky Airways","Airline","Japan","Asia-Pacific","2026-09-01","2026-09-08","2026-09-07","Delivered","On-Time / Early","-1","278373.40"
"886","945","2025-05-14","Sakura Sky Airways","Airline","Japan","Asia-Pacific","2025-05-24","2025-05-29","2025-05-29","Delivered","On-Time / Early","0","322165.51"
"890","950","2025-09-12","Sakura Sky Airways","Airline","Japan","Asia-Pacific","2025-09-20","2025-09-25","2025-09-25","Delivered","On-Time / Early","0","128806.98"
"921","985","2026-07-30","Sakura Sky Airways","Airline","Japan","Asia-Pacific","2026-08-09","2026-08-15","2026-08-13","Delivered","On-Time / Early","-2","273733.70"
"1009","1079","2026-05-06","Sakura Sky Airways","Airline","Japan","Asia-Pacific","2026-05-13","2026-05-20","2026-05-20","Delivered","On-Time / Early","0","269920.74"
"1022","1092","2025-07-01","Sakura Sky Airways","Airline","Japan","Asia-Pacific","2025-07-08","2025-07-13","2025-07-15","Delivered","Late","2","350231.81"
"1059","1130","2026-07-31","Sakura Sky Airways","Airline","Japan","Asia-Pacific","2026-08-04","2026-08-13","2026-08-13","Delivered","On-Time / Early","0","89953.95"
"1073","1144","2025-11-19","Sakura Sky Airways","Airline","Japan","Asia-Pacific","2025-11-28","2025-12-08","2025-12-06","Delivered","On-Time / Early","-2","42000.50"
"1085","1158","2025-06-03","Sakura Sky Airways","Airline","Japan","Asia-Pacific","2025-06-08","2025-06-18","2025-06-17","Delivered","On-Time / Early","-1","145481.05"
"1161","1237","2026-12-01","Sakura Sky Airways","Airline","Japan","Asia-Pacific","2026-12-07","2026-12-16",\N,"In Transit","Not Delivered",\N,"377534.19"
"1203","1279","2025-03-26","Sakura Sky Airways","Airline","Japan","Asia-Pacific","2025-03-31","2025-04-07","2025-04-05","Delivered","On-Time / Early","-2","491116.50"
"1206","1282","2025-07-22","Sakura Sky Airways","Airline","Japan","Asia-Pacific","2025-07-29","2025-08-05","2025-08-05","Delivered","On-Time / Early","0","231543.85"
"1226","1302","2026-01-25","Sakura Sky Airways","Airline","Japan","Asia-Pacific","2026-02-03","2026-02-13","2026-02-13","Delivered","On-Time / Early","0","37058.00"
"1398","1482","2025-11-05","Sakura Sky Airways","Airline","Japan","Asia-Pacific","2025-11-11","2025-11-16","2025-11-16","Delivered","On-Time / Early","0","330726.76"
"1476","1563","2026-08-23","Sakura Sky Airways","Airline","Japan","Asia-Pacific","2026-08-25","2026-09-03","2026-09-01","Delivered","On-Time / Early","-2","136964.83"
"1483","1571","2026-06-19","Sakura Sky Airways","Airline","Japan","Asia-Pacific","2026-06-26","2026-07-06","2026-07-05","Delivered","On-Time / Early","-1","278855.10"
"1508","1597","2026-04-09","Sakura Sky Airways","Airline","Japan","Asia-Pacific","2026-04-13","2026-04-23","2026-04-22","Delivered","On-Time / Early","-1","609788.40"
"4","5","2025-07-02","Coral Pacific Air","Airline","Australia","Asia-Pacific","2025-07-09","2025-07-18","2025-07-18","Delivered","On-Time / Early","0","451158.72"
"18","19","2025-03-14","Coral Pacific Air","Airline","Australia","Asia-Pacific","2025-03-23","2025-04-02","2025-03-31","Delivered","On-Time / Early","-2","178512.84"
"41","44","2025-08-07","Coral Pacific Air","Airline","Australia","Asia-Pacific","2025-08-09","2025-08-19","2025-08-17","Delivered","On-Time / Early","-2","399300.90"
"44","47","2026-11-01","Coral Pacific Air","Airline","Australia","Asia-Pacific","2026-11-07","2026-11-15",\N,"In Transit","Not Delivered",\N,"523371.58"
"69","74","2025-01-02","Coral Pacific Air","Airline","Australia","Asia-Pacific","2025-01-06","2025-01-13","2025-01-12","Delivered","On-Time / Early","-1","314613.78"
"85","91","2026-12-14","Coral Pacific Air","Airline","Australia","Asia-Pacific","2026-12-16","2026-12-22",\N,"In Transit","Not Delivered",\N,"259032.66"
"142","149","2026-12-27","Coral Pacific Air","Airline","Australia","Asia-Pacific","2027-01-04","2027-01-09","2027-01-09","Delivered","On-Time / Early","0","234736.70"
"181","191","2025-06-07","Coral Pacific Air","Airline","Australia","Asia-Pacific","2025-06-15","2025-06-23","2025-06-23","Delivered","On-Time / Early","0","261450.52"
"183","194","2026-09-06","Coral Pacific Air","Airline","Australia","Asia-Pacific","2026-09-09","2026-09-18","2026-09-18","Delivered","On-Time / Early","0","317871.45"
"192","204","2025-05-10","Coral Pacific Air","Airline","Australia","Asia-Pacific","2025-05-18","2025-05-27","2025-05-25","Delivered","On-Time / Early","-2","169246.86"
"204","217","2025-09-04","Coral Pacific Air","Airline","Australia","Asia-Pacific","2025-09-08","2025-09-17","2025-09-16","Delivered","On-Time / Early","-1","709129.65"
"247","263","2026-03-08","Coral Pacific Air","Airline","Australia","Asia-Pacific","2026-03-14","2026-03-22","2026-03-21","Delivered","On-Time / Early","-1","168411.08"
"248","264","2026-01-06","Coral Pacific Air","Airline","Australia","Asia-Pacific","2026-01-11","2026-01-16","2026-01-16","Delivered","On-Time / Early","0","183218.34"
"250","266","2026-11-06","Coral Pacific Air","Airline","Australia","Asia-Pacific","2026-11-08","2026-11-15","2026-11-14","Delivered","On-Time / Early","-1","258233.25"
"267","283","2026-08-15","Coral Pacific Air","Airline","Australia","Asia-Pacific","2026-08-20","2026-08-25","2026-08-24","Delivered","On-Time / Early","-1","293179.73"
"286","303","2026-01-25","Coral Pacific Air","Airline","Australia","Asia-Pacific","2026-02-02","2026-02-07","2026-02-06","Delivered","On-Time / Early","-1","329639.94"
"300","317","2026-10-06","Coral Pacific Air","Airline","Australia","Asia-Pacific","2026-10-16","2026-10-24","2026-10-27","Delivered","Late","3","188668.90"
"312","329","2026-03-26","Coral Pacific Air","Airline","Australia","Asia-Pacific","2026-03-29","2026-04-04","2026-04-03","Delivered","On-Time / Early","-1","289665.75"
"322","339","2026-03-10","Coral Pacific Air","Airline","Australia","Asia-Pacific","2026-03-20","2026-03-27","2026-03-26","Delivered","On-Time / Early","-1","389120.71"
"379","400","2025-07-10","Coral Pacific Air","Airline","Australia","Asia-Pacific","2025-07-18","2025-07-25","2025-07-25","Delivered","On-Time / Early","0","308867.80"
"390","412","2026-05-06","Coral Pacific Air","Airline","Australia","Asia-Pacific","2026-05-15","2026-05-25","2026-05-26","Delivered","Late","1","36809.58"
"397","421","2025-04-06","Coral Pacific Air","Airline","Australia","Asia-Pacific","2025-04-15","2025-04-20","2025-04-25","Delivered","Late","5","343908.72"
"414","438","2025-11-12","Coral Pacific Air","Airline","Australia","Asia-Pacific","2025-11-22","2025-12-01","2025-11-30","Delivered","On-Time / Early","-1","245910.04"
"526","558","2025-09-09","Coral Pacific Air","Airline","Australia","Asia-Pacific","2025-09-17","2025-09-27","2025-09-25","Delivered","On-Time / Early","-2","108292.05"
"538","570","2025-04-09","Coral Pacific Air","Airline","Australia","Asia-Pacific","2025-04-17","2025-04-25","2025-04-25","Delivered","On-Time / Early","0","117926.81"
"557","590","2026-04-07","Coral Pacific Air","Airline","Australia","Asia-Pacific","2026-04-12","2026-04-21","2026-04-20","Delivered","On-Time / Early","-1","181449.72"
"623","661","2026-01-11","Coral Pacific Air","Airline","Australia","Asia-Pacific","2026-01-18","2026-01-27","2026-01-26","Delivered","On-Time / Early","-1","325233.16"
"666","709","2025-07-30","Coral Pacific Air","Airline","Australia","Asia-Pacific","2025-08-06","2025-08-11","2025-08-09","Delivered","On-Time / Early","-2","545520.91"
"810","865","2026-04-21","Coral Pacific Air","Airline","Australia","Asia-Pacific","2026-04-28","2026-05-08","2026-05-08","Delivered","On-Time / Early","0","92386.14"
"840","896","2025-07-19","Coral Pacific Air","Airline","Australia","Asia-Pacific","2025-07-23","2025-07-31","2025-07-30","Delivered","On-Time / Early","-1","70762.29"
"854","911","2026-09-03","Coral Pacific Air","Airline","Australia","Asia-Pacific","2026-09-07","2026-09-13","2026-09-12","Delivered","On-Time / Early","-1","48701.60"
"867","924","2025-04-18","Coral Pacific Air","Airline","Australia","Asia-Pacific","2025-04-21","2025-04-30","2025-04-29","Delivered","On-Time / Early","-1","367700.14"
"868","925","2025-04-19","Coral Pacific Air","Airline","Australia","Asia-Pacific","2025-04-21","2025-04-29","2025-04-27","Delivered","On-Time / Early","-2","710011.45"
"892","952","2025-06-10","Coral Pacific Air","Airline","Australia","Asia-Pacific","2025-06-18","2025-06-27","2025-06-25","Delivered","On-Time / Early","-2","350760.46"
"910","973","2025-01-05","Coral Pacific Air","Airline","Australia","Asia-Pacific","2025-01-12","2025-01-17","2025-01-18","Delivered","Late","1","361236.03"
"914","977","2025-11-26","Coral Pacific Air","Airline","Australia","Asia-Pacific","2025-12-02","2025-12-11","2025-12-11","Delivered","On-Time / Early","0","334623.09"
"943","1008","2025-11-22","Coral Pacific Air","Airline","Australia","Asia-Pacific","2025-11-25","2025-12-01","2025-11-29","Delivered","On-Time / Early","-2","220557.60"
"991","1060","2026-05-29","Coral Pacific Air","Airline","Australia","Asia-Pacific","2026-06-03","2026-06-10","2026-06-13","Delivered","Late","3","82928.84"
"1013","1083","2025-07-04","Coral Pacific Air","Airline","Australia","Asia-Pacific","2025-07-06","2025-07-11","2025-07-10","Delivered","On-Time / Early","-1","439381.26"
"1023","1093","2026-06-29","Coral Pacific Air","Airline","Australia","Asia-Pacific","2026-07-08","2026-07-17","2026-07-17","Delivered","On-Time / Early","0","309679.60"
"1049","1119","2026-09-06","Coral Pacific Air","Airline","Australia","Asia-Pacific","2026-09-11","2026-09-18","2026-09-17","Delivered","On-Time / Early","-1","48979.74"
"1077","1149","2026-12-17","Coral Pacific Air","Airline","Australia","Asia-Pacific","2026-12-25","2027-01-01",\N,"In Transit","Not Delivered",\N,"451926.94"
"1112","1187","2026-12-16","Coral Pacific Air","Airline","Australia","Asia-Pacific","2026-12-18","2026-12-24",\N,"In Transit","Not Delivered",\N,"186961.47"
"1124","1199","2025-09-03","Coral Pacific Air","Airline","Australia","Asia-Pacific","2025-09-11","2025-09-19","2025-09-19","Delivered","On-Time / Early","0","221291.90"
"1137","1213","2025-04-07","Coral Pacific Air","Airline","Australia","Asia-Pacific","2025-04-11","2025-04-20","2025-04-20","Delivered","On-Time / Early","0","169032.84"
"1148","1224","2026-12-20","Coral Pacific Air","Airline","Australia","Asia-Pacific","2026-12-26","2027-01-03","2027-01-02","Delivered","On-Time / Early","-1","534992.50"
"1158","1234","2026-10-16","Coral Pacific Air","Airline","Australia","Asia-Pacific","2026-10-21","2026-10-26",\N,"In Transit","Not Delivered",\N,"228965.31"
"1188","1264","2026-07-21","Coral Pacific Air","Airline","Australia","Asia-Pacific","2026-07-31","2026-08-05","2026-08-05","Delivered","On-Time / Early","0","172821.62"
"1235","1311","2026-01-27","Coral Pacific Air","Airline","Australia","Asia-Pacific","2026-02-04","2026-02-10","2026-02-10","Delivered","On-Time / Early","0","139338.33"
"1286","1366","2026-02-28","Coral Pacific Air","Airline","Australia","Asia-Pacific","2026-03-08","2026-03-13","2026-03-11","Delivered","On-Time / Early","-2","466659.10"
"1290","1371","2026-10-10","Coral Pacific Air","Airline","Australia","Asia-Pacific","2026-10-18","2026-10-28",\N,"In Transit","Not Delivered",\N,"371088.46"
"1314","1395","2026-03-31","Coral Pacific Air","Airline","Australia","Asia-Pacific","2026-04-06","2026-04-12","2026-04-10","Delivered","On-Time / Early","-2","234139.68"
"1371","1455","2026-04-11","Coral Pacific Air","Airline","Australia","Asia-Pacific","2026-04-21","2026-04-28","2026-04-27","Delivered","On-Time / Early","-1","293770.19"
"1378","1462","2025-03-22","Coral Pacific Air","Airline","Australia","Asia-Pacific","2025-03-31","2025-04-06","2025-04-12","Delivered","Late","6","293029.92"
"1381","1465","2025-12-18","Coral Pacific Air","Airline","Australia","Asia-Pacific","2025-12-26","2026-01-01","2025-12-31","Delivered","On-Time / Early","-1","166444.20"
"1408","1492","2025-04-11","Coral Pacific Air","Airline","Australia","Asia-Pacific","2025-04-17","2025-04-26","2025-04-25","Delivered","On-Time / Early","-1","276725.88"
"1441","1527","2026-11-15","Coral Pacific Air","Airline","Australia","Asia-Pacific","2026-11-17","2026-11-24","2026-11-22","Delivered","On-Time / Early","-2","251786.52"
"1459","1545","2025-10-05","Coral Pacific Air","Airline","Australia","Asia-Pacific","2025-10-14","2025-10-22","2025-10-22","Delivered","On-Time / Early","0","210033.45"
"1466","1553","2026-05-01","Coral Pacific Air","Airline","Australia","Asia-Pacific","2026-05-04","2026-05-14","2026-05-13","Delivered","On-Time / Early","-1","358309.57"
"1500","1589","2025-02-26","Coral Pacific Air","Airline","Australia","Asia-Pacific","2025-03-02","2025-03-12","2025-03-11","Delivered","On-Time / Early","-1","71118.88"
"1514","1603","2025-07-29","Coral Pacific Air","Airline","Australia","Asia-Pacific","2025-08-05","2025-08-12","2025-08-10","Delivered","On-Time / Early","-2","153122.94"
"1537","1629","2026-08-21","Coral Pacific Air","Airline","Australia","Asia-Pacific","2026-08-28","2026-09-05","2026-09-04","Delivered","On-Time / Early","-1","320031.22"
"1558","1650","2025-10-11","Coral Pacific Air","Airline","Australia","Asia-Pacific","2025-10-15","2025-10-20","2025-10-18","Delivered","On-Time / Early","-2","286861.83"
"6","7","2025-06-15","LionStar Aviation","Airline","Singapore","Asia-Pacific","2025-06-24","2025-06-29","2025-06-28","Delivered","On-Time / Early","-1","50405.88"
"19","20","2025-08-08","LionStar Aviation","Airline","Singapore","Asia-Pacific","2025-08-14","2025-08-22","2025-08-25","Delivered","Late","3","127396.40"
"24","25","2025-07-14","LionStar Aviation","Airline","Singapore","Asia-Pacific","2025-07-20","2025-07-28","2025-07-26","Delivered","On-Time / Early","-2","508148.18"
"52","55","2026-03-14","LionStar Aviation","Airline","Singapore","Asia-Pacific","2026-03-19","2026-03-27","2026-03-26","Delivered","On-Time / Early","-1","417632.55"
"53","57","2026-08-20","LionStar Aviation","Airline","Singapore","Asia-Pacific","2026-08-30","2026-09-06","2026-09-04","Delivered","On-Time / Early","-2","152196.50"
"143","150","2025-02-25","LionStar Aviation","Airline","Singapore","Asia-Pacific","2025-03-06","2025-03-14","2025-03-14","Delivered","On-Time / Early","0","296450.96"
"163","171","2026-05-28","LionStar Aviation","Airline","Singapore","Asia-Pacific","2026-06-04","2026-06-09","2026-06-09","Delivered","On-Time / Early","0","327112.43"
"179","189","2025-11-15","LionStar Aviation","Airline","Singapore","Asia-Pacific","2025-11-19","2025-11-28","2025-11-27","Delivered","On-Time / Early","-1","216729.21"
"187","198","2026-04-03","LionStar Aviation","Airline","Singapore","Asia-Pacific","2026-04-07","2026-04-17","2026-04-16","Delivered","On-Time / Early","-1","211841.70"
"202","215","2025-09-08","LionStar Aviation","Airline","Singapore","Asia-Pacific","2025-09-11","2025-09-18","2025-09-17","Delivered","On-Time / Early","-1","135105.00"
"211","225","2025-01-09","LionStar Aviation","Airline","Singapore","Asia-Pacific","2025-01-18","2025-01-27","2025-01-26","Delivered","On-Time / Early","-1","89884.96"
"255","271","2026-08-23","LionStar Aviation","Airline","Singapore","Asia-Pacific","2026-08-31","2026-09-08","2026-09-08","Delivered","On-Time / Early","0","289459.78"
"256","272","2026-09-04","LionStar Aviation","Airline","Singapore","Asia-Pacific","2026-09-12","2026-09-19","2026-09-18","Delivered","On-Time / Early","-1","143798.70"
"264","280","2026-07-30","LionStar Aviation","Airline","Singapore","Asia-Pacific","2026-08-01","2026-08-07","2026-08-06","Delivered","On-Time / Early","-1","18292.94"
"315","332","2025-04-07","LionStar Aviation","Airline","Singapore","Asia-Pacific","2025-04-11","2025-04-18","2025-04-16","Delivered","On-Time / Early","-2","620994.82"
"335","353","2026-01-16","LionStar Aviation","Airline","Singapore","Asia-Pacific","2026-01-26","2026-02-04","2026-02-04","Delivered","On-Time / Early","0","270564.75"
"345","364","2025-06-03","LionStar Aviation","Airline","Singapore","Asia-Pacific","2025-06-10","2025-06-15","2025-06-15","Delivered","On-Time / Early","0","177731.98"
"353","372","2026-06-04","LionStar Aviation","Airline","Singapore","Asia-Pacific","2026-06-09","2026-06-14","2026-06-13","Delivered","On-Time / Early","-1","259207.37"
"357","376","2025-12-27","LionStar Aviation","Airline","Singapore","Asia-Pacific","2025-12-31","2026-01-07","2026-01-05","Delivered","On-Time / Early","-2","71485.80"
"408","432","2026-06-12","LionStar Aviation","Airline","Singapore","Asia-Pacific","2026-06-18","2026-06-25","2026-06-23","Delivered","On-Time / Early","-2","359814.06"
"462","489","2026-10-19","LionStar Aviation","Airline","Singapore","Asia-Pacific","2026-10-22","2026-10-29",\N,"In Transit","Not Delivered",\N,"335200.58"
"485","513","2025-03-01","LionStar Aviation","Airline","Singapore","Asia-Pacific","2025-03-03","2025-03-11","2025-03-10","Delivered","On-Time / Early","-1","698639.44"
"488","516","2025-03-07","LionStar Aviation","Airline","Singapore","Asia-Pacific","2025-03-11","2025-03-20","2025-03-19","Delivered","On-Time / Early","-1","18507.93"
"512","544","2025-04-05","LionStar Aviation","Airline","Singapore","Asia-Pacific","2025-04-10","2025-04-18","2025-04-18","Delivered","On-Time / Early","0","330198.38"
"518","550","2025-09-03","LionStar Aviation","Airline","Singapore","Asia-Pacific","2025-09-05","2025-09-14","2025-09-12","Delivered","On-Time / Early","-2","362700.46"
"535","567","2026-06-29","LionStar Aviation","Airline","Singapore","Asia-Pacific","2026-07-02","2026-07-10","2026-07-13","Delivered","Late","3","371868.11"
"536","568","2025-10-09","LionStar Aviation","Airline","Singapore","Asia-Pacific","2025-10-17","2025-10-22","2025-10-21","Delivered","On-Time / Early","-1","273477.16"
"615","651","2026-10-13","LionStar Aviation","Airline","Singapore","Asia-Pacific","2026-10-21","2026-10-30","2026-10-30","Delivered","On-Time / Early","0","462870.52"
"619","657","2025-03-26","LionStar Aviation","Airline","Singapore","Asia-Pacific","2025-04-03","2025-04-08","2025-04-08","Delivered","On-Time / Early","0","389704.95"
"624","662","2026-03-28","LionStar Aviation","Airline","Singapore","Asia-Pacific","2026-04-03","2026-04-10","2026-04-09","Delivered","On-Time / Early","-1","365731.73"
"691","736","2025-02-06","LionStar Aviation","Airline","Singapore","Asia-Pacific","2025-02-14","2025-02-19","2025-02-22","Delivered","Late","3","349023.45"
"714","760","2025-05-04","LionStar Aviation","Airline","Singapore","Asia-Pacific","2025-05-13","2025-05-18","2025-05-18","Delivered","On-Time / Early","0","503768.37"
"746","793","2026-05-20","LionStar Aviation","Airline","Singapore","Asia-Pacific","2026-05-22","2026-05-28","2026-05-26","Delivered","On-Time / Early","-2","124255.16"
"898","959","2026-07-25","LionStar Aviation","Airline","Singapore","Asia-Pacific","2026-07-28","2026-08-03","2026-08-02","Delivered","On-Time / Early","-1","141788.37"
"904","966","2025-10-26","LionStar Aviation","Airline","Singapore","Asia-Pacific","2025-11-02","2025-11-09","2025-11-07","Delivered","On-Time / Early","-2","452084.33"
"942","1007","2026-08-10","LionStar Aviation","Airline","Singapore","Asia-Pacific","2026-08-12","2026-08-22","2026-08-22","Delivered","On-Time / Early","0","284372.80"
"946","1012","2026-09-26","LionStar Aviation","Airline","Singapore","Asia-Pacific","2026-10-02","2026-10-12","2026-10-12","Delivered","On-Time / Early","0","40069.60"
"955","1022","2025-07-30","LionStar Aviation","Airline","Singapore","Asia-Pacific","2025-08-05","2025-08-13","2025-08-12","Delivered","On-Time / Early","-1","186276.80"
"958","1025","2025-09-15","LionStar Aviation","Airline","Singapore","Asia-Pacific","2025-09-21","2025-09-30","2025-09-29","Delivered","On-Time / Early","-1","217849.20"
"967","1035","2025-01-12","LionStar Aviation","Airline","Singapore","Asia-Pacific","2025-01-14","2025-01-19","2025-01-20","Delivered","Late","1","392294.71"
"968","1036","2025-01-06","LionStar Aviation","Airline","Singapore","Asia-Pacific","2025-01-11","2025-01-16","2025-01-15","Delivered","On-Time / Early","-1","210954.30"
"983","1052","2026-05-14","LionStar Aviation","Airline","Singapore","Asia-Pacific","2026-05-22","2026-05-29","2026-05-29","Delivered","On-Time / Early","0","642055.42"
"988","1057","2025-02-07","LionStar Aviation","Airline","Singapore","Asia-Pacific","2025-02-15","2025-02-22","2025-02-22","Delivered","On-Time / Early","0","167306.30"
"1031","1101","2025-01-08","LionStar Aviation","Airline","Singapore","Asia-Pacific","2025-01-16","2025-01-26","2025-01-26","Delivered","On-Time / Early","0","458401.63"
"1037","1107","2026-01-15","LionStar Aviation","Airline","Singapore","Asia-Pacific","2026-01-17","2026-01-25","2026-01-26","Delivered","Late","1","263908.81"
"1054","1124","2025-04-03","LionStar Aviation","Airline","Singapore","Asia-Pacific","2025-04-08","2025-04-14","2025-04-14","Delivered","On-Time / Early","0","207753.49"
"1056","1126","2026-02-18","LionStar Aviation","Airline","Singapore","Asia-Pacific","2026-02-24","2026-03-01","2026-02-28","Delivered","On-Time / Early","-1","108572.70"
"1084","1157","2025-08-30","LionStar Aviation","Airline","Singapore","Asia-Pacific","2025-09-06","2025-09-13","2025-09-12","Delivered","On-Time / Early","-1","145203.50"
"1114","1189","2026-10-17","LionStar Aviation","Airline","Singapore","Asia-Pacific","2026-10-19","2026-10-24","2026-10-22","Delivered","On-Time / Early","-2","234569.68"
"1118","1193","2026-04-26","LionStar Aviation","Airline","Singapore","Asia-Pacific","2026-05-02","2026-05-10","2026-05-13","Delivered","Late","3","402808.48"
"1171","1247","2025-09-30","LionStar Aviation","Airline","Singapore","Asia-Pacific","2025-10-05","2025-10-12","2025-10-11","Delivered","On-Time / Early","-1","331544.36"
"1173","1249","2025-08-25","LionStar Aviation","Airline","Singapore","Asia-Pacific","2025-09-03","2025-09-11","2025-09-10","Delivered","On-Time / Early","-1","544303.96"
"1180","1256","2025-11-19","LionStar Aviation","Airline","Singapore","Asia-Pacific","2025-11-21","2025-11-29","2025-11-29","Delivered","On-Time / Early","0","402951.69"
"1199","1275","2025-11-23","LionStar Aviation","Airline","Singapore","Asia-Pacific","2025-11-26","2025-12-05","2025-12-06","Delivered","Late","1","74623.28"
"1218","1294","2025-07-28","LionStar Aviation","Airline","Singapore","Asia-Pacific","2025-07-31","2025-08-07","2025-08-06","Delivered","On-Time / Early","-1","220594.35"
"1241","1317","2026-07-25","LionStar Aviation","Airline","Singapore","Asia-Pacific","2026-07-27","2026-08-05","2026-08-12","Delivered","Late","7","191518.57"
"1258","1335","2025-02-10","LionStar Aviation","Airline","Singapore","Asia-Pacific","2025-02-20","2025-02-28","2025-02-26","Delivered","On-Time / Early","-2","467063.90"
"1279","1357","2026-10-06","LionStar Aviation","Airline","Singapore","Asia-Pacific","2026-10-14","2026-10-19","2026-10-17","Delivered","On-Time / Early","-2","239796.34"
"1321","1402","2025-01-24","LionStar Aviation","Airline","Singapore","Asia-Pacific","2025-01-27","2025-02-03","2025-02-01","Delivered","On-Time / Early","-2","249149.64"
"1326","1407","2025-12-25","LionStar Aviation","Airline","Singapore","Asia-Pacific","2025-12-27","2026-01-06","2026-01-09","Delivered","Late","3","287042.25"
"1344","1426","2025-11-06","LionStar Aviation","Airline","Singapore","Asia-Pacific","2025-11-12","2025-11-17","2025-11-16","Delivered","On-Time / Early","-1","269751.90"
"1347","1430","2025-12-17","LionStar Aviation","Airline","Singapore","Asia-Pacific","2025-12-24","2025-12-31","2025-12-29","Delivered","On-Time / Early","-2","311063.96"
"1375","1459","2025-02-08","LionStar Aviation","Airline","Singapore","Asia-Pacific","2025-02-10","2025-02-19","2025-02-17","Delivered","On-Time / Early","-2","630636.68"
"1426","1511","2026-02-05","LionStar Aviation","Airline","Singapore","Asia-Pacific","2026-02-10","2026-02-16","2026-02-18","Delivered","Late","2","125955.48"
"1453","1539","2026-01-14","LionStar Aviation","Airline","Singapore","Asia-Pacific","2026-01-24","2026-02-02","2026-02-01","Delivered","On-Time / Early","-1","509898.43"
"1490","1578","2025-03-27","LionStar Aviation","Airline","Singapore","Asia-Pacific","2025-03-31","2025-04-09","2025-04-09","Delivered","On-Time / Early","0","215093.43"
"1498","1587","2026-09-20","LionStar Aviation","Airline","Singapore","Asia-Pacific","2026-09-25","2026-10-05","2026-10-04","Delivered","On-Time / Early","-1","277911.42"
"1503","1592","2025-03-10","LionStar Aviation","Airline","Singapore","Asia-Pacific","2025-03-17","2025-03-27","2025-03-27","Delivered","On-Time / Early","0","173246.55"
"1515","1604","2026-11-30","LionStar Aviation","Airline","Singapore","Asia-Pacific","2026-12-02","2026-12-12","2026-12-12","Delivered","On-Time / Early","0","705546.09"
"1538","1630","2025-03-27","LionStar Aviation","Airline","Singapore","Asia-Pacific","2025-04-01","2025-04-08","2025-04-13","Delivered","Late","5","37298.16"
"82","88","2026-10-07","Southern Cross Airways","Airline","Australia","Asia-Pacific","2026-10-17","2026-10-22","2026-10-21","Delivered","On-Time / Early","-1","128192.52"
"87","93","2026-07-27","Southern Cross Airways","Airline","Australia","Asia-Pacific","2026-08-05","2026-08-14","2026-08-16","Delivered","Late","2","250886.45"
"103","109","2026-08-30","Southern Cross Airways","Airline","Australia","Asia-Pacific","2026-09-03","2026-09-10","2026-09-12","Delivered","Late","2","252756.31"
"115","121","2025-11-16","Southern Cross Airways","Airline","Australia","Asia-Pacific","2025-11-20","2025-11-25","2025-11-24","Delivered","On-Time / Early","-1","354642.57"
"127","133","2026-04-21","Southern Cross Airways","Airline","Australia","Asia-Pacific","2026-04-24","2026-05-02","2026-05-02","Delivered","On-Time / Early","0","185620.38"
"140","147","2026-06-22","Southern Cross Airways","Airline","Australia","Asia-Pacific","2026-06-24","2026-07-01","2026-07-01","Delivered","On-Time / Early","0","494343.44"
"216","230","2025-02-04","Southern Cross Airways","Airline","Australia","Asia-Pacific","2025-02-09","2025-02-14","2025-02-13","Delivered","On-Time / Early","-1","237105.56"
"289","306","2025-11-17","Southern Cross Airways","Airline","Australia","Asia-Pacific","2025-11-24","2025-11-30","2025-11-29","Delivered","On-Time / Early","-1","118607.72"
"348","367","2026-05-27","Southern Cross Airways","Airline","Australia","Asia-Pacific","2026-05-29","2026-06-07","2026-06-07","Delivered","On-Time / Early","0","267492.20"
"377","398","2025-03-20","Southern Cross Airways","Airline","Australia","Asia-Pacific","2025-03-27","2025-04-03","2025-04-01","Delivered","On-Time / Early","-2","273206.74"
"445","471","2025-05-05","Southern Cross Airways","Airline","Australia","Asia-Pacific","2025-05-07","2025-05-12","2025-05-10","Delivered","On-Time / Early","-2","551543.59"
"466","493","2025-10-30","Southern Cross Airways","Airline","Australia","Asia-Pacific","2025-11-03","2025-11-10","2025-11-10","Delivered","On-Time / Early","0","230336.22"
"470","498","2025-11-06","Southern Cross Airways","Airline","Australia","Asia-Pacific","2025-11-12","2025-11-22","2025-11-21","Delivered","On-Time / Early","-1","72796.78"
"481","509","2025-07-27","Southern Cross Airways","Airline","Australia","Asia-Pacific","2025-07-29","2025-08-06","2025-08-04","Delivered","On-Time / Early","-2","313238.20"
"524","556","2026-08-22","Southern Cross Airways","Airline","Australia","Asia-Pacific","2026-08-30","2026-09-08","2026-09-08","Delivered","On-Time / Early","0","398385.15"
"573","606","2026-05-23","Southern Cross Airways","Airline","Australia","Asia-Pacific","2026-06-01","2026-06-07","2026-06-08","Delivered","Late","1","158159.22"
"614","650","2025-05-22","Southern Cross Airways","Airline","Australia","Asia-Pacific","2025-05-30","2025-06-05","2025-06-05","Delivered","On-Time / Early","0","136625.44"
"621","659","2026-04-14","Southern Cross Airways","Airline","Australia","Asia-Pacific","2026-04-18","2026-04-24","2026-04-24","Delivered","On-Time / Early","0","201745.64"
"622","660","2025-04-26","Southern Cross Airways","Airline","Australia","Asia-Pacific","2025-05-01","2025-05-09","2025-05-07","Delivered","On-Time / Early","-2","557160.68"
"676","721","2026-02-05","Southern Cross Airways","Airline","Australia","Asia-Pacific","2026-02-15","2026-02-22","2026-02-22","Delivered","On-Time / Early","0","750229.82"
"693","738","2025-03-21","Southern Cross Airways","Airline","Australia","Asia-Pacific","2025-03-27","2025-04-02","2025-03-31","Delivered","On-Time / Early","-2","554373.34"
"707","753","2025-03-28","Southern Cross Airways","Airline","Australia","Asia-Pacific","2025-04-05","2025-04-12","2025-04-11","Delivered","On-Time / Early","-1","211645.98"
"725","771","2025-03-28","Southern Cross Airways","Airline","Australia","Asia-Pacific","2025-04-05","2025-04-14","2025-04-14","Delivered","On-Time / Early","0","147935.61"
"745","792","2026-08-05","Southern Cross Airways","Airline","Australia","Asia-Pacific","2026-08-14","2026-08-20","2026-08-25","Delivered","Late","5","342116.03"
"812","867","2026-05-01","Southern Cross Airways","Airline","Australia","Asia-Pacific","2026-05-10","2026-05-15","2026-05-13","Delivered","On-Time / Early","-2","194556.52"
"822","877","2026-02-11","Southern Cross Airways","Airline","Australia","Asia-Pacific","2026-02-16","2026-02-21","2026-02-21","Delivered","On-Time / Early","0","219358.97"
"830","886","2025-02-06","Southern Cross Airways","Airline","Australia","Asia-Pacific","2025-02-10","2025-02-16","2025-02-23","Delivered","Late","7","257899.80"
"839","895","2026-10-12","Southern Cross Airways","Airline","Australia","Asia-Pacific","2026-10-20","2026-10-30","2026-10-30","Delivered","On-Time / Early","0","331315.80"
"846","902","2025-06-22","Southern Cross Airways","Airline","Australia","Asia-Pacific","2025-06-27","2025-07-05","2025-07-03","Delivered","On-Time / Early","-2","535407.03"
"858","915","2025-01-23","Southern Cross Airways","Airline","Australia","Asia-Pacific","2025-02-01","2025-02-10","2025-02-09","Delivered","On-Time / Early","-1","230788.47"
"1007","1077","2026-01-06","Southern Cross Airways","Airline","Australia","Asia-Pacific","2026-01-14","2026-01-21","2026-01-19","Delivered","On-Time / Early","-2","408658.66"
"1019","1089","2026-04-10","Southern Cross Airways","Airline","Australia","Asia-Pacific","2026-04-19","2026-04-28","2026-04-28","Delivered","On-Time / Early","0","604719.66"
"1028","1098","2026-12-15","Southern Cross Airways","Airline","Australia","Asia-Pacific","2026-12-25","2027-01-01","2026-12-30","Delivered","On-Time / Early","-2","506760.88"
"1038","1108","2025-11-11","Southern Cross Airways","Airline","Australia","Asia-Pacific","2025-11-19","2025-11-26","2025-11-28","Delivered","Late","2","340746.25"
"1098","1172","2026-09-20","Southern Cross Airways","Airline","Australia","Asia-Pacific","2026-09-30","2026-10-05","2026-10-03","Delivered","On-Time / Early","-2","109148.94"
"1144","1220","2025-02-13","Southern Cross Airways","Airline","Australia","Asia-Pacific","2025-02-23","2025-03-03","2025-03-02","Delivered","On-Time / Early","-1","110579.12"
"1176","1252","2026-10-16","Southern Cross Airways","Airline","Australia","Asia-Pacific","2026-10-21","2026-10-30","2026-10-28","Delivered","On-Time / Early","-2","278317.36"
"1191","1267","2025-04-05","Southern Cross Airways","Airline","Australia","Asia-Pacific","2025-04-14","2025-04-23","2025-04-22","Delivered","On-Time / Early","-1","61469.98"
"1238","1314","2025-05-22","Southern Cross Airways","Airline","Australia","Asia-Pacific","2025-05-26","2025-06-02","2025-05-31","Delivered","On-Time / Early","-2","92384.71"
"1287","1367","2025-04-22","Southern Cross Airways","Airline","Australia","Asia-Pacific","2025-04-25","2025-05-05","2025-05-07","Delivered","Late","2","354519.00"
"1288","1368","2026-12-07","Southern Cross Airways","Airline","Australia","Asia-Pacific","2026-12-15","2026-12-22","2026-12-25","Delivered","Late","3","114819.99"
"1304","1385","2025-11-03","Southern Cross Airways","Airline","Australia","Asia-Pacific","2025-11-08","2025-11-14","2025-11-12","Delivered","On-Time / Early","-2","48368.48"
"1308","1389","2025-06-19","Southern Cross Airways","Airline","Australia","Asia-Pacific","2025-06-25","2025-07-01","2025-06-30","Delivered","On-Time / Early","-1","347834.45"
"1325","1406","2026-09-30","Southern Cross Airways","Airline","Australia","Asia-Pacific","2026-10-06","2026-10-15","2026-10-14","Delivered","On-Time / Early","-1","46271.22"
"1334","1416","2026-04-22","Southern Cross Airways","Airline","Australia","Asia-Pacific","2026-05-01","2026-05-06","2026-05-05","Delivered","On-Time / Early","-1","383165.64"
"1342","1424","2026-09-11","Southern Cross Airways","Airline","Australia","Asia-Pacific","2026-09-16","2026-09-25","2026-09-23","Delivered","On-Time / Early","-2","428142.42"
"1356","1439","2026-09-23","Southern Cross Airways","Airline","Australia","Asia-Pacific","2026-10-03","2026-10-11","2026-10-11","Delivered","On-Time / Early","0","431619.44"
"1370","1454","2026-12-14","Southern Cross Airways","Airline","Australia","Asia-Pacific","2026-12-20","2026-12-30",\N,"In Transit","Not Delivered",\N,"112070.85"
"1385","1469","2026-04-30","Southern Cross Airways","Airline","Australia","Asia-Pacific","2026-05-08","2026-05-14","2026-05-14","Delivered","On-Time / Early","0","324963.88"
"1450","1536","2026-12-02","Southern Cross Airways","Airline","Australia","Asia-Pacific","2026-12-04","2026-12-12","2026-12-11","Delivered","On-Time / Early","-1","292524.15"
"1472","1559","2026-08-30","Southern Cross Airways","Airline","Australia","Asia-Pacific","2026-09-06","2026-09-16","2026-09-15","Delivered","On-Time / Early","-1","115477.48"
"79","84","2026-10-11","AsiaConnect Airlines","Airline","India","Asia-Pacific","2026-10-13","2026-10-19","2026-10-18","Delivered","On-Time / Early","-1","96081.28"
"113","119","2025-06-21","AsiaConnect Airlines","Airline","India","Asia-Pacific","2025-06-27","2025-07-02","2025-07-01","Delivered","On-Time / Early","-1","575487.34"
"149","157","2026-03-03","AsiaConnect Airlines","Airline","India","Asia-Pacific","2026-03-05","2026-03-13","2026-03-12","Delivered","On-Time / Early","-1","342118.24"
"152","160","2025-03-03","AsiaConnect Airlines","Airline","India","Asia-Pacific","2025-03-12","2025-03-20","2025-03-20","Delivered","On-Time / Early","0","314279.80"
"153","161","2025-08-01","AsiaConnect Airlines","Airline","India","Asia-Pacific","2025-08-07","2025-08-16","2025-08-16","Delivered","On-Time / Early","0","284086.83"
"175","185","2026-01-06","AsiaConnect Airlines","Airline","India","Asia-Pacific","2026-01-09","2026-01-16","2026-01-15","Delivered","On-Time / Early","-1","581838.38"
"178","188","2026-10-08","AsiaConnect Airlines","Airline","India","Asia-Pacific","2026-10-10","2026-10-15","2026-10-21","Delivered","Late","6","763516.60"
"197","210","2025-02-06","AsiaConnect Airlines","Airline","India","Asia-Pacific","2025-02-16","2025-02-21","2025-02-20","Delivered","On-Time / Early","-1","73014.72"
"203","216","2025-03-22","AsiaConnect Airlines","Airline","India","Asia-Pacific","2025-03-30","2025-04-04","2025-04-03","Delivered","On-Time / Early","-1","93527.99"
"213","227","2025-08-24","AsiaConnect Airlines","Airline","India","Asia-Pacific","2025-08-30","2025-09-04","2025-09-04","Delivered","On-Time / Early","0","432856.46"
"214","228","2025-07-14","AsiaConnect Airlines","Airline","India","Asia-Pacific","2025-07-16","2025-07-24","2025-07-22","Delivered","On-Time / Early","-2","279431.43"
"238","254","2025-08-06","AsiaConnect Airlines","Airline","India","Asia-Pacific","2025-08-15","2025-08-24","2025-08-22","Delivered","On-Time / Early","-2","99395.40"
"301","318","2026-08-02","AsiaConnect Airlines","Airline","India","Asia-Pacific","2026-08-06","2026-08-14","2026-08-14","Delivered","On-Time / Early","0","452892.20"
"303","320","2026-03-29","AsiaConnect Airlines","Airline","India","Asia-Pacific","2026-03-31","2026-04-08","2026-04-06","Delivered","On-Time / Early","-2","143711.04"
"306","323","2025-04-03","AsiaConnect Airlines","Airline","India","Asia-Pacific","2025-04-13","2025-04-21","2025-04-21","Delivered","On-Time / Early","0","279006.35"
"330","347","2026-03-31","AsiaConnect Airlines","Airline","India","Asia-Pacific","2026-04-02","2026-04-10","2026-04-08","Delivered","On-Time / Early","-2","182042.70"
"347","366","2026-03-06","AsiaConnect Airlines","Airline","India","Asia-Pacific","2026-03-14","2026-03-21","2026-03-19","Delivered","On-Time / Early","-2","103451.18"
"350","369","2025-01-02","AsiaConnect Airlines","Airline","India","Asia-Pacific","2025-01-05","2025-01-10","2025-01-10","Delivered","On-Time / Early","0","210270.21"
"354","373","2025-02-14","AsiaConnect Airlines","Airline","India","Asia-Pacific","2025-02-24","2025-03-03","2025-03-03","Delivered","On-Time / Early","0","624905.40"
"356","375","2026-11-04","AsiaConnect Airlines","Airline","India","Asia-Pacific","2026-11-08","2026-11-13","2026-11-16","Delivered","Late","3","291681.81"
"371","391","2025-12-28","AsiaConnect Airlines","Airline","India","Asia-Pacific","2026-01-03","2026-01-08","2026-01-07","Delivered","On-Time / Early","-1","355738.66"
"393","415","2026-07-19","AsiaConnect Airlines","Airline","India","Asia-Pacific","2026-07-29","2026-08-04","2026-08-04","Delivered","On-Time / Early","0","108605.52"
"432","456","2026-12-06","AsiaConnect Airlines","Airline","India","Asia-Pacific","2026-12-09","2026-12-16","2026-12-14","Delivered","On-Time / Early","-2","502543.74"
"457","483","2025-04-02","AsiaConnect Airlines","Airline","India","Asia-Pacific","2025-04-08","2025-04-15","2025-04-14","Delivered","On-Time / Early","-1","539231.57"
"519","551","2026-07-01","AsiaConnect Airlines","Airline","India","Asia-Pacific","2026-07-05","2026-07-15","2026-07-15","Delivered","On-Time / Early","0","87241.97"
"542","574","2025-03-24","AsiaConnect Airlines","Airline","India","Asia-Pacific","2025-04-02","2025-04-12","2025-04-10","Delivered","On-Time / Early","-2","69931.75"
"545","577","2026-03-21","AsiaConnect Airlines","Airline","India","Asia-Pacific","2026-03-28","2026-04-02","2026-03-31","Delivered","On-Time / Early","-2","454889.35"
"579","612","2026-12-13","AsiaConnect Airlines","Airline","India","Asia-Pacific","2026-12-23","2026-12-31","2026-12-29","Delivered","On-Time / Early","-2","319529.96"
"584","618","2025-05-23","AsiaConnect Airlines","Airline","India","Asia-Pacific","2025-05-27","2025-06-04","2025-06-04","Delivered","On-Time / Early","0","148228.26"
"602","638","2025-07-10","AsiaConnect Airlines","Airline","India","Asia-Pacific","2025-07-18","2025-07-23","2025-07-23","Delivered","On-Time / Early","0","245899.59"
"617","655","2026-06-02","AsiaConnect Airlines","Airline","India","Asia-Pacific","2026-06-12","2026-06-21","2026-06-21","Delivered","On-Time / Early","0","591410.04"
"636","677","2025-10-03","AsiaConnect Airlines","Airline","India","Asia-Pacific","2025-10-11","2025-10-18","2025-10-17","Delivered","On-Time / Early","-1","398087.54"
"651","693","2026-03-16","AsiaConnect Airlines","Airline","India","Asia-Pacific","2026-03-20","2026-03-26","2026-03-24","Delivered","On-Time / Early","-2","141250.12"
"660","702","2025-08-07","AsiaConnect Airlines","Airline","India","Asia-Pacific","2025-08-14","2025-08-20","2025-08-20","Delivered","On-Time / Early","0","303107.50"
"665","707","2026-07-21","AsiaConnect Airlines","Airline","India","Asia-Pacific","2026-07-28","2026-08-07","2026-08-05","Delivered","On-Time / Early","-2","128570.61"
"732","778","2025-02-05","AsiaConnect Airlines","Airline","India","Asia-Pacific","2025-02-07","2025-02-16","2025-02-15","Delivered","On-Time / Early","-1","230428.51"
"777","827","2026-10-03","AsiaConnect Airlines","Airline","India","Asia-Pacific","2026-10-12","2026-10-22","2026-10-21","Delivered","On-Time / Early","-1","554291.16"
"803","858","2026-03-03","AsiaConnect Airlines","Airline","India","Asia-Pacific","2026-03-06","2026-03-16","2026-03-15","Delivered","On-Time / Early","-1","305600.82"
"824","879","2026-09-01","AsiaConnect Airlines","Airline","India","Asia-Pacific","2026-09-04","2026-09-11","2026-09-10","Delivered","On-Time / Early","-1","585084.74"
"836","892","2025-12-10","AsiaConnect Airlines","Airline","India","Asia-Pacific","2025-12-14","2025-12-21","2025-12-20","Delivered","On-Time / Early","-1","358032.16"
"850","907","2025-01-05","AsiaConnect Airlines","Airline","India","Asia-Pacific","2025-01-14","2025-01-23","2025-01-23","Delivered","On-Time / Early","0","348924.86"
"859","916","2026-12-30","AsiaConnect Airlines","Airline","India","Asia-Pacific","2027-01-09","2027-01-18","2027-01-22","Delivered","Late","4","42129.09"
"866","923","2025-10-04","AsiaConnect Airlines","Airline","India","Asia-Pacific","2025-10-11","2025-10-16","2025-10-15","Delivered","On-Time / Early","-1","340290.20"
"895","955","2026-07-18","AsiaConnect Airlines","Airline","India","Asia-Pacific","2026-07-28","2026-08-02","2026-08-01","Delivered","On-Time / Early","-1","292521.87"
"899","960","2026-09-26","AsiaConnect Airlines","Airline","India","Asia-Pacific","2026-09-29","2026-10-08","2026-10-12","Delivered","Late","4","355291.71"
"902","963","2026-09-27","AsiaConnect Airlines","Airline","India","Asia-Pacific","2026-10-03","2026-10-10","2026-10-10","Delivered","On-Time / Early","0","63223.19"
"941","1006","2026-10-03","AsiaConnect Airlines","Airline","India","Asia-Pacific","2026-10-10","2026-10-19","2026-10-18","Delivered","On-Time / Early","-1","405768.33"
"961","1028","2025-01-07","AsiaConnect Airlines","Airline","India","Asia-Pacific","2025-01-09","2025-01-14","2025-01-12","Delivered","On-Time / Early","-2","702827.13"
"976","1045","2025-10-19","AsiaConnect Airlines","Airline","India","Asia-Pacific","2025-10-21","2025-10-26","2025-10-25","Delivered","On-Time / Early","-1","496856.29"
"1014","1084","2026-08-01","AsiaConnect Airlines","Airline","India","Asia-Pacific","2026-08-06","2026-08-12","2026-08-12","Delivered","On-Time / Early","0","377510.24"
"1032","1102","2026-01-20","AsiaConnect Airlines","Airline","India","Asia-Pacific","2026-01-24","2026-02-01","2026-01-30","Delivered","On-Time / Early","-2","262637.40"
"1047","1117","2025-06-29","AsiaConnect Airlines","Airline","India","Asia-Pacific","2025-07-07","2025-07-15","2025-07-14","Delivered","On-Time / Early","-1","43689.59"
"1096","1170","2026-04-20","AsiaConnect Airlines","Airline","India","Asia-Pacific","2026-04-29","2026-05-07","2026-05-07","Delivered","On-Time / Early","0","261891.39"
"1109","1183","2026-03-30","AsiaConnect Airlines","Airline","India","Asia-Pacific","2026-04-08","2026-04-16","2026-04-19","Delivered","Late","3","113059.56"
"1127","1202","2026-04-12","AsiaConnect Airlines","Airline","India","Asia-Pacific","2026-04-18","2026-04-27","2026-04-27","Delivered","On-Time / Early","0","45220.95"
"1167","1243","2025-08-15","AsiaConnect Airlines","Airline","India","Asia-Pacific","2025-08-18","2025-08-23","2025-08-21","Delivered","On-Time / Early","-2","85669.12"
"1182","1258","2025-11-28","AsiaConnect Airlines","Airline","India","Asia-Pacific","2025-11-30","2025-12-06","2025-12-06","Delivered","On-Time / Early","0","217349.15"
"1212","1288","2026-03-29","AsiaConnect Airlines","Airline","India","Asia-Pacific","2026-04-05","2026-04-12","2026-04-14","Delivered","Late","2","144352.65"
"1232","1308","2025-03-05","AsiaConnect Airlines","Airline","India","Asia-Pacific","2025-03-15","2025-03-22","2025-03-20","Delivered","On-Time / Early","-2","64548.80"
"1240","1316","2025-05-29","AsiaConnect Airlines","Airline","India","Asia-Pacific","2025-06-04","2025-06-14","2025-06-13","Delivered","On-Time / Early","-1","85362.22"
"1246","1322","2026-09-19","AsiaConnect Airlines","Airline","India","Asia-Pacific","2026-09-21","2026-09-30","2026-09-28","Delivered","On-Time / Early","-2","173066.28"
"1255","1331","2025-02-12","AsiaConnect Airlines","Airline","India","Asia-Pacific","2025-02-19","2025-02-25","2025-02-24","Delivered","On-Time / Early","-1","344395.16"
"1256","1332","2026-02-08","AsiaConnect Airlines","Airline","India","Asia-Pacific","2026-02-18","2026-02-25","2026-03-03","Delivered","Late","6","338788.72"
"1269","1346","2026-06-08","AsiaConnect Airlines","Airline","India","Asia-Pacific","2026-06-10","2026-06-18","2026-06-17","Delivered","On-Time / Early","-1","642646.83"
"1274","1352","2025-01-04","AsiaConnect Airlines","Airline","India","Asia-Pacific","2025-01-14","2025-01-19","2025-01-19","Delivered","On-Time / Early","0","37063.70"
"1298","1379","2026-08-06","AsiaConnect Airlines","Airline","India","Asia-Pacific","2026-08-09","2026-08-19","2026-08-17","Delivered","On-Time / Early","-2","83491.04"
"1328","1409","2025-11-15","AsiaConnect Airlines","Airline","India","Asia-Pacific","2025-11-19","2025-11-25","2025-11-24","Delivered","On-Time / Early","-1","448000.03"
"1402","1486","2026-06-29","AsiaConnect Airlines","Airline","India","Asia-Pacific","2026-07-01","2026-07-08","2026-07-08","Delivered","On-Time / Early","0","117407.07"
"1415","1499","2025-03-19","AsiaConnect Airlines","Airline","India","Asia-Pacific","2025-03-21","2025-03-31","2025-03-31","Delivered","On-Time / Early","0","219299.82"
"1419","1504","2025-07-25","AsiaConnect Airlines","Airline","India","Asia-Pacific","2025-08-02","2025-08-10","2025-08-08","Delivered","On-Time / Early","-2","209615.38"
"1424","1509","2025-06-02","AsiaConnect Airlines","Airline","India","Asia-Pacific","2025-06-09","2025-06-15","2025-06-17","Delivered","Late","2","429161.09"
"1435","1520","2025-04-20","AsiaConnect Airlines","Airline","India","Asia-Pacific","2025-04-30","2025-05-08","2025-05-07","Delivered","On-Time / Early","-1","288820.62"
"1443","1529","2026-05-16","AsiaConnect Airlines","Airline","India","Asia-Pacific","2026-05-26","2026-06-03","2026-06-01","Delivered","On-Time / Early","-2","285628.13"
"1455","1541","2026-10-10","AsiaConnect Airlines","Airline","India","Asia-Pacific","2026-10-19","2026-10-26","2026-10-25","Delivered","On-Time / Early","-1","185788.75"
"1460","1546","2025-06-28","AsiaConnect Airlines","Airline","India","Asia-Pacific","2025-07-01","2025-07-08","2025-07-06","Delivered","On-Time / Early","-2","122905.30"
"1461","1547","2026-05-27","AsiaConnect Airlines","Airline","India","Asia-Pacific","2026-06-04","2026-06-09","2026-06-08","Delivered","On-Time / Early","-1","299854.77"
"1481","1569","2025-10-30","AsiaConnect Airlines","Airline","India","Asia-Pacific","2025-11-03","2025-11-13","2025-11-11","Delivered","On-Time / Early","-2","73887.20"
"1495","1584","2026-01-15","AsiaConnect Airlines","Airline","India","Asia-Pacific","2026-01-17","2026-01-26","2026-01-26","Delivered","On-Time / Early","0","471848.18"
"1499","1588","2025-03-24","AsiaConnect Airlines","Airline","India","Asia-Pacific","2025-04-02","2025-04-11","2025-04-09","Delivered","On-Time / Early","-2","193417.38"
"1518","1607","2026-06-17","AsiaConnect Airlines","Airline","India","Asia-Pacific","2026-06-27","2026-07-02","2026-07-01","Delivered","On-Time / Early","-1","124014.46"
"1519","1608","2026-11-03","AsiaConnect Airlines","Airline","India","Asia-Pacific","2026-11-11","2026-11-18","2026-11-18","Delivered","On-Time / Early","0","373919.91"
"1523","1613","2025-06-20","AsiaConnect Airlines","Airline","India","Asia-Pacific","2025-06-22","2025-06-30","2025-06-28","Delivered","On-Time / Early","-2","86735.95"
"1540","1632","2025-11-22","AsiaConnect Airlines","Airline","India","Asia-Pacific","2025-11-26","2025-12-04","2025-12-04","Delivered","On-Time / Early","0","956061.81"
"1547","1639","2026-08-25","AsiaConnect Airlines","Airline","India","Asia-Pacific","2026-09-04","2026-09-13","2026-09-12","Delivered","On-Time / Early","-1","298904.75"
"1557","1649","2026-12-06","AsiaConnect Airlines","Airline","India","Asia-Pacific","2026-12-14","2026-12-21","2026-12-19","Delivered","On-Time / Early","-2","195703.56"
"1565","1657","2025-10-26","Pacific Maintenance Group","MRO Provider","India","Asia-Pacific","2025-11-01","2025-11-08","2025-11-06","Delivered","On-Time / Early","-2","850024.04"
"1567","1659","2025-06-21","Pacific Maintenance Group","MRO Provider","India","Asia-Pacific","2025-06-23","2025-07-02","2025-07-04","Delivered","Late","2","764590.81"
"1620","1717","2026-12-03","Pacific Maintenance Group","MRO Provider","India","Asia-Pacific","2026-12-05","2026-12-10","2026-12-09","Delivered","On-Time / Early","-1","272847.59"
"1648","1745","2026-10-16","Pacific Maintenance Group","MRO Provider","India","Asia-Pacific","2026-10-22","2026-10-28",\N,"In Transit","Not Delivered",\N,"278442.63"
"1663","1761","2025-05-04","Pacific Maintenance Group","MRO Provider","India","Asia-Pacific","2025-05-09","2025-05-14","2025-05-14","Delivered","On-Time / Early","0","968859.28"
"1774","1880","2025-03-04","Pacific Maintenance Group","MRO Provider","India","Asia-Pacific","2025-03-11","2025-03-17","2025-03-17","Delivered","On-Time / Early","0","233941.98"
"1816","1924","2025-05-10","Pacific Maintenance Group","MRO Provider","India","Asia-Pacific","2025-05-19","2025-05-28","2025-05-28","Delivered","On-Time / Early","0","1035207.24"
"1908","2021","2026-03-07","Pacific Maintenance Group","MRO Provider","India","Asia-Pacific","2026-03-09","2026-03-17","2026-03-17","Delivered","On-Time / Early","0","498620.64"
"1919","2034","2025-02-27","Pacific Maintenance Group","MRO Provider","India","Asia-Pacific","2025-03-07","2025-03-15","2025-03-18","Delivered","Late","3","91725.44"
"1954","2069","2025-07-16","Pacific Maintenance Group","MRO Provider","India","Asia-Pacific","2025-07-20","2025-07-26","2025-07-28","Delivered","Late","2","70646.76"
"1973","2088","2026-05-29","Pacific Maintenance Group","MRO Provider","India","Asia-Pacific","2026-06-03","2026-06-11","2026-06-11","Delivered","On-Time / Early","0","168994.84"
"1982","2098","2025-08-28","Pacific Maintenance Group","MRO Provider","India","Asia-Pacific","2025-09-07","2025-09-12","2025-09-10","Delivered","On-Time / Early","-2","275535.02"
"2111","2234","2026-05-02","Pacific Maintenance Group","MRO Provider","India","Asia-Pacific","2026-05-09","2026-05-14","2026-05-14","Delivered","On-Time / Early","0","638515.16"
"2167","2295","2026-08-22","Pacific Maintenance Group","MRO Provider","India","Asia-Pacific","2026-08-29","2026-09-03","2026-09-01","Delivered","On-Time / Early","-2","609812.07"
"2206","2334","2026-03-15","Pacific Maintenance Group","MRO Provider","India","Asia-Pacific","2026-03-23","2026-03-29","2026-03-29","Delivered","On-Time / Early","0","437119.14"
"2223","2352","2026-10-21","Pacific Maintenance Group","MRO Provider","India","Asia-Pacific","2026-10-28","2026-11-03",\N,"In Transit","Not Delivered",\N,"359733.33"
"2228","2357","2025-03-28","Pacific Maintenance Group","MRO Provider","India","Asia-Pacific","2025-03-31","2025-04-05","2025-04-03","Delivered","On-Time / Early","-2","397285.81"
"2231","2360","2025-07-06","Pacific Maintenance Group","MRO Provider","India","Asia-Pacific","2025-07-13","2025-07-23","2025-07-21","Delivered","On-Time / Early","-2","921252.51"
"2261","2392","2026-08-27","Pacific Maintenance Group","MRO Provider","India","Asia-Pacific","2026-09-02","2026-09-11","2026-09-11","Delivered","On-Time / Early","0","998200.82"
"2267","2398","2025-07-26","Pacific Maintenance Group","MRO Provider","India","Asia-Pacific","2025-07-29","2025-08-03","2025-08-03","Delivered","On-Time / Early","0","1564371.06"
"2283","2415","2025-08-04","Pacific Maintenance Group","MRO Provider","India","Asia-Pacific","2025-08-08","2025-08-17","2025-08-17","Delivered","On-Time / Early","0","197305.38"
"2289","2421","2025-01-17","Pacific Maintenance Group","MRO Provider","India","Asia-Pacific","2025-01-21","2025-01-28","2025-01-26","Delivered","On-Time / Early","-2","782783.13"
"2327","2460","2026-05-25","Pacific Maintenance Group","MRO Provider","India","Asia-Pacific","2026-05-28","2026-06-03","2026-06-03","Delivered","On-Time / Early","0","469580.16"
"2364","2503","2026-05-29","Pacific Maintenance Group","MRO Provider","India","Asia-Pacific","2026-06-01","2026-06-08","2026-06-06","Delivered","On-Time / Early","-2","85302.98"
"2383","2523","2026-10-20","Pacific Maintenance Group","MRO Provider","India","Asia-Pacific","2026-10-22","2026-11-01","2026-11-14","Delivered","Late","13","659309.41"
"2394","2534","2026-03-06","Pacific Maintenance Group","MRO Provider","India","Asia-Pacific","2026-03-15","2026-03-21","2026-03-23","Delivered","Late","2","544529.08"
"2399","2539","2025-01-11","Pacific Maintenance Group","MRO Provider","India","Asia-Pacific","2025-01-18","2025-01-25","2025-01-31","Delivered","Late","6","1032867.66"
"1559","1651","2026-01-06","Sakura Aero Services","MRO Provider","Japan","Asia-Pacific","2026-01-13","2026-01-21","2026-01-20","Delivered","On-Time / Early","-1","687517.30"
"1610","1706","2026-01-27","Sakura Aero Services","MRO Provider","Japan","Asia-Pacific","2026-02-05","2026-02-11","2026-02-10","Delivered","On-Time / Early","-1","274763.16"
"1619","1716","2025-04-23","Sakura Aero Services","MRO Provider","Japan","Asia-Pacific","2025-05-01","2025-05-06","2025-05-05","Delivered","On-Time / Early","-1","222729.92"
"1633","1730","2025-11-27","Sakura Aero Services","MRO Provider","Japan","Asia-Pacific","2025-12-06","2025-12-13","2025-12-12","Delivered","On-Time / Early","-1","857550.42"
"1686","1786","2025-11-18","Sakura Aero Services","MRO Provider","Japan","Asia-Pacific","2025-11-24","2025-12-01","2025-12-01","Delivered","On-Time / Early","0","1132413.02"
"1725","1827","2025-10-07","Sakura Aero Services","MRO Provider","Japan","Asia-Pacific","2025-10-14","2025-10-23","2025-10-21","Delivered","On-Time / Early","-2","1285944.81"
"1789","1896","2025-05-04","Sakura Aero Services","MRO Provider","Japan","Asia-Pacific","2025-05-13","2025-05-22","2025-05-21","Delivered","On-Time / Early","-1","1169164.91"
"1817","1925","2026-06-08","Sakura Aero Services","MRO Provider","Japan","Asia-Pacific","2026-06-11","2026-06-18","2026-06-17","Delivered","On-Time / Early","-1","1047017.85"
"1824","1932","2026-08-19","Sakura Aero Services","MRO Provider","Japan","Asia-Pacific","2026-08-21","2026-08-28","2026-08-26","Delivered","On-Time / Early","-2","166867.12"
"1831","1939","2026-08-26","Sakura Aero Services","MRO Provider","Japan","Asia-Pacific","2026-09-02","2026-09-07","2026-09-05","Delivered","On-Time / Early","-2","336053.13"
"1869","1980","2026-04-21","Sakura Aero Services","MRO Provider","Japan","Asia-Pacific","2026-04-30","2026-05-09","2026-05-08","Delivered","On-Time / Early","-1","1209594.57"
"1912","2026","2025-01-25","Sakura Aero Services","MRO Provider","Japan","Asia-Pacific","2025-02-04","2025-02-12","2025-02-12","Delivered","On-Time / Early","0","343921.78"
"1925","2040","2025-03-11","Sakura Aero Services","MRO Provider","Japan","Asia-Pacific","2025-03-21","2025-03-27","2025-03-27","Delivered","On-Time / Early","0","39879.04"
"1930","2045","2025-11-15","Sakura Aero Services","MRO Provider","Japan","Asia-Pacific","2025-11-23","2025-12-02","2025-12-02","Delivered","On-Time / Early","0","865213.27"
"1966","2081","2026-01-22","Sakura Aero Services","MRO Provider","Japan","Asia-Pacific","2026-01-31","2026-02-09","2026-02-08","Delivered","On-Time / Early","-1","769523.93"
"1986","2102","2025-05-23","Sakura Aero Services","MRO Provider","Japan","Asia-Pacific","2025-05-27","2025-06-02","2025-05-31","Delivered","On-Time / Early","-2","644040.16"
"1990","2106","2025-01-24","Sakura Aero Services","MRO Provider","Japan","Asia-Pacific","2025-01-26","2025-01-31","2025-01-29","Delivered","On-Time / Early","-2","316239.99"
"1996","2113","2026-12-07","Sakura Aero Services","MRO Provider","Japan","Asia-Pacific","2026-12-12","2026-12-18","2026-12-17","Delivered","On-Time / Early","-1","354308.70"
"2004","2121","2025-11-14","Sakura Aero Services","MRO Provider","Japan","Asia-Pacific","2025-11-19","2025-11-27","2025-11-25","Delivered","On-Time / Early","-2","1080982.50"
"2083","2205","2026-09-09","Sakura Aero Services","MRO Provider","Japan","Asia-Pacific","2026-09-14","2026-09-22","2026-09-20","Delivered","On-Time / Early","-2","416879.51"
"2128","2254","2025-04-29","Sakura Aero Services","MRO Provider","Japan","Asia-Pacific","2025-05-05","2025-05-14","2025-05-13","Delivered","On-Time / Early","-1","190047.52"
"2129","2255","2026-01-25","Sakura Aero Services","MRO Provider","Japan","Asia-Pacific","2026-01-30","2026-02-06","2026-02-08","Delivered","Late","2","1617092.15"
"2195","2323","2025-11-10","Sakura Aero Services","MRO Provider","Japan","Asia-Pacific","2025-11-17","2025-11-27","2025-11-26","Delivered","On-Time / Early","-1","801394.71"
"2199","2327","2026-06-29","Sakura Aero Services","MRO Provider","Japan","Asia-Pacific","2026-07-07","2026-07-14","2026-07-16","Delivered","Late","2","97036.80"
"2210","2338","2025-10-20","Sakura Aero Services","MRO Provider","Japan","Asia-Pacific","2025-10-24","2025-10-29","2025-10-29","Delivered","On-Time / Early","0","645111.96"
"2222","2351","2026-10-09","Sakura Aero Services","MRO Provider","Japan","Asia-Pacific","2026-10-12","2026-10-20",\N,"In Transit","Not Delivered",\N,"1537557.31"
"2264","2395","2025-02-12","Sakura Aero Services","MRO Provider","Japan","Asia-Pacific","2025-02-18","2025-02-27","2025-02-27","Delivered","On-Time / Early","0","1619417.91"
"2280","2411","2025-10-02","Sakura Aero Services","MRO Provider","Japan","Asia-Pacific","2025-10-09","2025-10-17","2025-10-17","Delivered","On-Time / Early","0","742111.66"
"2300","2433","2025-01-13","Sakura Aero Services","MRO Provider","Japan","Asia-Pacific","2025-01-20","2025-01-30","2025-01-29","Delivered","On-Time / Early","-1","710630.59"
"2322","2455","2025-04-26","Sakura Aero Services","MRO Provider","Japan","Asia-Pacific","2025-05-05","2025-05-12","2025-05-12","Delivered","On-Time / Early","0","332229.10"
"2325","2458","2026-02-28","Sakura Aero Services","MRO Provider","Japan","Asia-Pacific","2026-03-04","2026-03-11","2026-03-10","Delivered","On-Time / Early","-1","405586.20"
"2329","2462","2026-06-24","Sakura Aero Services","MRO Provider","Japan","Asia-Pacific","2026-06-26","2026-07-04","2026-07-04","Delivered","On-Time / Early","0","800969.40"
"2345","2480","2026-04-11","Sakura Aero Services","MRO Provider","Japan","Asia-Pacific","2026-04-18","2026-04-25","2026-04-24","Delivered","On-Time / Early","-1","368376.75"
"2368","2507","2025-06-06","Sakura Aero Services","MRO Provider","Japan","Asia-Pacific","2025-06-09","2025-06-18","2025-06-17","Delivered","On-Time / Early","-1","1195342.11"
"2381","2521","2025-06-12","Sakura Aero Services","MRO Provider","Japan","Asia-Pacific","2025-06-17","2025-06-25","2025-06-26","Delivered","Late","1","276968.65"
"2400","2540","2026-11-15","Sakura Aero Services","MRO Provider","Japan","Asia-Pacific","2026-11-19","2026-11-29","2026-11-27","Delivered","On-Time / Early","-2","235113.45"
"1564","1656","2026-03-06","AsiaTech MRO","MRO Provider","Singapore","Asia-Pacific","2026-03-12","2026-03-21","2026-03-21","Delivered","On-Time / Early","0","307987.60"
"1573","1665","2026-07-27","AsiaTech MRO","MRO Provider","Singapore","Asia-Pacific","2026-07-29","2026-08-04","2026-08-02","Delivered","On-Time / Early","-2","1534677.81"
"1582","1674","2026-06-10","AsiaTech MRO","MRO Provider","Singapore","Asia-Pacific","2026-06-18","2026-06-25","2026-06-23","Delivered","On-Time / Early","-2","625679.47"
"1606","1700","2026-08-19","AsiaTech MRO","MRO Provider","Singapore","Asia-Pacific","2026-08-21","2026-08-29","2026-08-28","Delivered","On-Time / Early","-1","812060.14"
"1611","1707","2026-09-29","AsiaTech MRO","MRO Provider","Singapore","Asia-Pacific","2026-10-02","2026-10-09","2026-10-08","Delivered","On-Time / Early","-1","533865.28"
"1628","1725","2025-11-16","AsiaTech MRO","MRO Provider","Singapore","Asia-Pacific","2025-11-23","2025-11-28","2025-12-01","Delivered","Late","3","1393791.73"
"1639","1736","2025-08-20","AsiaTech MRO","MRO Provider","Singapore","Asia-Pacific","2025-08-29","2025-09-03","2025-09-02","Delivered","On-Time / Early","-1","872954.35"
"1652","1749","2025-03-07","AsiaTech MRO","MRO Provider","Singapore","Asia-Pacific","2025-03-13","2025-03-22","2025-03-21","Delivered","On-Time / Early","-1","1266746.63"
"1693","1793","2026-10-25","AsiaTech MRO","MRO Provider","Singapore","Asia-Pacific","2026-11-03","2026-11-08",\N,"In Transit","Not Delivered",\N,"316532.04"
"1716","1817","2025-09-27","AsiaTech MRO","MRO Provider","Singapore","Asia-Pacific","2025-10-06","2025-10-14","2025-10-12","Delivered","On-Time / Early","-2","246926.58"
"1731","1834","2025-10-03","AsiaTech MRO","MRO Provider","Singapore","Asia-Pacific","2025-10-07","2025-10-12","2025-10-18","Delivered","Late","6","136865.24"
"1744","1847","2026-03-21","AsiaTech MRO","MRO Provider","Singapore","Asia-Pacific","2026-03-30","2026-04-04","2026-04-03","Delivered","On-Time / Early","-1","149275.98"
"1782","1889","2025-06-15","AsiaTech MRO","MRO Provider","Singapore","Asia-Pacific","2025-06-25","2025-07-01","2025-06-29","Delivered","On-Time / Early","-2","502747.26"
"1784","1891","2025-06-10","AsiaTech MRO","MRO Provider","Singapore","Asia-Pacific","2025-06-14","2025-06-24","2025-06-24","Delivered","On-Time / Early","0","344112.01"
"1792","1899","2026-06-12","AsiaTech MRO","MRO Provider","Singapore","Asia-Pacific","2026-06-17","2026-06-25","2026-06-25","Delivered","On-Time / Early","0","473360.21"
"1793","1901","2026-09-18","AsiaTech MRO","MRO Provider","Singapore","Asia-Pacific","2026-09-24","2026-09-30","2026-09-29","Delivered","On-Time / Early","-1","548385.94"
"1812","1920","2026-06-25","AsiaTech MRO","MRO Provider","Singapore","Asia-Pacific","2026-06-29","2026-07-04","2026-07-07","Delivered","Late","3","1138256.22"
"1857","1968","2026-07-01","AsiaTech MRO","MRO Provider","Singapore","Asia-Pacific","2026-07-08","2026-07-18","2026-07-16","Delivered","On-Time / Early","-2","1159197.62"
"1863","1974","2025-03-02","AsiaTech MRO","MRO Provider","Singapore","Asia-Pacific","2025-03-10","2025-03-18","2025-03-18","Delivered","On-Time / Early","0","512280.18"
"1870","1981","2026-02-22","AsiaTech MRO","MRO Provider","Singapore","Asia-Pacific","2026-02-26","2026-03-06","2026-03-07","Delivered","Late","1","855612.28"
"1885","1998","2025-01-03","AsiaTech MRO","MRO Provider","Singapore","Asia-Pacific","2025-01-13","2025-01-20","2025-01-20","Delivered","On-Time / Early","0","147656.90"
"1894","2007","2026-09-21","AsiaTech MRO","MRO Provider","Singapore","Asia-Pacific","2026-09-24","2026-10-04","2026-10-03","Delivered","On-Time / Early","-1","518175.70"
"1911","2025","2026-10-04","AsiaTech MRO","MRO Provider","Singapore","Asia-Pacific","2026-10-08","2026-10-17","2026-10-16","Delivered","On-Time / Early","-1","1511439.98"
"1914","2029","2026-09-07","AsiaTech MRO","MRO Provider","Singapore","Asia-Pacific","2026-09-11","2026-09-16","2026-09-16","Delivered","On-Time / Early","0","444821.24"
"1918","2033","2026-09-18","AsiaTech MRO","MRO Provider","Singapore","Asia-Pacific","2026-09-25","2026-10-04","2026-10-02","Delivered","On-Time / Early","-2","1063612.21"
"1931","2046","2025-11-13","AsiaTech MRO","MRO Provider","Singapore","Asia-Pacific","2025-11-19","2025-11-24","2025-12-01","Delivered","Late","7","481488.86"
"1945","2060","2026-10-09","AsiaTech MRO","MRO Provider","Singapore","Asia-Pacific","2026-10-17","2026-10-27","2026-10-26","Delivered","On-Time / Early","-1","91725.65"
"1956","2071","2026-09-23","AsiaTech MRO","MRO Provider","Singapore","Asia-Pacific","2026-09-30","2026-10-08","2026-10-10","Delivered","Late","2","594047.69"
"1969","2084","2026-06-09","AsiaTech MRO","MRO Provider","Singapore","Asia-Pacific","2026-06-17","2026-06-27","2026-06-26","Delivered","On-Time / Early","-1","509381.14"
"2006","2123","2026-02-13","AsiaTech MRO","MRO Provider","Singapore","Asia-Pacific","2026-02-22","2026-03-04","2026-03-06","Delivered","Late","2","100387.14"
"2010","2127","2026-02-05","AsiaTech MRO","MRO Provider","Singapore","Asia-Pacific","2026-02-12","2026-02-22","2026-02-21","Delivered","On-Time / Early","-1","504767.16"
"2069","2190","2025-11-04","AsiaTech MRO","MRO Provider","Singapore","Asia-Pacific","2025-11-06","2025-11-15","2025-11-14","Delivered","On-Time / Early","-1","839083.00"
"2078","2200","2026-05-16","AsiaTech MRO","MRO Provider","Singapore","Asia-Pacific","2026-05-23","2026-06-01","2026-05-30","Delivered","On-Time / Early","-2","715716.00"
"2082","2204","2025-09-25","AsiaTech MRO","MRO Provider","Singapore","Asia-Pacific","2025-10-01","2025-10-07","2025-10-06","Delivered","On-Time / Early","-1","1542551.54"
"2114","2237","2025-08-28","AsiaTech MRO","MRO Provider","Singapore","Asia-Pacific","2025-08-31","2025-09-07","2025-09-05","Delivered","On-Time / Early","-2","1123511.19"
"2131","2258","2026-09-09","AsiaTech MRO","MRO Provider","Singapore","Asia-Pacific","2026-09-15","2026-09-25","2026-09-25","Delivered","On-Time / Early","0","621728.98"
"2134","2261","2025-05-31","AsiaTech MRO","MRO Provider","Singapore","Asia-Pacific","2025-06-04","2025-06-09","2025-06-07","Delivered","On-Time / Early","-2","276369.92"
"2244","2374","2025-09-11","AsiaTech MRO","MRO Provider","Singapore","Asia-Pacific","2025-09-16","2025-09-24","2025-09-23","Delivered","On-Time / Early","-1","971141.62"
"2284","2416","2026-10-10","AsiaTech MRO","MRO Provider","Singapore","Asia-Pacific","2026-10-16","2026-10-21","2026-10-19","Delivered","On-Time / Early","-2","1141041.03"
"2287","2419","2025-02-28","AsiaTech MRO","MRO Provider","Singapore","Asia-Pacific","2025-03-06","2025-03-12","2025-03-12","Delivered","On-Time / Early","0","954266.02"
"2298","2430","2026-12-05","AsiaTech MRO","MRO Provider","Singapore","Asia-Pacific","2026-12-08","2026-12-14","2026-12-13","Delivered","On-Time / Early","-1","769414.92"
"2343","2478","2025-02-02","AsiaTech MRO","MRO Provider","Singapore","Asia-Pacific","2025-02-12","2025-02-18","2025-02-16","Delivered","On-Time / Early","-2","403041.39"
"2351","2487","2026-01-16","AsiaTech MRO","MRO Provider","Singapore","Asia-Pacific","2026-01-18","2026-01-27","2026-01-25","Delivered","On-Time / Early","-2","687116.34"
"1602","1695","2026-06-20","Southern Aero Maintenance","MRO Provider","Australia","Asia-Pacific","2026-06-29","2026-07-09","2026-07-08","Delivered","On-Time / Early","-1","1664810.18"
"1627","1724","2025-02-27","Southern Aero Maintenance","MRO Provider","Australia","Asia-Pacific","2025-03-05","2025-03-13","2025-03-12","Delivered","On-Time / Early","-1","1550399.20"
"1653","1750","2025-10-21","Southern Aero Maintenance","MRO Provider","Australia","Asia-Pacific","2025-10-29","2025-11-07","2025-11-05","Delivered","On-Time / Early","-2","1070729.57"
"1684","1784","2026-10-19","Southern Aero Maintenance","MRO Provider","Australia","Asia-Pacific","2026-10-28","2026-11-05","2026-11-03","Delivered","On-Time / Early","-2","1062798.79"
"1719","1820","2026-11-05","Southern Aero Maintenance","MRO Provider","Australia","Asia-Pacific","2026-11-07","2026-11-14","2026-11-12","Delivered","On-Time / Early","-2","820411.56"
"1732","1835","2025-02-14","Southern Aero Maintenance","MRO Provider","Australia","Asia-Pacific","2025-02-24","2025-03-06","2025-03-05","Delivered","On-Time / Early","-1","1795285.16"
"1781","1888","2026-11-21","Southern Aero Maintenance","MRO Provider","Australia","Asia-Pacific","2026-11-24","2026-11-29","2026-11-28","Delivered","On-Time / Early","-1","73486.78"
"1813","1921","2026-04-02","Southern Aero Maintenance","MRO Provider","Australia","Asia-Pacific","2026-04-11","2026-04-17","2026-04-17","Delivered","On-Time / Early","0","371715.44"
"1821","1929","2025-09-23","Southern Aero Maintenance","MRO Provider","Australia","Asia-Pacific","2025-09-28","2025-10-03","2025-10-02","Delivered","On-Time / Early","-1","1288066.09"
"1851","1961","2026-08-09","Southern Aero Maintenance","MRO Provider","Australia","Asia-Pacific","2026-08-17","2026-08-24","2026-08-23","Delivered","On-Time / Early","-1","174902.80"
"1852","1962","2025-05-07","Southern Aero Maintenance","MRO Provider","Australia","Asia-Pacific","2025-05-11","2025-05-21","2025-05-20","Delivered","On-Time / Early","-1","721317.54"
"1888","2001","2026-10-27","Southern Aero Maintenance","MRO Provider","Australia","Asia-Pacific","2026-11-01","2026-11-09",\N,"In Transit","Not Delivered",\N,"746836.91"
"1926","2041","2025-05-10","Southern Aero Maintenance","MRO Provider","Australia","Asia-Pacific","2025-05-14","2025-05-20","2025-05-19","Delivered","On-Time / Early","-1","271721.42"
"1952","2067","2026-01-17","Southern Aero Maintenance","MRO Provider","Australia","Asia-Pacific","2026-01-21","2026-01-31","2026-01-29","Delivered","On-Time / Early","-2","859013.32"
"1994","2111","2026-04-08","Southern Aero Maintenance","MRO Provider","Australia","Asia-Pacific","2026-04-16","2026-04-21","2026-04-21","Delivered","On-Time / Early","0","860158.03"
"2003","2120","2026-12-28","Southern Aero Maintenance","MRO Provider","Australia","Asia-Pacific","2026-12-30","2027-01-07",\N,"In Transit","Not Delivered",\N,"523158.50"
"2050","2171","2025-07-29","Southern Aero Maintenance","MRO Provider","Australia","Asia-Pacific","2025-08-03","2025-08-11","2025-08-11","Delivered","On-Time / Early","0","42075.99"
"2084","2206","2025-04-05","Southern Aero Maintenance","MRO Provider","Australia","Asia-Pacific","2025-04-14","2025-04-19","2025-04-19","Delivered","On-Time / Early","0","582281.86"
"2102","2224","2025-01-08","Southern Aero Maintenance","MRO Provider","Australia","Asia-Pacific","2025-01-10","2025-01-18","2025-01-16","Delivered","On-Time / Early","-2","282099.10"
"2117","2243","2026-05-09","Southern Aero Maintenance","MRO Provider","Australia","Asia-Pacific","2026-05-18","2026-05-27","2026-05-25","Delivered","On-Time / Early","-2","1026686.79"
"2160","2288","2026-05-16","Southern Aero Maintenance","MRO Provider","Australia","Asia-Pacific","2026-05-20","2026-05-30","2026-05-29","Delivered","On-Time / Early","-1","1579976.64"
"2201","2329","2025-06-09","Southern Aero Maintenance","MRO Provider","Australia","Asia-Pacific","2025-06-17","2025-06-26","2025-06-25","Delivered","On-Time / Early","-1","353930.56"
"2208","2336","2025-04-03","Southern Aero Maintenance","MRO Provider","Australia","Asia-Pacific","2025-04-06","2025-04-14","2025-04-13","Delivered","On-Time / Early","-1","461762.27"
"2232","2361","2026-03-26","Southern Aero Maintenance","MRO Provider","Australia","Asia-Pacific","2026-04-02","2026-04-11","2026-04-09","Delivered","On-Time / Early","-2","80412.57"
"2248","2378","2026-08-29","Southern Aero Maintenance","MRO Provider","Australia","Asia-Pacific","2026-09-05","2026-09-10","2026-09-08","Delivered","On-Time / Early","-2","1762703.96"
"2291","2423","2026-10-04","Southern Aero Maintenance","MRO Provider","Australia","Asia-Pacific","2026-10-11","2026-10-20","2026-10-19","Delivered","On-Time / Early","-1","1301876.90"
"2350","2486","2026-10-31","Southern Aero Maintenance","MRO Provider","Australia","Asia-Pacific","2026-11-05","2026-11-15","2026-11-19","Delivered","Late","4","632399.49"
"2373","2513","2026-03-29","Southern Aero Maintenance","MRO Provider","Australia","Asia-Pacific","2026-03-31","2026-04-05","2026-04-04","Delivered","On-Time / Early","-1","486413.13"
"2430","2572","2025-11-22","Pacific Aero Manufacturing","Aircraft Manufacturer","Japan","Asia-Pacific","2025-12-01","2025-12-06","2025-12-04","Delivered","On-Time / Early","-2","3047049.33"
"2442","2584","2025-04-24","Pacific Aero Manufacturing","Aircraft Manufacturer","Japan","Asia-Pacific","2025-04-30","2025-05-05","2025-05-05","Delivered","On-Time / Early","0","3274457.25"
"2458","2601","2026-03-23","Pacific Aero Manufacturing","Aircraft Manufacturer","Japan","Asia-Pacific","2026-03-31","2026-04-08","2026-04-08","Delivered","On-Time / Early","0","1863223.14"
"2477","2621","2025-05-08","Pacific Aero Manufacturing","Aircraft Manufacturer","Japan","Asia-Pacific","2025-05-14","2025-05-23","2025-05-22","Delivered","On-Time / Early","-1","3601443.79"
"2494","2638","2026-08-21","Pacific Aero Manufacturing","Aircraft Manufacturer","Japan","Asia-Pacific","2026-08-29","2026-09-06","2026-09-05","Delivered","On-Time / Early","-1","4763863.68"
"2513","2658","2026-02-11","Pacific Aero Manufacturing","Aircraft Manufacturer","Japan","Asia-Pacific","2026-02-17","2026-02-24","2026-02-27","Delivered","Late","3","2362836.39"
"2532","2678","2026-06-22","Pacific Aero Manufacturing","Aircraft Manufacturer","Japan","Asia-Pacific","2026-06-29","2026-07-04","2026-07-03","Delivered","On-Time / Early","-1","2960804.44"
"2537","2683","2026-12-04","Pacific Aero Manufacturing","Aircraft Manufacturer","Japan","Asia-Pacific","2026-12-08","2026-12-16","2026-12-16","Delivered","On-Time / Early","0","2053996.66"
"2547","2694","2025-01-09","Pacific Aero Manufacturing","Aircraft Manufacturer","Japan","Asia-Pacific","2025-01-13","2025-01-22","2025-01-21","Delivered","On-Time / Early","-1","1229929.83"
"2548","2695","2025-06-03","Pacific Aero Manufacturing","Aircraft Manufacturer","Japan","Asia-Pacific","2025-06-09","2025-06-19","2025-06-19","Delivered","On-Time / Early","0","1017391.89"
"2568","2717","2026-08-18","Pacific Aero Manufacturing","Aircraft Manufacturer","Japan","Asia-Pacific","2026-08-22","2026-09-01","2026-08-31","Delivered","On-Time / Early","-1","1591549.09"
"2571","2720","2026-06-15","Pacific Aero Manufacturing","Aircraft Manufacturer","Japan","Asia-Pacific","2026-06-24","2026-07-04","2026-07-04","Delivered","On-Time / Early","0","767376.29"
"2586","2735","2025-06-24","Pacific Aero Manufacturing","Aircraft Manufacturer","Japan","Asia-Pacific","2025-06-27","2025-07-03","2025-07-01","Delivered","On-Time / Early","-2","4369349.89"
"2615","2766","2026-08-05","Pacific Aero Manufacturing","Aircraft Manufacturer","Japan","Asia-Pacific","2026-08-13","2026-08-19","2026-08-18","Delivered","On-Time / Early","-1","6121984.47"
"2621","2772","2025-05-01","Pacific Aero Manufacturing","Aircraft Manufacturer","Japan","Asia-Pacific","2025-05-05","2025-05-13","2025-05-13","Delivered","On-Time / Early","0","6206267.98"
"2626","2777","2025-02-28","Pacific Aero Manufacturing","Aircraft Manufacturer","Japan","Asia-Pacific","2025-03-06","2025-03-12","2025-03-10","Delivered","On-Time / Early","-2","4036866.22"
"2637","2788","2025-07-20","Pacific Aero Manufacturing","Aircraft Manufacturer","Japan","Asia-Pacific","2025-07-29","2025-08-06","2025-08-06","Delivered","On-Time / Early","0","5359069.22"
"2638","2789","2025-01-19","Pacific Aero Manufacturing","Aircraft Manufacturer","Japan","Asia-Pacific","2025-01-29","2025-02-03","2025-02-05","Delivered","Late","2","2304660.37"
"2649","2801","2025-07-30","Pacific Aero Manufacturing","Aircraft Manufacturer","Japan","Asia-Pacific","2025-08-04","2025-08-12","2025-08-11","Delivered","On-Time / Early","-1","3373521.76"
"2654","2806","2026-09-29","Pacific Aero Manufacturing","Aircraft Manufacturer","Japan","Asia-Pacific","2026-10-06","2026-10-13","2026-10-13","Delivered","On-Time / Early","0","1668626.20"
"2676","2830","2026-01-03","Pacific Aero Manufacturing","Aircraft Manufacturer","Japan","Asia-Pacific","2026-01-05","2026-01-13","2026-01-11","Delivered","On-Time / Early","-2","2208035.52"
"2694","2849","2025-11-17","Pacific Aero Manufacturing","Aircraft Manufacturer","Japan","Asia-Pacific","2025-11-23","2025-12-02","2025-11-30","Delivered","On-Time / Early","-2","1712420.14"
"2700","2855","2026-11-07","Pacific Aero Manufacturing","Aircraft Manufacturer","Japan","Asia-Pacific","2026-11-17","2026-11-27","2026-11-29","Delivered","Late","2","4462688.97"
"2706","2861","2026-11-01","Pacific Aero Manufacturing","Aircraft Manufacturer","Japan","Asia-Pacific","2026-11-06","2026-11-13","2026-11-11","Delivered","On-Time / Early","-2","3163960.26"
"2715","2871","2025-05-16","Pacific Aero Manufacturing","Aircraft Manufacturer","Japan","Asia-Pacific","2025-05-23","2025-05-31","2025-05-30","Delivered","On-Time / Early","-1","4284547.51"
"2754","2914","2026-11-16","Pacific Aero Manufacturing","Aircraft Manufacturer","Japan","Asia-Pacific","2026-11-24","2026-12-03","2026-12-02","Delivered","On-Time / Early","-1","2394429.47"
"2755","2915","2026-07-11","Pacific Aero Manufacturing","Aircraft Manufacturer","Japan","Asia-Pacific","2026-07-21","2026-07-29","2026-07-27","Delivered","On-Time / Early","-2","1581801.33"
"2760","2921","2025-10-02","Pacific Aero Manufacturing","Aircraft Manufacturer","Japan","Asia-Pacific","2025-10-11","2025-10-20","2025-10-19","Delivered","On-Time / Early","-1","1163730.88"
"2763","2924","2025-10-02","Pacific Aero Manufacturing","Aircraft Manufacturer","Japan","Asia-Pacific","2025-10-08","2025-10-18","2025-10-19","Delivered","Late","1","3265982.10"
"2765","2926","2025-06-20","Pacific Aero Manufacturing","Aircraft Manufacturer","Japan","Asia-Pacific","2025-06-24","2025-07-01","2025-07-03","Delivered","Late","2","6785212.29"
"2770","2931","2026-01-06","Pacific Aero Manufacturing","Aircraft Manufacturer","Japan","Asia-Pacific","2026-01-10","2026-01-20","2026-01-21","Delivered","Late","1","2103679.23"
"2784","2945","2025-10-08","Pacific Aero Manufacturing","Aircraft Manufacturer","Japan","Asia-Pacific","2025-10-15","2025-10-21","2025-10-21","Delivered","On-Time / Early","0","2004838.56"
"2804","2966","2026-03-11","Pacific Aero Manufacturing","Aircraft Manufacturer","Japan","Asia-Pacific","2026-03-18","2026-03-23","2026-03-22","Delivered","On-Time / Early","-1","6341323.76"
"2809","2971","2025-09-15","Pacific Aero Manufacturing","Aircraft Manufacturer","Japan","Asia-Pacific","2025-09-20","2025-09-29","2025-09-28","Delivered","On-Time / Early","-1","4786244.85"
"2819","2981","2026-07-29","Pacific Aero Manufacturing","Aircraft Manufacturer","Japan","Asia-Pacific","2026-08-03","2026-08-10","2026-08-09","Delivered","On-Time / Early","-1","1606407.94"
"2838","3000","2026-01-05","Pacific Aero Manufacturing","Aircraft Manufacturer","Japan","Asia-Pacific","2026-01-08","2026-01-15","2026-01-13","Delivered","On-Time / Early","-2","2171163.97"
"2419","2560","2026-04-11","IndoAero Systems","Aircraft Manufacturer","India","Asia-Pacific","2026-04-20","2026-04-27","2026-04-25","Delivered","On-Time / Early","-2","4260126.97"
"2436","2578","2025-03-22","IndoAero Systems","Aircraft Manufacturer","India","Asia-Pacific","2025-03-31","2025-04-07","2025-04-06","Delivered","On-Time / Early","-1","4865809.60"
"2449","2591","2026-10-09","IndoAero Systems","Aircraft Manufacturer","India","Asia-Pacific","2026-10-18","2026-10-27","2026-10-26","Delivered","On-Time / Early","-1","5698266.74"
"2450","2593","2026-09-07","IndoAero Systems","Aircraft Manufacturer","India","Asia-Pacific","2026-09-16","2026-09-26","2026-09-26","Delivered","On-Time / Early","0","1499450.62"
"2466","2610","2025-10-28","IndoAero Systems","Aircraft Manufacturer","India","Asia-Pacific","2025-11-05","2025-11-14","2025-11-13","Delivered","On-Time / Early","-1","2979705.40"
"2473","2617","2025-04-16","IndoAero Systems","Aircraft Manufacturer","India","Asia-Pacific","2025-04-22","2025-04-28","2025-05-04","Delivered","Late","6","3461881.41"
"2478","2622","2025-08-31","IndoAero Systems","Aircraft Manufacturer","India","Asia-Pacific","2025-09-02","2025-09-08","2025-09-06","Delivered","On-Time / Early","-2","1446652.79"
"2529","2675","2025-01-10","IndoAero Systems","Aircraft Manufacturer","India","Asia-Pacific","2025-01-17","2025-01-26","2025-01-24","Delivered","On-Time / Early","-2","3118829.34"
"2531","2677","2025-01-18","IndoAero Systems","Aircraft Manufacturer","India","Asia-Pacific","2025-01-26","2025-02-01","2025-02-04","Delivered","Late","3","4763196.33"
"2546","2693","2026-04-11","IndoAero Systems","Aircraft Manufacturer","India","Asia-Pacific","2026-04-15","2026-04-23","2026-04-22","Delivered","On-Time / Early","-1","1104620.50"
"2558","2707","2025-06-27","IndoAero Systems","Aircraft Manufacturer","India","Asia-Pacific","2025-07-04","2025-07-11","2025-07-11","Delivered","On-Time / Early","0","1363723.34"
"2560","2709","2026-03-03","IndoAero Systems","Aircraft Manufacturer","India","Asia-Pacific","2026-03-06","2026-03-13","2026-03-11","Delivered","On-Time / Early","-2","3071087.62"
"2561","2710","2025-11-01","IndoAero Systems","Aircraft Manufacturer","India","Asia-Pacific","2025-11-09","2025-11-14","2025-11-13","Delivered","On-Time / Early","-1","1057131.76"
"2567","2716","2025-05-24","IndoAero Systems","Aircraft Manufacturer","India","Asia-Pacific","2025-05-26","2025-05-31","2025-05-29","Delivered","On-Time / Early","-2","5967788.63"
"2599","2749","2026-04-29","IndoAero Systems","Aircraft Manufacturer","India","Asia-Pacific","2026-05-03","2026-05-11","2026-05-11","Delivered","On-Time / Early","0","987114.94"
"2601","2751","2025-11-28","IndoAero Systems","Aircraft Manufacturer","India","Asia-Pacific","2025-11-30","2025-12-10","2025-12-09","Delivered","On-Time / Early","-1","2757005.28"
"2606","2757","2025-03-05","IndoAero Systems","Aircraft Manufacturer","India","Asia-Pacific","2025-03-07","2025-03-15","2025-03-15","Delivered","On-Time / Early","0","2300564.96"
"2613","2764","2025-01-25","IndoAero Systems","Aircraft Manufacturer","India","Asia-Pacific","2025-02-02","2025-02-08","2025-02-08","Delivered","On-Time / Early","0","2370733.94"
"2617","2768","2025-08-01","IndoAero Systems","Aircraft Manufacturer","India","Asia-Pacific","2025-08-09","2025-08-14","2025-08-14","Delivered","On-Time / Early","0","6831402.43"
"2618","2769","2026-01-01","IndoAero Systems","Aircraft Manufacturer","India","Asia-Pacific","2026-01-05","2026-01-12","2026-01-10","Delivered","On-Time / Early","-2","4519632.22"
"2643","2794","2025-04-05","IndoAero Systems","Aircraft Manufacturer","India","Asia-Pacific","2025-04-13","2025-04-20","2025-04-20","Delivered","On-Time / Early","0","2928238.41"
"2644","2795","2026-07-04","IndoAero Systems","Aircraft Manufacturer","India","Asia-Pacific","2026-07-13","2026-07-21","2026-07-21","Delivered","On-Time / Early","0","5571488.70"
"2647","2799","2025-05-13","IndoAero Systems","Aircraft Manufacturer","India","Asia-Pacific","2025-05-22","2025-06-01","2025-06-07","Delivered","Late","6","2128253.88"
"2685","2840","2025-02-15","IndoAero Systems","Aircraft Manufacturer","India","Asia-Pacific","2025-02-18","2025-02-26","2025-02-24","Delivered","On-Time / Early","-2","3359075.31"
"2705","2860","2025-12-27","IndoAero Systems","Aircraft Manufacturer","India","Asia-Pacific","2026-01-04","2026-01-11","2026-01-11","Delivered","On-Time / Early","0","1788769.67"
"2721","2879","2025-01-08","IndoAero Systems","Aircraft Manufacturer","India","Asia-Pacific","2025-01-14","2025-01-19","2025-01-20","Delivered","Late","1","4164200.07"
"2725","2883","2026-06-22","IndoAero Systems","Aircraft Manufacturer","India","Asia-Pacific","2026-06-28","2026-07-08","2026-07-08","Delivered","On-Time / Early","0","2702126.21"
"2727","2886","2025-10-12","IndoAero Systems","Aircraft Manufacturer","India","Asia-Pacific","2025-10-21","2025-10-29","2025-10-29","Delivered","On-Time / Early","0","2283125.40"
"2759","2920","2026-05-16","IndoAero Systems","Aircraft Manufacturer","India","Asia-Pacific","2026-05-21","2026-05-29","2026-05-27","Delivered","On-Time / Early","-2","2442654.86"
"2766","2927","2026-09-21","IndoAero Systems","Aircraft Manufacturer","India","Asia-Pacific","2026-09-24","2026-09-30","2026-09-29","Delivered","On-Time / Early","-1","1257858.12"
"2785","2946","2026-11-03","IndoAero Systems","Aircraft Manufacturer","India","Asia-Pacific","2026-11-10","2026-11-15","2026-11-13","Delivered","On-Time / Early","-2","3172138.62"
"2792","2954","2025-04-08","IndoAero Systems","Aircraft Manufacturer","India","Asia-Pacific","2025-04-12","2025-04-22","2025-04-20","Delivered","On-Time / Early","-2","1595983.94"
"2793","2955","2026-05-17","IndoAero Systems","Aircraft Manufacturer","India","Asia-Pacific","2026-05-25","2026-05-31","2026-05-31","Delivered","On-Time / Early","0","1548242.51"
"2800","2962","2026-06-11","IndoAero Systems","Aircraft Manufacturer","India","Asia-Pacific","2026-06-20","2026-06-27","2026-06-26","Delivered","On-Time / Early","-1","1020892.08"
"2821","2983","2025-09-27","IndoAero Systems","Aircraft Manufacturer","India","Asia-Pacific","2025-10-04","2025-10-10","2025-10-17","Delivered","Late","7","1516201.62"
"2823","2985","2026-08-30","IndoAero Systems","Aircraft Manufacturer","India","Asia-Pacific","2026-09-08","2026-09-16","2026-09-16","Delivered","On-Time / Early","0","3233638.58"
"2832","2994","2026-03-24","IndoAero Systems","Aircraft Manufacturer","India","Asia-Pacific","2026-04-03","2026-04-08","2026-04-08","Delivered","On-Time / Early","0","2290088.58"
"29","32","2026-07-24","Gulf Horizon Airlines","Airline","United Arab Emirates","Middle East","2026-08-02","2026-08-08","2026-08-08","Delivered","On-Time / Early","0","417441.28"
"78","83","2025-06-23","Gulf Horizon Airlines","Airline","United Arab Emirates","Middle East","2025-06-28","2025-07-08","2025-07-06","Delivered","On-Time / Early","-2","387169.30"
"119","125","2026-03-15","Gulf Horizon Airlines","Airline","United Arab Emirates","Middle East","2026-03-23","2026-03-30","2026-03-30","Delivered","On-Time / Early","0","253447.16"
"215","229","2026-10-05","Gulf Horizon Airlines","Airline","United Arab Emirates","Middle East","2026-10-11","2026-10-20","2026-10-20","Delivered","On-Time / Early","0","286081.04"
"224","239","2026-01-13","Gulf Horizon Airlines","Airline","United Arab Emirates","Middle East","2026-01-22","2026-02-01","2026-02-01","Delivered","On-Time / Early","0","227132.52"
"244","260","2025-04-23","Gulf Horizon Airlines","Airline","United Arab Emirates","Middle East","2025-04-29","2025-05-09","2025-05-11","Delivered","Late","2","121350.56"
"258","274","2026-11-02","Gulf Horizon Airlines","Airline","United Arab Emirates","Middle East","2026-11-09","2026-11-19","2026-11-29","Delivered","Late","10","477435.03"
"308","325","2026-08-09","Gulf Horizon Airlines","Airline","United Arab Emirates","Middle East","2026-08-16","2026-08-26","2026-08-27","Delivered","Late","1","470218.87"
"351","370","2025-07-11","Gulf Horizon Airlines","Airline","United Arab Emirates","Middle East","2025-07-19","2025-07-27","2025-07-25","Delivered","On-Time / Early","-2","201821.22"
"401","425","2025-09-29","Gulf Horizon Airlines","Airline","United Arab Emirates","Middle East","2025-10-05","2025-10-11","2025-10-10","Delivered","On-Time / Early","-1","142444.38"
"448","474","2026-03-29","Gulf Horizon Airlines","Airline","United Arab Emirates","Middle East","2026-03-31","2026-04-07","2026-04-14","Delivered","Late","7","390251.21"
"549","581","2026-08-01","Gulf Horizon Airlines","Airline","United Arab Emirates","Middle East","2026-08-09","2026-08-16","2026-08-16","Delivered","On-Time / Early","0","180571.10"
"588","623","2025-09-12","Gulf Horizon Airlines","Airline","United Arab Emirates","Middle East","2025-09-18","2025-09-23","2025-09-22","Delivered","On-Time / Early","-1","306228.99"
"649","691","2026-01-16","Gulf Horizon Airlines","Airline","United Arab Emirates","Middle East","2026-01-25","2026-02-03","2026-02-03","Delivered","On-Time / Early","0","213059.93"
"659","701","2026-09-17","Gulf Horizon Airlines","Airline","United Arab Emirates","Middle East","2026-09-27","2026-10-02","2026-10-02","Delivered","On-Time / Early","0","122377.00"
"667","710","2025-10-30","Gulf Horizon Airlines","Airline","United Arab Emirates","Middle East","2025-11-03","2025-11-08","2025-11-07","Delivered","On-Time / Early","-1","289290.84"
"816","871","2025-10-03","Gulf Horizon Airlines","Airline","United Arab Emirates","Middle East","2025-10-12","2025-10-18","2025-10-16","Delivered","On-Time / Early","-2","551576.14"
"992","1061","2025-01-11","Gulf Horizon Airlines","Airline","United Arab Emirates","Middle East","2025-01-17","2025-01-23","2025-01-21","Delivered","On-Time / Early","-2","331531.55"
"994","1063","2026-08-03","Gulf Horizon Airlines","Airline","United Arab Emirates","Middle East","2026-08-11","2026-08-21","2026-08-20","Delivered","On-Time / Early","-1","131543.82"
"997","1066","2025-02-13","Gulf Horizon Airlines","Airline","United Arab Emirates","Middle East","2025-02-18","2025-02-28","2025-02-28","Delivered","On-Time / Early","0","394962.63"
"1001","1071","2026-08-25","Gulf Horizon Airlines","Airline","United Arab Emirates","Middle East","2026-09-01","2026-09-08","2026-09-07","Delivered","On-Time / Early","-1","35400.05"
"1160","1236","2025-03-06","Gulf Horizon Airlines","Airline","United Arab Emirates","Middle East","2025-03-16","2025-03-22","2025-03-20","Delivered","On-Time / Early","-2","379553.00"
"1163","1239","2026-06-20","Gulf Horizon Airlines","Airline","United Arab Emirates","Middle East","2026-06-30","2026-07-09","2026-07-09","Delivered","On-Time / Early","0","217055.62"
"1166","1242","2026-02-02","Gulf Horizon Airlines","Airline","United Arab Emirates","Middle East","2026-02-08","2026-02-16","2026-02-15","Delivered","On-Time / Early","-1","301329.97"
"1168","1244","2025-08-02","Gulf Horizon Airlines","Airline","United Arab Emirates","Middle East","2025-08-05","2025-08-10","2025-08-09","Delivered","On-Time / Early","-1","446852.12"
"1281","1359","2025-02-03","Gulf Horizon Airlines","Airline","United Arab Emirates","Middle East","2025-02-07","2025-02-15","2025-02-14","Delivered","On-Time / Early","-1","264278.66"
"1368","1452","2026-05-14","Gulf Horizon Airlines","Airline","United Arab Emirates","Middle East","2026-05-21","2026-05-29","2026-05-28","Delivered","On-Time / Early","-1","284441.13"
"1407","1491","2025-01-11","Gulf Horizon Airlines","Airline","United Arab Emirates","Middle East","2025-01-21","2025-01-29","2025-01-31","Delivered","Late","2","349962.54"
"1433","1518","2025-10-24","Gulf Horizon Airlines","Airline","United Arab Emirates","Middle East","2025-10-28","2025-11-03","2025-11-05","Delivered","Late","2","434889.66"
"1434","1519","2026-01-29","Gulf Horizon Airlines","Airline","United Arab Emirates","Middle East","2026-02-04","2026-02-13","2026-02-12","Delivered","On-Time / Early","-1","204507.14"
"1492","1580","2025-09-02","Gulf Horizon Airlines","Airline","United Arab Emirates","Middle East","2025-09-10","2025-09-18","2025-09-16","Delivered","On-Time / Early","-2","473751.63"
"2","2","2025-04-28","DesertLink Airways","Airline","Saudi Arabia","Middle East","2025-05-01","2025-05-09","2025-05-07","Delivered","On-Time / Early","-2","696463.62"
"22","23","2025-02-25","DesertLink Airways","Airline","Saudi Arabia","Middle East","2025-03-07","2025-03-16","2025-03-17","Delivered","Late","1","248930.05"
"34","37","2025-03-11","DesertLink Airways","Airline","Saudi Arabia","Middle East","2025-03-19","2025-03-27","2025-03-26","Delivered","On-Time / Early","-1","443391.66"
"37","40","2025-07-29","DesertLink Airways","Airline","Saudi Arabia","Middle East","2025-08-02","2025-08-09","2025-08-07","Delivered","On-Time / Early","-2","325915.03"
"55","59","2025-08-04","DesertLink Airways","Airline","Saudi Arabia","Middle East","2025-08-12","2025-08-18","2025-08-17","Delivered","On-Time / Early","-1","63830.73"
"74","79","2026-01-24","DesertLink Airways","Airline","Saudi Arabia","Middle East","2026-01-27","2026-02-03","2026-02-02","Delivered","On-Time / Early","-1","205704.42"
"77","82","2026-03-29","DesertLink Airways","Airline","Saudi Arabia","Middle East","2026-03-31","2026-04-05","2026-04-05","Delivered","On-Time / Early","0","668742.37"
"80","85","2025-08-29","DesertLink Airways","Airline","Saudi Arabia","Middle East","2025-09-04","2025-09-10","2025-09-09","Delivered","On-Time / Early","-1","503723.09"
"101","107","2026-11-16","DesertLink Airways","Airline","Saudi Arabia","Middle East","2026-11-24","2026-11-30","2026-11-29","Delivered","On-Time / Early","-1","411566.82"
"135","141","2025-11-10","DesertLink Airways","Airline","Saudi Arabia","Middle East","2025-11-20","2025-11-28","2025-11-26","Delivered","On-Time / Early","-2","267085.00"
"162","170","2026-04-25","DesertLink Airways","Airline","Saudi Arabia","Middle East","2026-04-27","2026-05-06","2026-05-04","Delivered","On-Time / Early","-2","423985.14"
"208","221","2026-03-11","DesertLink Airways","Airline","Saudi Arabia","Middle East","2026-03-13","2026-03-22","2026-03-21","Delivered","On-Time / Early","-1","46880.73"
"252","268","2026-03-13","DesertLink Airways","Airline","Saudi Arabia","Middle East","2026-03-16","2026-03-22","2026-03-20","Delivered","On-Time / Early","-2","168552.27"
"282","298","2026-11-26","DesertLink Airways","Airline","Saudi Arabia","Middle East","2026-12-04","2026-12-10","2026-12-08","Delivered","On-Time / Early","-2","103083.40"
"317","334","2026-08-20","DesertLink Airways","Airline","Saudi Arabia","Middle East","2026-08-29","2026-09-07","2026-09-07","Delivered","On-Time / Early","0","414465.65"
"404","428","2025-03-16","DesertLink Airways","Airline","Saudi Arabia","Middle East","2025-03-25","2025-04-04","2025-04-04","Delivered","On-Time / Early","0","369332.20"
"417","441","2026-11-01","DesertLink Airways","Airline","Saudi Arabia","Middle East","2026-11-03","2026-11-13","2026-11-13","Delivered","On-Time / Early","0","315895.74"
"422","446","2026-10-01","DesertLink Airways","Airline","Saudi Arabia","Middle East","2026-10-07","2026-10-17","2026-10-16","Delivered","On-Time / Early","-1","139837.50"
"471","499","2026-01-04","DesertLink Airways","Airline","Saudi Arabia","Middle East","2026-01-07","2026-01-16","2026-01-15","Delivered","On-Time / Early","-1","97855.65"
"479","507","2026-06-25","DesertLink Airways","Airline","Saudi Arabia","Middle East","2026-06-29","2026-07-08","2026-07-07","Delivered","On-Time / Early","-1","391799.05"
"506","537","2026-10-21","DesertLink Airways","Airline","Saudi Arabia","Middle East","2026-10-30","2026-11-06","2026-11-04","Delivered","On-Time / Early","-2","38509.26"
"513","545","2026-01-22","DesertLink Airways","Airline","Saudi Arabia","Middle East","2026-01-25","2026-01-30","2026-01-29","Delivered","On-Time / Early","-1","42934.52"
"537","569","2026-12-16","DesertLink Airways","Airline","Saudi Arabia","Middle East","2026-12-20","2026-12-29","2026-12-29","Delivered","On-Time / Early","0","419256.18"
"544","576","2025-01-10","DesertLink Airways","Airline","Saudi Arabia","Middle East","2025-01-12","2025-01-18","2025-01-18","Delivered","On-Time / Early","0","786949.20"
"548","580","2025-03-18","DesertLink Airways","Airline","Saudi Arabia","Middle East","2025-03-24","2025-04-02","2025-04-01","Delivered","On-Time / Early","-1","796590.65"
"569","602","2025-06-23","DesertLink Airways","Airline","Saudi Arabia","Middle East","2025-06-28","2025-07-04","2025-07-03","Delivered","On-Time / Early","-1","506036.83"
"587","622","2026-01-04","DesertLink Airways","Airline","Saudi Arabia","Middle East","2026-01-13","2026-01-23","2026-01-23","Delivered","On-Time / Early","0","36815.94"
"613","649","2026-01-18","DesertLink Airways","Airline","Saudi Arabia","Middle East","2026-01-26","2026-02-04","2026-02-02","Delivered","On-Time / Early","-2","445384.56"
"634","674","2025-05-10","DesertLink Airways","Airline","Saudi Arabia","Middle East","2025-05-19","2025-05-26","2025-05-24","Delivered","On-Time / Early","-2","614921.20"
"661","703","2026-09-23","DesertLink Airways","Airline","Saudi Arabia","Middle East","2026-09-30","2026-10-05","2026-10-04","Delivered","On-Time / Early","-1","108471.06"
"719","765","2025-02-20","DesertLink Airways","Airline","Saudi Arabia","Middle East","2025-03-02","2025-03-07","2025-03-08","Delivered","Late","1","566827.15"
"730","776","2026-01-27","DesertLink Airways","Airline","Saudi Arabia","Middle East","2026-02-04","2026-02-12","2026-02-11","Delivered","On-Time / Early","-1","371795.91"
"751","799","2026-01-18","DesertLink Airways","Airline","Saudi Arabia","Middle East","2026-01-21","2026-01-30","2026-01-28","Delivered","On-Time / Early","-2","118816.48"
"753","802","2025-06-28","DesertLink Airways","Airline","Saudi Arabia","Middle East","2025-07-05","2025-07-15","2025-07-14","Delivered","On-Time / Early","-1","276641.83"
"798","853","2025-12-06","DesertLink Airways","Airline","Saudi Arabia","Middle East","2025-12-09","2025-12-18","2025-12-17","Delivered","On-Time / Early","-1","289463.58"
"831","887","2025-08-16","DesertLink Airways","Airline","Saudi Arabia","Middle East","2025-08-25","2025-09-03","2025-09-01","Delivered","On-Time / Early","-2","144250.59"
"871","928","2025-08-01","DesertLink Airways","Airline","Saudi Arabia","Middle East","2025-08-03","2025-08-09","2025-08-08","Delivered","On-Time / Early","-1","396443.55"
"873","930","2026-08-11","DesertLink Airways","Airline","Saudi Arabia","Middle East","2026-08-14","2026-08-22","2026-08-21","Delivered","On-Time / Early","-1","489278.30"
"912","975","2025-07-01","DesertLink Airways","Airline","Saudi Arabia","Middle East","2025-07-09","2025-07-17","2025-07-15","Delivered","On-Time / Early","-2","660595.17"
"926","990","2025-03-05","DesertLink Airways","Airline","Saudi Arabia","Middle East","2025-03-15","2025-03-23","2025-03-23","Delivered","On-Time / Early","0","375880.76"
"1021","1091","2026-06-01","DesertLink Airways","Airline","Saudi Arabia","Middle East","2026-06-06","2026-06-11","2026-06-09","Delivered","On-Time / Early","-2","444253.40"
"1052","1122","2025-12-28","DesertLink Airways","Airline","Saudi Arabia","Middle East","2026-01-02","2026-01-07","2026-01-07","Delivered","On-Time / Early","0","173390.30"
"1060","1131","2026-04-15","DesertLink Airways","Airline","Saudi Arabia","Middle East","2026-04-18","2026-04-26","2026-04-26","Delivered","On-Time / Early","0","450253.66"
"1062","1133","2025-08-14","DesertLink Airways","Airline","Saudi Arabia","Middle East","2025-08-20","2025-08-27","2025-08-27","Delivered","On-Time / Early","0","165548.92"
"1071","1142","2025-03-22","DesertLink Airways","Airline","Saudi Arabia","Middle East","2025-03-29","2025-04-06","2025-04-05","Delivered","On-Time / Early","-1","116604.96"
"1078","1150","2025-01-13","DesertLink Airways","Airline","Saudi Arabia","Middle East","2025-01-17","2025-01-23","2025-01-21","Delivered","On-Time / Early","-2","377079.05"
"1081","1154","2026-03-06","DesertLink Airways","Airline","Saudi Arabia","Middle East","2026-03-12","2026-03-21","2026-03-21","Delivered","On-Time / Early","0","494235.11"
"1083","1156","2026-08-13","DesertLink Airways","Airline","Saudi Arabia","Middle East","2026-08-15","2026-08-21","2026-08-20","Delivered","On-Time / Early","-1","86137.36"
"1132","1208","2026-04-20","DesertLink Airways","Airline","Saudi Arabia","Middle East","2026-04-28","2026-05-04","2026-05-02","Delivered","On-Time / Early","-2","56623.89"
"1151","1227","2025-01-22","DesertLink Airways","Airline","Saudi Arabia","Middle East","2025-01-31","2025-02-05","2025-02-03","Delivered","On-Time / Early","-2","336674.00"
"1224","1300","2025-10-05","DesertLink Airways","Airline","Saudi Arabia","Middle East","2025-10-13","2025-10-19","2025-10-17","Delivered","On-Time / Early","-2","367299.93"
"1239","1315","2025-11-13","DesertLink Airways","Airline","Saudi Arabia","Middle East","2025-11-15","2025-11-23","2025-11-24","Delivered","Late","1","122568.94"
"1247","1323","2025-08-25","DesertLink Airways","Airline","Saudi Arabia","Middle East","2025-08-27","2025-09-01","2025-08-31","Delivered","On-Time / Early","-1","117120.30"
"1261","1338","2025-02-25","DesertLink Airways","Airline","Saudi Arabia","Middle East","2025-02-27","2025-03-05","2025-03-04","Delivered","On-Time / Early","-1","131976.65"
"1266","1343","2025-11-28","DesertLink Airways","Airline","Saudi Arabia","Middle East","2025-12-04","2025-12-09","2025-12-08","Delivered","On-Time / Early","-1","794871.84"
"1319","1400","2025-02-15","DesertLink Airways","Airline","Saudi Arabia","Middle East","2025-02-24","2025-03-01","2025-02-28","Delivered","On-Time / Early","-1","266489.53"
"1353","1436","2026-10-23","DesertLink Airways","Airline","Saudi Arabia","Middle East","2026-10-26","2026-11-05","2026-11-06","Delivered","Late","1","125419.74"
"1364","1448","2025-08-05","DesertLink Airways","Airline","Saudi Arabia","Middle East","2025-08-09","2025-08-18","2025-08-18","Delivered","On-Time / Early","0","399353.16"
"1406","1490","2026-11-25","DesertLink Airways","Airline","Saudi Arabia","Middle East","2026-11-30","2026-12-05","2026-12-05","Delivered","On-Time / Early","0","192637.08"
"1458","1544","2026-05-03","DesertLink Airways","Airline","Saudi Arabia","Middle East","2026-05-10","2026-05-15","2026-05-15","Delivered","On-Time / Early","0","62669.78"
"1509","1598","2026-06-29","DesertLink Airways","Airline","Saudi Arabia","Middle East","2026-07-07","2026-07-15","2026-07-14","Delivered","On-Time / Early","-1","348209.56"
"10","11","2026-06-30","QatarSky Aviation","Airline","Qatar","Middle East","2026-07-05","2026-07-10","2026-07-09","Delivered","On-Time / Early","-1","195533.73"
"46","49","2025-04-20","QatarSky Aviation","Airline","Qatar","Middle East","2025-04-22","2025-04-29","2025-04-28","Delivered","On-Time / Early","-1","436340.30"
"122","128","2026-04-16","QatarSky Aviation","Airline","Qatar","Middle East","2026-04-23","2026-04-29","2026-04-30","Delivered","Late","1","64369.42"
"130","136","2026-09-03","QatarSky Aviation","Airline","Qatar","Middle East","2026-09-12","2026-09-22","2026-09-22","Delivered","On-Time / Early","0","486370.44"
"133","139","2026-10-24","QatarSky Aviation","Airline","Qatar","Middle East","2026-10-28","2026-11-03","2026-11-05","Delivered","Late","2","184495.08"
"137","143","2025-12-27","QatarSky Aviation","Airline","Qatar","Middle East","2026-01-03","2026-01-08","2026-01-10","Delivered","Late","2","361330.51"
"161","169","2026-09-02","QatarSky Aviation","Airline","Qatar","Middle East","2026-09-08","2026-09-14","2026-09-13","Delivered","On-Time / Early","-1","211302.25"
"196","209","2026-10-04","QatarSky Aviation","Airline","Qatar","Middle East","2026-10-06","2026-10-15",\N,"In Transit","Not Delivered",\N,"582153.08"
"221","236","2025-05-25","QatarSky Aviation","Airline","Qatar","Middle East","2025-05-31","2025-06-07","2025-06-05","Delivered","On-Time / Early","-2","431877.04"
"272","288","2025-10-07","QatarSky Aviation","Airline","Qatar","Middle East","2025-10-16","2025-10-21","2025-10-19","Delivered","On-Time / Early","-2","333632.82"
"318","335","2026-11-03","QatarSky Aviation","Airline","Qatar","Middle East","2026-11-05","2026-11-12","2026-11-10","Delivered","On-Time / Early","-2","678519.60"
"343","362","2025-05-23","QatarSky Aviation","Airline","Qatar","Middle East","2025-05-26","2025-06-05","2025-06-03","Delivered","On-Time / Early","-2","459159.07"
"364","384","2026-02-14","QatarSky Aviation","Airline","Qatar","Middle East","2026-02-17","2026-02-23","2026-02-22","Delivered","On-Time / Early","-1","60122.24"
"412","436","2026-08-15","QatarSky Aviation","Airline","Qatar","Middle East","2026-08-19","2026-08-24","2026-08-26","Delivered","Late","2","352098.38"
"424","448","2026-01-10","QatarSky Aviation","Airline","Qatar","Middle East","2026-01-19","2026-01-28","2026-01-31","Delivered","Late","3","86213.88"
"465","492","2025-09-21","QatarSky Aviation","Airline","Qatar","Middle East","2025-09-23","2025-09-30","2025-09-28","Delivered","On-Time / Early","-2","262802.98"
"494","523","2025-05-11","QatarSky Aviation","Airline","Qatar","Middle East","2025-05-13","2025-05-19","2025-05-18","Delivered","On-Time / Early","-1","388552.62"
"523","555","2025-08-15","QatarSky Aviation","Airline","Qatar","Middle East","2025-08-25","2025-09-04","2025-09-04","Delivered","On-Time / Early","0","402370.77"
"554","586","2026-12-07","QatarSky Aviation","Airline","Qatar","Middle East","2026-12-11","2026-12-17","2026-12-16","Delivered","On-Time / Early","-1","209561.90"
"560","593","2025-09-10","QatarSky Aviation","Airline","Qatar","Middle East","2025-09-15","2025-09-24","2025-09-24","Delivered","On-Time / Early","0","275682.90"
"561","594","2026-01-25","QatarSky Aviation","Airline","Qatar","Middle East","2026-01-28","2026-02-04","2026-02-03","Delivered","On-Time / Early","-1","137885.66"
"568","601","2025-03-28","QatarSky Aviation","Airline","Qatar","Middle East","2025-04-04","2025-04-10","2025-04-08","Delivered","On-Time / Early","-2","296342.67"
"585","619","2025-06-07","QatarSky Aviation","Airline","Qatar","Middle East","2025-06-10","2025-06-18","2025-06-19","Delivered","Late","1","185040.99"
"591","627","2026-06-07","QatarSky Aviation","Airline","Qatar","Middle East","2026-06-17","2026-06-25","2026-06-25","Delivered","On-Time / Early","0","447358.18"
"618","656","2026-03-02","QatarSky Aviation","Airline","Qatar","Middle East","2026-03-12","2026-03-21","2026-03-19","Delivered","On-Time / Early","-2","275057.45"
"638","679","2025-10-12","QatarSky Aviation","Airline","Qatar","Middle East","2025-10-16","2025-10-26","2025-10-26","Delivered","On-Time / Early","0","250048.53"
"640","681","2025-04-06","QatarSky Aviation","Airline","Qatar","Middle East","2025-04-08","2025-04-15","2025-04-15","Delivered","On-Time / Early","0","481432.98"
"677","722","2026-03-24","QatarSky Aviation","Airline","Qatar","Middle East","2026-04-01","2026-04-09","2026-04-09","Delivered","On-Time / Early","0","222345.68"
"683","728","2025-10-03","QatarSky Aviation","Airline","Qatar","Middle East","2025-10-07","2025-10-12","2025-10-12","Delivered","On-Time / Early","0","35112.63"
"699","745","2026-07-14","QatarSky Aviation","Airline","Qatar","Middle East","2026-07-23","2026-07-31","2026-07-31","Delivered","On-Time / Early","0","428791.00"
"721","767","2026-07-24","QatarSky Aviation","Airline","Qatar","Middle East","2026-07-27","2026-08-04","2026-08-03","Delivered","On-Time / Early","-1","544696.16"
"763","813","2026-03-25","QatarSky Aviation","Airline","Qatar","Middle East","2026-03-28","2026-04-06","2026-04-06","Delivered","On-Time / Early","0","535394.28"
"773","823","2026-07-22","QatarSky Aviation","Airline","Qatar","Middle East","2026-07-27","2026-08-04","2026-08-02","Delivered","On-Time / Early","-2","444341.24"
"783","834","2025-06-04","QatarSky Aviation","Airline","Qatar","Middle East","2025-06-11","2025-06-19","2025-06-20","Delivered","Late","1","289606.28"
"813","868","2025-09-22","QatarSky Aviation","Airline","Qatar","Middle East","2025-09-27","2025-10-03","2025-10-03","Delivered","On-Time / Early","0","142154.58"
"819","874","2025-11-09","QatarSky Aviation","Airline","Qatar","Middle East","2025-11-17","2025-11-25","2025-11-25","Delivered","On-Time / Early","0","49361.36"
"835","891","2026-07-27","QatarSky Aviation","Airline","Qatar","Middle East","2026-07-29","2026-08-07","2026-08-06","Delivered","On-Time / Early","-1","343035.90"
"857","914","2025-08-18","QatarSky Aviation","Airline","Qatar","Middle East","2025-08-27","2025-09-06","2025-09-06","Delivered","On-Time / Early","0","128985.86"
"883","942","2026-12-14","QatarSky Aviation","Airline","Qatar","Middle East","2026-12-23","2026-12-31","2026-12-29","Delivered","On-Time / Early","-2","192506.60"
"908","970","2025-07-15","QatarSky Aviation","Airline","Qatar","Middle East","2025-07-20","2025-07-28","2025-07-26","Delivered","On-Time / Early","-2","190970.74"
"919","982","2026-10-02","QatarSky Aviation","Airline","Qatar","Middle East","2026-10-06","2026-10-15",\N,"In Transit","Not Delivered",\N,"189030.75"
"928","992","2026-11-23","QatarSky Aviation","Airline","Qatar","Middle East","2026-11-30","2026-12-09","2026-12-07","Delivered","On-Time / Early","-2","556904.16"
"934","998","2026-10-11","QatarSky Aviation","Airline","Qatar","Middle East","2026-10-18","2026-10-25","2026-10-23","Delivered","On-Time / Early","-2","415154.42"
"935","999","2026-07-14","QatarSky Aviation","Airline","Qatar","Middle East","2026-07-18","2026-07-27","2026-07-27","Delivered","On-Time / Early","0","213622.26"
"956","1023","2025-03-15","QatarSky Aviation","Airline","Qatar","Middle East","2025-03-24","2025-04-01","2025-03-31","Delivered","On-Time / Early","-1","182220.03"
"990","1059","2026-08-27","QatarSky Aviation","Airline","Qatar","Middle East","2026-09-06","2026-09-15","2026-09-14","Delivered","On-Time / Early","-1","325432.37"
"1104","1178","2026-12-19","QatarSky Aviation","Airline","Qatar","Middle East","2026-12-27","2027-01-03","2027-01-01","Delivered","On-Time / Early","-2","471598.14"
"1130","1205","2025-05-09","QatarSky Aviation","Airline","Qatar","Middle East","2025-05-14","2025-05-21","2025-05-20","Delivered","On-Time / Early","-1","405090.31"
"1139","1215","2025-02-13","QatarSky Aviation","Airline","Qatar","Middle East","2025-02-15","2025-02-24","2025-02-23","Delivered","On-Time / Early","-1","357202.02"
"1175","1251","2026-07-26","QatarSky Aviation","Airline","Qatar","Middle East","2026-08-02","2026-08-10","2026-08-09","Delivered","On-Time / Early","-1","85543.36"
"1193","1269","2026-12-08","QatarSky Aviation","Airline","Qatar","Middle East","2026-12-12","2026-12-17",\N,"In Transit","Not Delivered",\N,"157556.44"
"1197","1273","2025-08-21","QatarSky Aviation","Airline","Qatar","Middle East","2025-08-30","2025-09-07","2025-09-08","Delivered","Late","1","265726.41"
"1219","1295","2026-09-30","QatarSky Aviation","Airline","Qatar","Middle East","2026-10-10","2026-10-15","2026-10-13","Delivered","On-Time / Early","-2","50166.36"
"1242","1318","2025-05-30","QatarSky Aviation","Airline","Qatar","Middle East","2025-06-08","2025-06-14","2025-06-12","Delivered","On-Time / Early","-2","193474.24"
"1291","1372","2025-08-27","QatarSky Aviation","Airline","Qatar","Middle East","2025-09-03","2025-09-09","2025-09-07","Delivered","On-Time / Early","-2","278254.94"
"1310","1391","2025-11-19","QatarSky Aviation","Airline","Qatar","Middle East","2025-11-21","2025-11-27","2025-11-26","Delivered","On-Time / Early","-1","521277.95"
"1336","1418","2026-10-22","QatarSky Aviation","Airline","Qatar","Middle East","2026-10-29","2026-11-05","2026-11-03","Delivered","On-Time / Early","-2","259922.10"
"1379","1463","2026-10-08","QatarSky Aviation","Airline","Qatar","Middle East","2026-10-16","2026-10-24","2026-10-24","Delivered","On-Time / Early","0","338215.86"
"1384","1468","2026-09-04","QatarSky Aviation","Airline","Qatar","Middle East","2026-09-10","2026-09-16","2026-09-18","Delivered","Late","2","405126.07"
"1390","1474","2026-08-29","QatarSky Aviation","Airline","Qatar","Middle East","2026-08-31","2026-09-09","2026-09-10","Delivered","Late","1","216596.64"
"1457","1543","2025-04-02","QatarSky Aviation","Airline","Qatar","Middle East","2025-04-05","2025-04-12","2025-04-10","Delivered","On-Time / Early","-2","274344.38"
"1520","1609","2026-11-13","QatarSky Aviation","Airline","Qatar","Middle East","2026-11-19","2026-11-24","2026-11-26","Delivered","Late","2","378016.90"
"1546","1638","2026-03-11","QatarSky Aviation","Airline","Qatar","Middle East","2026-03-13","2026-03-22","2026-03-21","Delivered","On-Time / Early","-1","617503.66"
"1549","1641","2026-08-28","QatarSky Aviation","Airline","Qatar","Middle East","2026-08-30","2026-09-07","2026-09-09","Delivered","Late","2","252881.64"
"1551","1643","2026-04-19","QatarSky Aviation","Airline","Qatar","Middle East","2026-04-25","2026-05-05","2026-05-04","Delivered","On-Time / Early","-1","652615.85"
"98","104","2025-11-02","Arabian Connect Air","Airline","United Arab Emirates","Middle East","2025-11-09","2025-11-14","2025-11-14","Delivered","On-Time / Early","0","148825.00"
"106","112","2025-12-12","Arabian Connect Air","Airline","United Arab Emirates","Middle East","2025-12-21","2025-12-30","2026-01-05","Delivered","Late","6","536182.21"
"124","130","2026-07-06","Arabian Connect Air","Airline","United Arab Emirates","Middle East","2026-07-14","2026-07-22","2026-07-30","Delivered","Late","8","489110.42"
"199","212","2025-04-11","Arabian Connect Air","Airline","United Arab Emirates","Middle East","2025-04-13","2025-04-23","2025-04-21","Delivered","On-Time / Early","-2","415150.81"
"284","301","2025-05-21","Arabian Connect Air","Airline","United Arab Emirates","Middle East","2025-05-30","2025-06-08","2025-06-11","Delivered","Late","3","219204.66"
"332","350","2026-04-18","Arabian Connect Air","Airline","United Arab Emirates","Middle East","2026-04-26","2026-05-06","2026-05-05","Delivered","On-Time / Early","-1","442745.12"
"477","505","2026-04-28","Arabian Connect Air","Airline","United Arab Emirates","Middle East","2026-05-07","2026-05-14","2026-05-12","Delivered","On-Time / Early","-2","373402.73"
"478","506","2026-11-28","Arabian Connect Air","Airline","United Arab Emirates","Middle East","2026-12-06","2026-12-13","2026-12-13","Delivered","On-Time / Early","0","56028.28"
"521","553","2026-04-26","Arabian Connect Air","Airline","United Arab Emirates","Middle East","2026-05-05","2026-05-14","2026-05-14","Delivered","On-Time / Early","0","104091.54"
"625","663","2026-11-01","Arabian Connect Air","Airline","United Arab Emirates","Middle East","2026-11-05","2026-11-10",\N,"In Transit","Not Delivered",\N,"216610.38"
"741","788","2025-02-27","Arabian Connect Air","Airline","United Arab Emirates","Middle East","2025-03-02","2025-03-11","2025-03-11","Delivered","On-Time / Early","0","115457.68"
"802","857","2026-03-30","Arabian Connect Air","Airline","United Arab Emirates","Middle East","2026-04-09","2026-04-19","2026-04-17","Delivered","On-Time / Early","-2","550963.09"
"849","906","2025-11-26","Arabian Connect Air","Airline","United Arab Emirates","Middle East","2025-12-01","2025-12-08","2025-12-07","Delivered","On-Time / Early","-1","74803.61"
"1029","1099","2026-05-04","Arabian Connect Air","Airline","United Arab Emirates","Middle East","2026-05-06","2026-05-14","2026-05-13","Delivered","On-Time / Early","-1","148094.39"
"1106","1180","2025-01-27","Arabian Connect Air","Airline","United Arab Emirates","Middle East","2025-02-03","2025-02-12","2025-02-11","Delivered","On-Time / Early","-1","147983.94"
"1181","1257","2026-02-27","Arabian Connect Air","Airline","United Arab Emirates","Middle East","2026-03-07","2026-03-14","2026-03-13","Delivered","On-Time / Early","-1","191850.93"
"1394","1478","2026-02-27","Arabian Connect Air","Airline","United Arab Emirates","Middle East","2026-03-01","2026-03-10","2026-03-08","Delivered","On-Time / Early","-2","421590.64"
"1405","1489","2026-11-23","Arabian Connect Air","Airline","United Arab Emirates","Middle East","2026-11-30","2026-12-08","2026-12-08","Delivered","On-Time / Early","0","334273.19"
"1451","1537","2025-08-07","Arabian Connect Air","Airline","United Arab Emirates","Middle East","2025-08-12","2025-08-17","2025-08-16","Delivered","On-Time / Early","-1","299600.14"
"1464","1551","2026-04-21","Arabian Connect Air","Airline","United Arab Emirates","Middle East","2026-04-24","2026-05-01","2026-04-30","Delivered","On-Time / Early","-1","267400.80"
"1494","1583","2026-04-20","Arabian Connect Air","Airline","United Arab Emirates","Middle East","2026-04-29","2026-05-08","2026-05-07","Delivered","On-Time / Early","-1","243116.45"
"1529","1621","2026-05-27","Arabian Connect Air","Airline","United Arab Emirates","Middle East","2026-06-05","2026-06-12","2026-06-10","Delivered","On-Time / Early","-2","174585.62"
"1560","1652","2026-10-06","GulfTech Aviation Services","MRO Provider","United Arab Emirates","Middle East","2026-10-12","2026-10-21","2026-10-21","Delivered","On-Time / Early","0","424564.29"
"1646","1743","2026-10-05","GulfTech Aviation Services","MRO Provider","United Arab Emirates","Middle East","2026-10-09","2026-10-18","2026-10-17","Delivered","On-Time / Early","-1","154962.08"
"1647","1744","2025-08-07","GulfTech Aviation Services","MRO Provider","United Arab Emirates","Middle East","2025-08-17","2025-08-23","2025-08-21","Delivered","On-Time / Early","-2","909145.22"
"1669","1767","2026-01-19","GulfTech Aviation Services","MRO Provider","United Arab Emirates","Middle East","2026-01-23","2026-01-29","2026-01-28","Delivered","On-Time / Early","-1","659700.74"
"1687","1787","2026-06-13","GulfTech Aviation Services","MRO Provider","United Arab Emirates","Middle East","2026-06-18","2026-06-26","2026-06-28","Delivered","Late","2","908776.42"
"1707","1807","2026-01-28","GulfTech Aviation Services","MRO Provider","United Arab Emirates","Middle East","2026-01-31","2026-02-05","2026-02-05","Delivered","On-Time / Early","0","331168.35"
"1748","1851","2025-05-11","GulfTech Aviation Services","MRO Provider","United Arab Emirates","Middle East","2025-05-20","2025-05-30","2025-05-31","Delivered","Late","1","1612629.86"
"1783","1890","2025-03-30","GulfTech Aviation Services","MRO Provider","United Arab Emirates","Middle East","2025-04-01","2025-04-10","2025-04-09","Delivered","On-Time / Early","-1","610477.74"
"1810","1918","2026-11-29","GulfTech Aviation Services","MRO Provider","United Arab Emirates","Middle East","2026-12-05","2026-12-11","2026-12-09","Delivered","On-Time / Early","-2","858499.11"
"1825","1933","2025-10-19","GulfTech Aviation Services","MRO Provider","United Arab Emirates","Middle East","2025-10-23","2025-11-02","2025-11-01","Delivered","On-Time / Early","-1","831940.33"
"1828","1936","2025-05-31","GulfTech Aviation Services","MRO Provider","United Arab Emirates","Middle East","2025-06-09","2025-06-18","2025-06-16","Delivered","On-Time / Early","-2","1212010.14"
"1871","1982","2026-08-24","GulfTech Aviation Services","MRO Provider","United Arab Emirates","Middle East","2026-08-27","2026-09-06","2026-09-04","Delivered","On-Time / Early","-2","476338.61"
"1880","1992","2026-02-09","GulfTech Aviation Services","MRO Provider","United Arab Emirates","Middle East","2026-02-13","2026-02-18","2026-02-16","Delivered","On-Time / Early","-2","1231580.06"
"1893","2006","2025-10-15","GulfTech Aviation Services","MRO Provider","United Arab Emirates","Middle East","2025-10-22","2025-10-28","2025-10-26","Delivered","On-Time / Early","-2","172450.88"
"1896","2009","2026-12-22","GulfTech Aviation Services","MRO Provider","United Arab Emirates","Middle East","2026-12-27","2027-01-04","2027-01-04","Delivered","On-Time / Early","0","700953.72"
"1899","2012","2026-08-03","GulfTech Aviation Services","MRO Provider","United Arab Emirates","Middle East","2026-08-08","2026-08-14","2026-08-12","Delivered","On-Time / Early","-2","450275.97"
"1936","2051","2026-05-03","GulfTech Aviation Services","MRO Provider","United Arab Emirates","Middle East","2026-05-11","2026-05-16","2026-05-14","Delivered","On-Time / Early","-2","111496.77"
"1995","2112","2025-04-17","GulfTech Aviation Services","MRO Provider","United Arab Emirates","Middle East","2025-04-23","2025-05-02","2025-05-02","Delivered","On-Time / Early","0","652199.82"
"2027","2146","2025-08-10","GulfTech Aviation Services","MRO Provider","United Arab Emirates","Middle East","2025-08-13","2025-08-19","2025-08-18","Delivered","On-Time / Early","-1","688345.63"
"2044","2163","2026-10-09","GulfTech Aviation Services","MRO Provider","United Arab Emirates","Middle East","2026-10-16","2026-10-21","2026-10-19","Delivered","On-Time / Early","-2","202117.72"
"2087","2209","2025-09-16","GulfTech Aviation Services","MRO Provider","United Arab Emirates","Middle East","2025-09-18","2025-09-26","2025-09-24","Delivered","On-Time / Early","-2","451436.02"
"2116","2240","2025-07-19","GulfTech Aviation Services","MRO Provider","United Arab Emirates","Middle East","2025-07-26","2025-08-02","2025-08-02","Delivered","On-Time / Early","0","736185.08"
"2151","2278","2025-04-15","GulfTech Aviation Services","MRO Provider","United Arab Emirates","Middle East","2025-04-18","2025-04-25","2025-04-23","Delivered","On-Time / Early","-2","490742.19"
"2152","2279","2026-03-14","GulfTech Aviation Services","MRO Provider","United Arab Emirates","Middle East","2026-03-16","2026-03-25","2026-03-23","Delivered","On-Time / Early","-2","923180.39"
"2163","2291","2026-10-23","GulfTech Aviation Services","MRO Provider","United Arab Emirates","Middle East","2026-10-27","2026-11-01","2026-10-30","Delivered","On-Time / Early","-2","75941.35"
"2169","2297","2026-09-06","GulfTech Aviation Services","MRO Provider","United Arab Emirates","Middle East","2026-09-10","2026-09-16","2026-09-14","Delivered","On-Time / Early","-2","874829.59"
"2186","2314","2026-10-11","GulfTech Aviation Services","MRO Provider","United Arab Emirates","Middle East","2026-10-18","2026-10-27","2026-10-25","Delivered","On-Time / Early","-2","841228.56"
"2187","2315","2026-08-01","GulfTech Aviation Services","MRO Provider","United Arab Emirates","Middle East","2026-08-08","2026-08-16","2026-08-17","Delivered","Late","1","349324.78"
"2190","2318","2025-04-23","GulfTech Aviation Services","MRO Provider","United Arab Emirates","Middle East","2025-04-26","2025-05-03","2025-05-03","Delivered","On-Time / Early","0","903445.76"
"2196","2324","2025-12-24","GulfTech Aviation Services","MRO Provider","United Arab Emirates","Middle East","2026-01-02","2026-01-12","2026-01-12","Delivered","On-Time / Early","0","1740944.34"
"2203","2331","2026-01-15","GulfTech Aviation Services","MRO Provider","United Arab Emirates","Middle East","2026-01-24","2026-02-02","2026-01-31","Delivered","On-Time / Early","-2","1004893.72"
"2204","2332","2026-03-05","GulfTech Aviation Services","MRO Provider","United Arab Emirates","Middle East","2026-03-15","2026-03-20","2026-03-19","Delivered","On-Time / Early","-1","486782.99"
"2215","2343","2026-03-12","GulfTech Aviation Services","MRO Provider","United Arab Emirates","Middle East","2026-03-15","2026-03-22","2026-03-21","Delivered","On-Time / Early","-1","445958.96"
"2217","2345","2025-06-22","GulfTech Aviation Services","MRO Provider","United Arab Emirates","Middle East","2025-06-26","2025-07-06","2025-07-05","Delivered","On-Time / Early","-1","708532.84"
"2247","2377","2025-04-16","GulfTech Aviation Services","MRO Provider","United Arab Emirates","Middle East","2025-04-24","2025-05-03","2025-05-03","Delivered","On-Time / Early","0","996284.22"
"2254","2385","2025-12-26","GulfTech Aviation Services","MRO Provider","United Arab Emirates","Middle East","2025-12-29","2026-01-05","2026-01-03","Delivered","On-Time / Early","-2","755635.34"
"2272","2403","2025-10-08","GulfTech Aviation Services","MRO Provider","United Arab Emirates","Middle East","2025-10-12","2025-10-20","2025-10-18","Delivered","On-Time / Early","-2","503490.36"
"2307","2440","2026-07-11","GulfTech Aviation Services","MRO Provider","United Arab Emirates","Middle East","2026-07-17","2026-07-27","2026-07-27","Delivered","On-Time / Early","0","827287.51"
"2317","2450","2026-11-15","GulfTech Aviation Services","MRO Provider","United Arab Emirates","Middle East","2026-11-25","2026-12-04","2026-12-03","Delivered","On-Time / Early","-1","365702.25"
"2334","2469","2026-12-14","GulfTech Aviation Services","MRO Provider","United Arab Emirates","Middle East","2026-12-19","2026-12-26",\N,"In Transit","Not Delivered",\N,"362921.89"
"2336","2471","2025-04-19","GulfTech Aviation Services","MRO Provider","United Arab Emirates","Middle East","2025-04-24","2025-05-04","2025-05-03","Delivered","On-Time / Early","-1","674844.05"
"2359","2497","2026-12-21","GulfTech Aviation Services","MRO Provider","United Arab Emirates","Middle East","2026-12-31","2027-01-09","2027-01-07","Delivered","On-Time / Early","-2","35768.10"
"2362","2500","2025-06-05","GulfTech Aviation Services","MRO Provider","United Arab Emirates","Middle East","2025-06-11","2025-06-18","2025-06-17","Delivered","On-Time / Early","-1","181944.84"
"2382","2522","2026-04-19","GulfTech Aviation Services","MRO Provider","United Arab Emirates","Middle East","2026-04-22","2026-04-28","2026-04-26","Delivered","On-Time / Early","-2","706820.01"
"2410","2550","2025-05-08","GulfTech Aviation Services","MRO Provider","United Arab Emirates","Middle East","2025-05-10","2025-05-15","2025-05-13","Delivered","On-Time / Early","-2","521002.22"
"1589","1681","2026-08-16","Desert Aero Maintenance","MRO Provider","Saudi Arabia","Middle East","2026-08-22","2026-08-31","2026-08-31","Delivered","On-Time / Early","0","975482.32"
"1595","1688","2026-05-23","Desert Aero Maintenance","MRO Provider","Saudi Arabia","Middle East","2026-06-02","2026-06-12","2026-06-11","Delivered","On-Time / Early","-1","231701.07"
"1605","1699","2026-03-11","Desert Aero Maintenance","MRO Provider","Saudi Arabia","Middle East","2026-03-18","2026-03-28","2026-03-26","Delivered","On-Time / Early","-2","489345.50"
"1612","1708","2026-06-17","Desert Aero Maintenance","MRO Provider","Saudi Arabia","Middle East","2026-06-26","2026-07-03","2026-07-02","Delivered","On-Time / Early","-1","431995.59"
"1645","1742","2026-11-19","Desert Aero Maintenance","MRO Provider","Saudi Arabia","Middle East","2026-11-29","2026-12-06",\N,"In Transit","Not Delivered",\N,"226993.12"
"1715","1816","2025-10-15","Desert Aero Maintenance","MRO Provider","Saudi Arabia","Middle East","2025-10-22","2025-10-31","2025-10-30","Delivered","On-Time / Early","-1","174309.58"
"1718","1819","2026-05-19","Desert Aero Maintenance","MRO Provider","Saudi Arabia","Middle East","2026-05-21","2026-05-28","2026-05-28","Delivered","On-Time / Early","0","1246672.07"
"1739","1842","2026-03-19","Desert Aero Maintenance","MRO Provider","Saudi Arabia","Middle East","2026-03-27","2026-04-01","2026-04-03","Delivered","Late","2","1281357.17"
"1743","1846","2025-04-03","Desert Aero Maintenance","MRO Provider","Saudi Arabia","Middle East","2025-04-13","2025-04-18","2025-04-21","Delivered","Late","3","789482.34"
"1756","1859","2026-04-11","Desert Aero Maintenance","MRO Provider","Saudi Arabia","Middle East","2026-04-17","2026-04-23","2026-04-23","Delivered","On-Time / Early","0","811545.31"
"1758","1861","2025-03-22","Desert Aero Maintenance","MRO Provider","Saudi Arabia","Middle East","2025-03-29","2025-04-07","2025-04-06","Delivered","On-Time / Early","-1","240523.06"
"1761","1865","2026-09-09","Desert Aero Maintenance","MRO Provider","Saudi Arabia","Middle East","2026-09-14","2026-09-22","2026-09-22","Delivered","On-Time / Early","0","324043.99"
"1778","1884","2025-10-22","Desert Aero Maintenance","MRO Provider","Saudi Arabia","Middle East","2025-10-25","2025-10-30","2025-10-28","Delivered","On-Time / Early","-2","945909.46"
"1799","1907","2026-03-02","Desert Aero Maintenance","MRO Provider","Saudi Arabia","Middle East","2026-03-08","2026-03-14","2026-03-14","Delivered","On-Time / Early","0","863977.16"
"1808","1916","2026-02-07","Desert Aero Maintenance","MRO Provider","Saudi Arabia","Middle East","2026-02-12","2026-02-22","2026-02-22","Delivered","On-Time / Early","0","514347.25"
"1826","1934","2026-06-17","Desert Aero Maintenance","MRO Provider","Saudi Arabia","Middle East","2026-06-26","2026-07-01","2026-07-02","Delivered","Late","1","180331.71"
"1846","1956","2026-04-17","Desert Aero Maintenance","MRO Provider","Saudi Arabia","Middle East","2026-04-27","2026-05-07","2026-05-07","Delivered","On-Time / Early","0","18782.94"
"1879","1991","2025-06-15","Desert Aero Maintenance","MRO Provider","Saudi Arabia","Middle East","2025-06-18","2025-06-24","2025-06-23","Delivered","On-Time / Early","-1","897380.34"
"1900","2013","2025-05-12","Desert Aero Maintenance","MRO Provider","Saudi Arabia","Middle East","2025-05-14","2025-05-22","2025-05-22","Delivered","On-Time / Early","0","1825968.82"
"1927","2042","2026-05-08","Desert Aero Maintenance","MRO Provider","Saudi Arabia","Middle East","2026-05-10","2026-05-17","2026-05-15","Delivered","On-Time / Early","-2","1020904.55"
"1941","2056","2026-05-08","Desert Aero Maintenance","MRO Provider","Saudi Arabia","Middle East","2026-05-10","2026-05-16","2026-05-15","Delivered","On-Time / Early","-1","297098.94"
"1947","2062","2025-09-26","Desert Aero Maintenance","MRO Provider","Saudi Arabia","Middle East","2025-09-29","2025-10-04","2025-10-04","Delivered","On-Time / Early","0","1077074.42"
"1960","2075","2026-02-02","Desert Aero Maintenance","MRO Provider","Saudi Arabia","Middle East","2026-02-12","2026-02-18","2026-02-16","Delivered","On-Time / Early","-2","946432.14"
"1979","2095","2026-08-17","Desert Aero Maintenance","MRO Provider","Saudi Arabia","Middle East","2026-08-19","2026-08-29","2026-08-27","Delivered","On-Time / Early","-2","78156.66"
"1989","2105","2026-02-18","Desert Aero Maintenance","MRO Provider","Saudi Arabia","Middle East","2026-02-21","2026-02-28","2026-03-02","Delivered","Late","2","1052669.78"
"2008","2125","2025-02-10","Desert Aero Maintenance","MRO Provider","Saudi Arabia","Middle East","2025-02-19","2025-02-27","2025-02-27","Delivered","On-Time / Early","0","806713.52"
"2015","2134","2025-03-20","Desert Aero Maintenance","MRO Provider","Saudi Arabia","Middle East","2025-03-25","2025-03-30","2025-03-29","Delivered","On-Time / Early","-1","857406.57"
"2030","2149","2026-01-22","Desert Aero Maintenance","MRO Provider","Saudi Arabia","Middle East","2026-01-25","2026-02-02","2026-02-02","Delivered","On-Time / Early","0","934429.70"
"2048","2169","2026-03-15","Desert Aero Maintenance","MRO Provider","Saudi Arabia","Middle East","2026-03-22","2026-03-29","2026-03-28","Delivered","On-Time / Early","-1","1152160.64"
"2054","2175","2025-10-23","Desert Aero Maintenance","MRO Provider","Saudi Arabia","Middle East","2025-10-29","2025-11-03","2025-11-02","Delivered","On-Time / Early","-1","730746.20"
"2067","2188","2026-03-20","Desert Aero Maintenance","MRO Provider","Saudi Arabia","Middle East","2026-03-24","2026-04-01","2026-03-31","Delivered","On-Time / Early","-1","1016960.68"
"2088","2210","2026-02-26","Desert Aero Maintenance","MRO Provider","Saudi Arabia","Middle East","2026-03-05","2026-03-14","2026-03-14","Delivered","On-Time / Early","0","1749976.66"
"2090","2212","2025-10-03","Desert Aero Maintenance","MRO Provider","Saudi Arabia","Middle East","2025-10-12","2025-10-22","2025-10-21","Delivered","On-Time / Early","-1","888235.15"
"2092","2214","2025-03-13","Desert Aero Maintenance","MRO Provider","Saudi Arabia","Middle East","2025-03-18","2025-03-28","2025-03-26","Delivered","On-Time / Early","-2","477058.92"
"2101","2223","2026-11-20","Desert Aero Maintenance","MRO Provider","Saudi Arabia","Middle East","2026-11-27","2026-12-04","2026-12-05","Delivered","Late","1","1568598.64"
"2118","2244","2025-06-24","Desert Aero Maintenance","MRO Provider","Saudi Arabia","Middle East","2025-06-26","2025-07-03","2025-07-02","Delivered","On-Time / Early","-1","807262.93"
"2122","2248","2026-10-11","Desert Aero Maintenance","MRO Provider","Saudi Arabia","Middle East","2026-10-16","2026-10-22","2026-10-22","Delivered","On-Time / Early","0","480423.03"
"2146","2273","2025-11-28","Desert Aero Maintenance","MRO Provider","Saudi Arabia","Middle East","2025-12-02","2025-12-11","2025-12-09","Delivered","On-Time / Early","-2","739959.19"
"2157","2285","2026-10-31","Desert Aero Maintenance","MRO Provider","Saudi Arabia","Middle East","2026-11-09","2026-11-15","2026-11-13","Delivered","On-Time / Early","-2","999978.17"
"2233","2362","2025-12-29","Desert Aero Maintenance","MRO Provider","Saudi Arabia","Middle East","2026-01-01","2026-01-10","2026-01-08","Delivered","On-Time / Early","-2","1272990.47"
"2239","2368","2025-11-29","Desert Aero Maintenance","MRO Provider","Saudi Arabia","Middle East","2025-12-05","2025-12-10","2025-12-13","Delivered","Late","3","48783.28"
"2288","2420","2025-08-13","Desert Aero Maintenance","MRO Provider","Saudi Arabia","Middle East","2025-08-15","2025-08-22","2025-08-21","Delivered","On-Time / Early","-1","998758.76"
"2299","2432","2025-04-13","Desert Aero Maintenance","MRO Provider","Saudi Arabia","Middle East","2025-04-21","2025-04-29","2025-04-27","Delivered","On-Time / Early","-2","231318.00"
"2305","2438","2026-05-07","Desert Aero Maintenance","MRO Provider","Saudi Arabia","Middle East","2026-05-10","2026-05-19","2026-05-17","Delivered","On-Time / Early","-2","425179.48"
"2320","2453","2025-06-02","Desert Aero Maintenance","MRO Provider","Saudi Arabia","Middle East","2025-06-11","2025-06-20","2025-06-20","Delivered","On-Time / Early","0","1406299.70"
"2340","2475","2025-05-24","Desert Aero Maintenance","MRO Provider","Saudi Arabia","Middle East","2025-06-03","2025-06-12","2025-06-10","Delivered","On-Time / Early","-2","748594.38"
"2348","2483","2025-05-09","Desert Aero Maintenance","MRO Provider","Saudi Arabia","Middle East","2025-05-13","2025-05-23","2025-05-23","Delivered","On-Time / Early","0","1421441.32"
"2358","2495","2026-01-01","Desert Aero Maintenance","MRO Provider","Saudi Arabia","Middle East","2026-01-04","2026-01-10","2026-01-08","Delivered","On-Time / Early","-2","163034.82"
"2384","2524","2025-07-04","Desert Aero Maintenance","MRO Provider","Saudi Arabia","Middle East","2025-07-07","2025-07-12","2025-07-12","Delivered","On-Time / Early","0","946384.20"
"1568","1660","2026-12-03","MiddleEast Aviation Support","MRO Provider","Qatar","Middle East","2026-12-12","2026-12-19",\N,"In Transit","Not Delivered",\N,"222690.24"
"1584","1676","2025-04-09","MiddleEast Aviation Support","MRO Provider","Qatar","Middle East","2025-04-11","2025-04-21","2025-04-19","Delivered","On-Time / Early","-2","802711.66"
"1641","1738","2026-08-04","MiddleEast Aviation Support","MRO Provider","Qatar","Middle East","2026-08-09","2026-08-18","2026-08-16","Delivered","On-Time / Early","-2","1274908.70"
"1642","1739","2025-12-22","MiddleEast Aviation Support","MRO Provider","Qatar","Middle East","2025-12-24","2025-12-29","2026-01-05","Delivered","Late","7","1118954.31"
"1658","1755","2025-09-22","MiddleEast Aviation Support","MRO Provider","Qatar","Middle East","2025-10-02","2025-10-10","2025-10-08","Delivered","On-Time / Early","-2","1085731.06"
"1659","1757","2026-05-13","MiddleEast Aviation Support","MRO Provider","Qatar","Middle East","2026-05-16","2026-05-23","2026-05-25","Delivered","Late","2","596070.12"
"1672","1771","2026-11-10","MiddleEast Aviation Support","MRO Provider","Qatar","Middle East","2026-11-13","2026-11-23","2026-11-21","Delivered","On-Time / Early","-2","545879.94"
"1690","1790","2025-12-02","MiddleEast Aviation Support","MRO Provider","Qatar","Middle East","2025-12-09","2025-12-16","2025-12-15","Delivered","On-Time / Early","-1","1354584.79"
"1754","1857","2025-07-03","MiddleEast Aviation Support","MRO Provider","Qatar","Middle East","2025-07-10","2025-07-20","2025-07-19","Delivered","On-Time / Early","-1","273551.63"
"1790","1897","2025-12-15","MiddleEast Aviation Support","MRO Provider","Qatar","Middle East","2025-12-22","2026-01-01","2026-01-02","Delivered","Late","1","470350.64"
"1872","1983","2026-10-30","MiddleEast Aviation Support","MRO Provider","Qatar","Middle East","2026-11-02","2026-11-09","2026-11-08","Delivered","On-Time / Early","-1","406088.92"
"1921","2036","2026-09-06","MiddleEast Aviation Support","MRO Provider","Qatar","Middle East","2026-09-15","2026-09-25","2026-09-26","Delivered","Late","1","1099271.64"
"1922","2037","2026-04-21","MiddleEast Aviation Support","MRO Provider","Qatar","Middle East","2026-05-01","2026-05-10","2026-05-10","Delivered","On-Time / Early","0","205791.53"
"1923","2038","2026-11-23","MiddleEast Aviation Support","MRO Provider","Qatar","Middle East","2026-11-26","2026-12-02","2026-12-01","Delivered","On-Time / Early","-1","916621.11"
"1928","2043","2025-05-21","MiddleEast Aviation Support","MRO Provider","Qatar","Middle East","2025-05-23","2025-05-31","2025-05-29","Delivered","On-Time / Early","-2","1621196.57"
"1935","2050","2025-07-26","MiddleEast Aviation Support","MRO Provider","Qatar","Middle East","2025-08-04","2025-08-09","2025-08-08","Delivered","On-Time / Early","-1","55400.73"
"1959","2074","2025-03-25","MiddleEast Aviation Support","MRO Provider","Qatar","Middle East","2025-04-02","2025-04-10","2025-04-08","Delivered","On-Time / Early","-2","316228.77"
"2089","2211","2026-08-10","MiddleEast Aviation Support","MRO Provider","Qatar","Middle East","2026-08-16","2026-08-25","2026-08-25","Delivered","On-Time / Early","0","1311813.48"
"2103","2225","2026-06-19","MiddleEast Aviation Support","MRO Provider","Qatar","Middle East","2026-06-28","2026-07-07","2026-07-06","Delivered","On-Time / Early","-1","870659.86"
"2130","2257","2025-11-24","MiddleEast Aviation Support","MRO Provider","Qatar","Middle East","2025-12-03","2025-12-13","2025-12-22","Delivered","Late","9","1067450.21"
"2162","2290","2025-04-07","MiddleEast Aviation Support","MRO Provider","Qatar","Middle East","2025-04-14","2025-04-23","2025-04-22","Delivered","On-Time / Early","-1","927342.54"
"2194","2322","2025-04-18","MiddleEast Aviation Support","MRO Provider","Qatar","Middle East","2025-04-24","2025-05-02","2025-04-30","Delivered","On-Time / Early","-2","963166.74"
"2205","2333","2025-12-29","MiddleEast Aviation Support","MRO Provider","Qatar","Middle East","2026-01-06","2026-01-14","2026-01-12","Delivered","On-Time / Early","-2","38098.70"
"2390","2530","2026-01-06","MiddleEast Aviation Support","MRO Provider","Qatar","Middle East","2026-01-09","2026-01-17","2026-01-16","Delivered","On-Time / Early","-1","536783.77"
"2418","2559","2025-02-03","Gulf Aerospace Manufacturing","Aircraft Manufacturer","United Arab Emirates","Middle East","2025-02-12","2025-02-21","2025-02-19","Delivered","On-Time / Early","-2","1205311.88"
"2423","2565","2026-03-01","Gulf Aerospace Manufacturing","Aircraft Manufacturer","United Arab Emirates","Middle East","2026-03-07","2026-03-16","2026-03-22","Delivered","Late","6","3327656.99"
"2447","2589","2025-11-18","Gulf Aerospace Manufacturing","Aircraft Manufacturer","United Arab Emirates","Middle East","2025-11-23","2025-12-03","2025-12-01","Delivered","On-Time / Early","-2","5269775.25"
"2470","2614","2025-11-23","Gulf Aerospace Manufacturing","Aircraft Manufacturer","United Arab Emirates","Middle East","2025-11-29","2025-12-08","2025-12-08","Delivered","On-Time / Early","0","3374558.48"
"2497","2641","2026-05-05","Gulf Aerospace Manufacturing","Aircraft Manufacturer","United Arab Emirates","Middle East","2026-05-11","2026-05-20","2026-05-18","Delivered","On-Time / Early","-2","4845568.07"
"2499","2644","2025-09-06","Gulf Aerospace Manufacturing","Aircraft Manufacturer","United Arab Emirates","Middle East","2025-09-09","2025-09-17","2025-09-15","Delivered","On-Time / Early","-2","3356262.43"
"2527","2673","2025-01-14","Gulf Aerospace Manufacturing","Aircraft Manufacturer","United Arab Emirates","Middle East","2025-01-19","2025-01-24","2025-01-22","Delivered","On-Time / Early","-2","1896501.65"
"2541","2687","2026-01-22","Gulf Aerospace Manufacturing","Aircraft Manufacturer","United Arab Emirates","Middle East","2026-02-01","2026-02-07","2026-02-07","Delivered","On-Time / Early","0","6511794.26"
"2559","2708","2025-05-23","Gulf Aerospace Manufacturing","Aircraft Manufacturer","United Arab Emirates","Middle East","2025-05-29","2025-06-04","2025-06-04","Delivered","On-Time / Early","0","4574666.00"
"2564","2713","2026-12-03","Gulf Aerospace Manufacturing","Aircraft Manufacturer","United Arab Emirates","Middle East","2026-12-13","2026-12-21","2026-12-21","Delivered","On-Time / Early","0","2161442.80"
"2575","2724","2025-02-24","Gulf Aerospace Manufacturing","Aircraft Manufacturer","United Arab Emirates","Middle East","2025-03-05","2025-03-11","2025-03-10","Delivered","On-Time / Early","-1","3063572.47"
"2584","2733","2026-11-05","Gulf Aerospace Manufacturing","Aircraft Manufacturer","United Arab Emirates","Middle East","2026-11-14","2026-11-20","2026-11-19","Delivered","On-Time / Early","-1","1462505.69"
"2591","2741","2026-10-23","Gulf Aerospace Manufacturing","Aircraft Manufacturer","United Arab Emirates","Middle East","2026-10-25","2026-11-04","2026-11-02","Delivered","On-Time / Early","-2","1831933.22"
"2627","2778","2025-09-27","Gulf Aerospace Manufacturing","Aircraft Manufacturer","United Arab Emirates","Middle East","2025-10-03","2025-10-12","2025-10-14","Delivered","Late","2","1901272.66"
"2639","2790","2026-01-22","Gulf Aerospace Manufacturing","Aircraft Manufacturer","United Arab Emirates","Middle East","2026-01-29","2026-02-08","2026-02-07","Delivered","On-Time / Early","-1","5960318.19"
"2668","2821","2026-08-10","Gulf Aerospace Manufacturing","Aircraft Manufacturer","United Arab Emirates","Middle East","2026-08-18","2026-08-25","2026-08-23","Delivered","On-Time / Early","-2","4665690.87"
"2681","2835","2026-09-25","Gulf Aerospace Manufacturing","Aircraft Manufacturer","United Arab Emirates","Middle East","2026-09-28","2026-10-07","2026-10-05","Delivered","On-Time / Early","-2","1362513.22"
"2684","2839","2025-01-17","Gulf Aerospace Manufacturing","Aircraft Manufacturer","United Arab Emirates","Middle East","2025-01-27","2025-02-02","2025-01-31","Delivered","On-Time / Early","-2","2997048.83"
"2698","2853","2026-08-12","Gulf Aerospace Manufacturing","Aircraft Manufacturer","United Arab Emirates","Middle East","2026-08-17","2026-08-23","2026-08-21","Delivered","On-Time / Early","-2","2666231.74"
"2718","2876","2026-02-23","Gulf Aerospace Manufacturing","Aircraft Manufacturer","United Arab Emirates","Middle East","2026-03-05","2026-03-15","2026-03-13","Delivered","On-Time / Early","-2","5035100.33"
"2719","2877","2026-05-04","Gulf Aerospace Manufacturing","Aircraft Manufacturer","United Arab Emirates","Middle East","2026-05-11","2026-05-17","2026-05-18","Delivered","Late","1","4040164.60"
"2747","2906","2025-08-14","Gulf Aerospace Manufacturing","Aircraft Manufacturer","United Arab Emirates","Middle East","2025-08-23","2025-09-01","2025-09-07","Delivered","Late","6","4444971.98"
"2752","2912","2025-08-29","Gulf Aerospace Manufacturing","Aircraft Manufacturer","United Arab Emirates","Middle East","2025-09-04","2025-09-12","2025-09-15","Delivered","Late","3","4325956.01"
"2758","2918","2025-11-23","Gulf Aerospace Manufacturing","Aircraft Manufacturer","United Arab Emirates","Middle East","2025-12-03","2025-12-11","2025-12-09","Delivered","On-Time / Early","-2","2087795.99"
"2776","2937","2025-08-24","Gulf Aerospace Manufacturing","Aircraft Manufacturer","United Arab Emirates","Middle East","2025-09-02","2025-09-12","2025-09-10","Delivered","On-Time / Early","-2","1544380.18"
"2801","2963","2026-03-12","Gulf Aerospace Manufacturing","Aircraft Manufacturer","United Arab Emirates","Middle East","2026-03-16","2026-03-23","2026-03-23","Delivered","On-Time / Early","0","3134790.57"
"2808","2970","2026-06-20","Gulf Aerospace Manufacturing","Aircraft Manufacturer","United Arab Emirates","Middle East","2026-06-29","2026-07-05","2026-07-04","Delivered","On-Time / Early","-1","4131005.66"
"2822","2984","2026-08-25","Gulf Aerospace Manufacturing","Aircraft Manufacturer","United Arab Emirates","Middle East","2026-08-28","2026-09-07","2026-09-06","Delivered","On-Time / Early","-1","6881457.10"
"2833","2995","2025-09-14","Gulf Aerospace Manufacturing","Aircraft Manufacturer","United Arab Emirates","Middle East","2025-09-23","2025-09-30","2025-10-02","Delivered","Late","2","1676425.43"
"23","24","2025-12-14","BrazilConnect Airlines","Airline","Brazil","Latin America","2025-12-20","2026-01-02","2025-12-31","Delivered","On-Time / Early","-2","29260.62"
"58","63","2025-12-07","BrazilConnect Airlines","Airline","Brazil","Latin America","2025-12-11","2025-12-25","2025-12-28","Delivered","Late","3","595546.82"
"84","90","2025-04-20","BrazilConnect Airlines","Airline","Brazil","Latin America","2025-04-24","2025-05-05","2025-05-04","Delivered","On-Time / Early","-1","72424.63"
"90","96","2025-10-11","BrazilConnect Airlines","Airline","Brazil","Latin America","2025-10-13","2025-10-25","2025-10-24","Delivered","On-Time / Early","-1","222030.65"
"99","105","2026-07-14","BrazilConnect Airlines","Airline","Brazil","Latin America","2026-07-18","2026-08-01","2026-08-01","Delivered","On-Time / Early","0","336203.44"
"109","115","2025-03-12","BrazilConnect Airlines","Airline","Brazil","Latin America","2025-03-18","2025-04-01","2025-03-31","Delivered","On-Time / Early","-1","135224.46"
"129","135","2025-12-30","BrazilConnect Airlines","Airline","Brazil","Latin America","2026-01-08","2026-01-18","2026-01-18","Delivered","On-Time / Early","0","424946.68"
"158","166","2025-09-28","BrazilConnect Airlines","Airline","Brazil","Latin America","2025-10-08","2025-10-21","2025-10-22","Delivered","Late","1","442187.32"
"184","195","2025-10-10","BrazilConnect Airlines","Airline","Brazil","Latin America","2025-10-20","2025-10-30","2025-10-30","Delivered","On-Time / Early","0","472455.18"
"218","232","2025-05-16","BrazilConnect Airlines","Airline","Brazil","Latin America","2025-05-24","2025-05-31","2025-05-29","Delivered","On-Time / Early","-2","457651.16"
"242","258","2025-06-01","BrazilConnect Airlines","Airline","Brazil","Latin America","2025-06-08","2025-06-16","2025-06-17","Delivered","Late","1","324310.70"
"245","261","2026-01-02","BrazilConnect Airlines","Airline","Brazil","Latin America","2026-01-07","2026-01-17","2026-01-19","Delivered","Late","2","572759.28"
"277","293","2025-11-29","BrazilConnect Airlines","Airline","Brazil","Latin America","2025-12-04","2025-12-11","2025-12-16","Delivered","Late","5","141216.59"
"314","331","2025-02-23","BrazilConnect Airlines","Airline","Brazil","Latin America","2025-02-26","2025-03-12","2025-03-11","Delivered","On-Time / Early","-1","184110.85"
"320","337","2026-10-21","BrazilConnect Airlines","Airline","Brazil","Latin America","2026-10-29","2026-11-07","2026-11-06","Delivered","On-Time / Early","-1","662610.66"
"388","409","2025-08-31","BrazilConnect Airlines","Airline","Brazil","Latin America","2025-09-10","2025-09-20","2025-09-19","Delivered","On-Time / Early","-1","137343.62"
"426","450","2025-12-08","BrazilConnect Airlines","Airline","Brazil","Latin America","2025-12-13","2025-12-26","2025-12-29","Delivered","Late","3","62263.89"
"433","457","2026-11-03","BrazilConnect Airlines","Airline","Brazil","Latin America","2026-11-10","2026-11-19","2026-11-18","Delivered","On-Time / Early","-1","299211.90"
"440","466","2026-11-24","BrazilConnect Airlines","Airline","Brazil","Latin America","2026-11-27","2026-12-11","2026-12-09","Delivered","On-Time / Early","-2","96232.67"
"459","486","2026-02-11","BrazilConnect Airlines","Airline","Brazil","Latin America","2026-02-19","2026-02-28","2026-02-26","Delivered","On-Time / Early","-2","117392.34"
"473","501","2026-12-22","BrazilConnect Airlines","Airline","Brazil","Latin America","2026-12-29","2027-01-05",\N,"In Transit","Not Delivered",\N,"406869.16"
"514","546","2025-07-12","BrazilConnect Airlines","Airline","Brazil","Latin America","2025-07-21","2025-07-29","2025-07-27","Delivered","On-Time / Early","-2","259474.68"
"630","668","2025-05-23","BrazilConnect Airlines","Airline","Brazil","Latin America","2025-05-28","2025-06-04","2025-06-03","Delivered","On-Time / Early","-1","401384.10"
"637","678","2026-10-11","BrazilConnect Airlines","Airline","Brazil","Latin America","2026-10-17","2026-10-30","2026-10-30","Delivered","On-Time / Early","0","37823.21"
"644","686","2026-11-30","BrazilConnect Airlines","Airline","Brazil","Latin America","2026-12-02","2026-12-15","2026-12-14","Delivered","On-Time / Early","-1","95620.90"
"722","768","2025-04-15","BrazilConnect Airlines","Airline","Brazil","Latin America","2025-04-17","2025-04-29","2025-04-28","Delivered","On-Time / Early","-1","183561.25"
"736","782","2026-01-27","BrazilConnect Airlines","Airline","Brazil","Latin America","2026-01-31","2026-02-13","2026-02-13","Delivered","On-Time / Early","0","96341.81"
"749","796","2025-07-26","BrazilConnect Airlines","Airline","Brazil","Latin America","2025-07-30","2025-08-07","2025-08-05","Delivered","On-Time / Early","-2","184538.90"
"752","801","2026-03-24","BrazilConnect Airlines","Airline","Brazil","Latin America","2026-03-31","2026-04-14","2026-04-13","Delivered","On-Time / Early","-1","166975.02"
"762","812","2025-09-20","BrazilConnect Airlines","Airline","Brazil","Latin America","2025-09-22","2025-10-02","2025-09-30","Delivered","On-Time / Early","-2","270451.02"
"766","816","2025-03-17","BrazilConnect Airlines","Airline","Brazil","Latin America","2025-03-23","2025-04-02","2025-04-01","Delivered","On-Time / Early","-1","512042.32"
"792","846","2025-01-13","BrazilConnect Airlines","Airline","Brazil","Latin America","2025-01-15","2025-01-26","2025-01-29","Delivered","Late","3","249830.55"
"807","862","2025-05-19","BrazilConnect Airlines","Airline","Brazil","Latin America","2025-05-28","2025-06-06","2025-06-08","Delivered","Late","2","301666.68"
"818","873","2026-09-08","BrazilConnect Airlines","Airline","Brazil","Latin America","2026-09-15","2026-09-22","2026-09-22","Delivered","On-Time / Early","0","48952.52"
"882","941","2026-05-05","BrazilConnect Airlines","Airline","Brazil","Latin America","2026-05-08","2026-05-20","2026-05-20","Delivered","On-Time / Early","0","143098.36"
"885","944","2026-01-24","BrazilConnect Airlines","Airline","Brazil","Latin America","2026-02-01","2026-02-15","2026-02-15","Delivered","On-Time / Early","0","233787.87"
"980","1049","2025-09-10","BrazilConnect Airlines","Airline","Brazil","Latin America","2025-09-16","2025-09-24","2025-09-24","Delivered","On-Time / Early","0","519683.89"
"1027","1097","2026-05-09","BrazilConnect Airlines","Airline","Brazil","Latin America","2026-05-12","2026-05-25","2026-05-28","Delivered","Late","3","293541.02"
"1041","1111","2026-02-15","BrazilConnect Airlines","Airline","Brazil","Latin America","2026-02-24","2026-03-06","2026-03-04","Delivered","On-Time / Early","-2","256359.01"
"1087","1160","2025-11-20","BrazilConnect Airlines","Airline","Brazil","Latin America","2025-11-27","2025-12-05","2025-12-05","Delivered","On-Time / Early","0","89617.64"
"1101","1175","2026-04-01","BrazilConnect Airlines","Airline","Brazil","Latin America","2026-04-09","2026-04-23","2026-04-21","Delivered","On-Time / Early","-2","112997.76"
"1115","1190","2025-08-21","BrazilConnect Airlines","Airline","Brazil","Latin America","2025-08-23","2025-09-04","2025-09-04","Delivered","On-Time / Early","0","193915.64"
"1125","1200","2026-06-29","BrazilConnect Airlines","Airline","Brazil","Latin America","2026-07-01","2026-07-08","2026-07-08","Delivered","On-Time / Early","0","264409.84"
"1192","1268","2025-11-29","BrazilConnect Airlines","Airline","Brazil","Latin America","2025-12-09","2025-12-23","2025-12-21","Delivered","On-Time / Early","-2","146638.32"
"1202","1278","2025-10-24","BrazilConnect Airlines","Airline","Brazil","Latin America","2025-10-28","2025-11-10","2025-11-08","Delivered","On-Time / Early","-2","94593.58"
"1222","1298","2025-07-25","BrazilConnect Airlines","Airline","Brazil","Latin America","2025-07-31","2025-08-14","2025-08-13","Delivered","On-Time / Early","-1","388103.29"
"1293","1374","2025-08-01","BrazilConnect Airlines","Airline","Brazil","Latin America","2025-08-03","2025-08-15","2025-08-15","Delivered","On-Time / Early","0","205649.95"
"1313","1394","2026-01-19","BrazilConnect Airlines","Airline","Brazil","Latin America","2026-01-28","2026-02-10","2026-02-09","Delivered","On-Time / Early","-1","248547.52"
"1327","1408","2026-12-23","BrazilConnect Airlines","Airline","Brazil","Latin America","2026-12-28","2027-01-09","2027-01-08","Delivered","On-Time / Early","-1","109539.52"
"1339","1421","2025-12-05","BrazilConnect Airlines","Airline","Brazil","Latin America","2025-12-14","2025-12-25","2025-12-24","Delivered","On-Time / Early","-1","166949.76"
"1352","1435","2026-09-03","BrazilConnect Airlines","Airline","Brazil","Latin America","2026-09-06","2026-09-14","2026-09-21","Delivered","Late","7","175407.42"
"1380","1464","2026-07-07","BrazilConnect Airlines","Airline","Brazil","Latin America","2026-07-15","2026-07-23","2026-07-23","Delivered","On-Time / Early","0","244976.40"
"1392","1476","2025-07-05","BrazilConnect Airlines","Airline","Brazil","Latin America","2025-07-11","2025-07-23","2025-07-24","Delivered","Late","1","291788.43"
"1413","1497","2026-11-04","BrazilConnect Airlines","Airline","Brazil","Latin America","2026-11-12","2026-11-21",\N,"In Transit","Not Delivered",\N,"653757.36"
"1423","1508","2025-09-14","BrazilConnect Airlines","Airline","Brazil","Latin America","2025-09-19","2025-10-02","2025-10-04","Delivered","Late","2","398535.48"
"1448","1534","2026-09-02","BrazilConnect Airlines","Airline","Brazil","Latin America","2026-09-08","2026-09-18","2026-09-17","Delivered","On-Time / Early","-1","47642.64"
"1510","1599","2026-01-12","BrazilConnect Airlines","Airline","Brazil","Latin America","2026-01-14","2026-01-27","2026-01-27","Delivered","On-Time / Early","0","290476.55"
"1545","1637","2026-03-02","BrazilConnect Airlines","Airline","Brazil","Latin America","2026-03-08","2026-03-16","2026-03-19","Delivered","Late","3","216072.61"
"20","21","2026-04-30","Andes Horizon Airways","Airline","Mexico","Latin America","2026-05-04","2026-05-18","2026-05-17","Delivered","On-Time / Early","-1","262692.83"
"43","46","2026-03-25","Andes Horizon Airways","Airline","Mexico","Latin America","2026-04-02","2026-04-16","2026-04-15","Delivered","On-Time / Early","-1","46982.64"
"118","124","2026-09-07","Andes Horizon Airways","Airline","Mexico","Latin America","2026-09-12","2026-09-22","2026-09-22","Delivered","On-Time / Early","0","537220.10"
"166","175","2026-11-20","Andes Horizon Airways","Airline","Mexico","Latin America","2026-11-29","2026-12-06","2026-12-05","Delivered","On-Time / Early","-1","84527.58"
"172","181","2026-02-15","Andes Horizon Airways","Airline","Mexico","Latin America","2026-02-24","2026-03-05","2026-03-05","Delivered","On-Time / Early","0","913222.54"
"212","226","2026-05-24","Andes Horizon Airways","Airline","Mexico","Latin America","2026-05-29","2026-06-12","2026-06-17","Delivered","Late","5","433350.45"
"219","233","2025-10-07","Andes Horizon Airways","Airline","Mexico","Latin America","2025-10-16","2025-10-23","2025-10-21","Delivered","On-Time / Early","-2","247315.75"
"241","257","2025-08-10","Andes Horizon Airways","Airline","Mexico","Latin America","2025-08-20","2025-08-31","2025-08-31","Delivered","On-Time / Early","0","125692.32"
"263","279","2026-01-17","Andes Horizon Airways","Airline","Mexico","Latin America","2026-01-26","2026-02-08","2026-02-08","Delivered","On-Time / Early","0","49921.15"
"271","287","2026-11-05","Andes Horizon Airways","Airline","Mexico","Latin America","2026-11-13","2026-11-26","2026-11-25","Delivered","On-Time / Early","-1","90596.25"
"287","304","2026-11-16","Andes Horizon Airways","Airline","Mexico","Latin America","2026-11-26","2026-12-04","2026-12-07","Delivered","Late","3","308230.51"
"326","343","2026-07-07","Andes Horizon Airways","Airline","Mexico","Latin America","2026-07-16","2026-07-28","2026-07-29","Delivered","Late","1","269552.87"
"328","345","2025-07-05","Andes Horizon Airways","Airline","Mexico","Latin America","2025-07-09","2025-07-20","2025-07-19","Delivered","On-Time / Early","-1","110570.31"
"384","405","2025-03-31","Andes Horizon Airways","Airline","Mexico","Latin America","2025-04-08","2025-04-22","2025-04-20","Delivered","On-Time / Early","-2","185927.25"
"429","453","2026-06-04","Andes Horizon Airways","Airline","Mexico","Latin America","2026-06-14","2026-06-26","2026-06-24","Delivered","On-Time / Early","-2","286406.83"
"446","472","2026-02-09","Andes Horizon Airways","Airline","Mexico","Latin America","2026-02-13","2026-02-25","2026-02-23","Delivered","On-Time / Early","-2","630421.44"
"551","583","2026-12-31","Andes Horizon Airways","Airline","Mexico","Latin America","2027-01-05","2027-01-14","2027-01-17","Delivered","Late","3","137452.74"
"576","609","2026-03-17","Andes Horizon Airways","Airline","Mexico","Latin America","2026-03-27","2026-04-05","2026-04-04","Delivered","On-Time / Early","-1","71973.68"
"580","613","2025-10-15","Andes Horizon Airways","Airline","Mexico","Latin America","2025-10-20","2025-11-03","2025-11-02","Delivered","On-Time / Early","-1","153123.59"
"583","617","2025-03-12","Andes Horizon Airways","Airline","Mexico","Latin America","2025-03-19","2025-03-31","2025-03-29","Delivered","On-Time / Early","-2","292113.54"
"599","635","2026-11-25","Andes Horizon Airways","Airline","Mexico","Latin America","2026-11-29","2026-12-08","2026-12-06","Delivered","On-Time / Early","-2","232917.85"
"605","641","2026-12-22","Andes Horizon Airways","Airline","Mexico","Latin America","2026-12-27","2027-01-07",\N,"In Transit","Not Delivered",\N,"480155.69"
"723","769","2025-03-05","Andes Horizon Airways","Airline","Mexico","Latin America","2025-03-15","2025-03-24","2025-03-23","Delivered","On-Time / Early","-1","252184.75"
"754","803","2026-08-27","Andes Horizon Airways","Airline","Mexico","Latin America","2026-08-30","2026-09-10","2026-09-09","Delivered","On-Time / Early","-1","271408.87"
"760","810","2025-04-01","Andes Horizon Airways","Airline","Mexico","Latin America","2025-04-09","2025-04-19","2025-04-18","Delivered","On-Time / Early","-1","19119.56"
"765","815","2025-04-14","Andes Horizon Airways","Airline","Mexico","Latin America","2025-04-17","2025-04-28","2025-04-28","Delivered","On-Time / Early","0","220350.74"
"775","825","2026-07-17","Andes Horizon Airways","Airline","Mexico","Latin America","2026-07-20","2026-07-30","2026-08-01","Delivered","Late","2","182614.00"
"808","863","2025-07-25","Andes Horizon Airways","Airline","Mexico","Latin America","2025-08-04","2025-08-12","2025-08-11","Delivered","On-Time / Early","-1","148644.08"
"901","962","2025-08-17","Andes Horizon Airways","Airline","Mexico","Latin America","2025-08-22","2025-08-29","2025-08-27","Delivered","On-Time / Early","-2","312655.74"
"911","974","2026-03-20","Andes Horizon Airways","Airline","Mexico","Latin America","2026-03-25","2026-04-07","2026-04-06","Delivered","On-Time / Early","-1","75730.84"
"984","1053","2025-03-25","Andes Horizon Airways","Airline","Mexico","Latin America","2025-03-31","2025-04-13","2025-04-12","Delivered","On-Time / Early","-1","287326.80"
"999","1069","2025-10-08","Andes Horizon Airways","Airline","Mexico","Latin America","2025-10-15","2025-10-22","2025-10-20","Delivered","On-Time / Early","-2","219153.81"
"1003","1073","2025-12-28","Andes Horizon Airways","Airline","Mexico","Latin America","2025-12-30","2026-01-12","2026-01-10","Delivered","On-Time / Early","-2","287029.90"
"1008","1078","2026-03-01","Andes Horizon Airways","Airline","Mexico","Latin America","2026-03-07","2026-03-18","2026-03-22","Delivered","Late","4","161122.42"
"1017","1087","2026-08-20","Andes Horizon Airways","Airline","Mexico","Latin America","2026-08-28","2026-09-06","2026-09-08","Delivered","Late","2","350096.25"
"1097","1171","2026-10-18","Andes Horizon Airways","Airline","Mexico","Latin America","2026-10-22","2026-11-05","2026-11-04","Delivered","On-Time / Early","-1","647581.01"
"1117","1192","2026-06-20","Andes Horizon Airways","Airline","Mexico","Latin America","2026-06-28","2026-07-08","2026-07-08","Delivered","On-Time / Early","0","292736.61"
"1150","1226","2025-12-22","Andes Horizon Airways","Airline","Mexico","Latin America","2025-12-26","2026-01-03","2026-01-03","Delivered","On-Time / Early","0","147071.72"
"1157","1233","2025-10-30","Andes Horizon Airways","Airline","Mexico","Latin America","2025-11-08","2025-11-19","2025-11-17","Delivered","On-Time / Early","-2","407590.60"
"1170","1246","2026-03-02","Andes Horizon Airways","Airline","Mexico","Latin America","2026-03-05","2026-03-14","2026-03-17","Delivered","Late","3","384800.72"
"1216","1292","2026-12-12","Andes Horizon Airways","Airline","Mexico","Latin America","2026-12-19","2026-12-28","2026-12-28","Delivered","On-Time / Early","0","514453.54"
"1284","1364","2026-03-14","Andes Horizon Airways","Airline","Mexico","Latin America","2026-03-20","2026-04-03","2026-04-01","Delivered","On-Time / Early","-2","313774.91"
"1317","1398","2025-04-11","Andes Horizon Airways","Airline","Mexico","Latin America","2025-04-19","2025-04-30","2025-04-29","Delivered","On-Time / Early","-1","525442.86"
"1332","1413","2026-10-07","Andes Horizon Airways","Airline","Mexico","Latin America","2026-10-11","2026-10-25","2026-10-23","Delivered","On-Time / Early","-2","184668.78"
"1369","1453","2026-10-20","Andes Horizon Airways","Airline","Mexico","Latin America","2026-10-28","2026-11-06",\N,"In Transit","Not Delivered",\N,"72895.18"
"1386","1470","2025-10-26","Andes Horizon Airways","Airline","Mexico","Latin America","2025-10-30","2025-11-08","2025-11-13","Delivered","Late","5","386158.26"
"1427","1512","2026-02-18","Andes Horizon Airways","Airline","Mexico","Latin America","2026-02-23","2026-03-06","2026-03-07","Delivered","Late","1","72042.90"
"1447","1533","2025-03-07","Andes Horizon Airways","Airline","Mexico","Latin America","2025-03-10","2025-03-21","2025-03-22","Delivered","Late","1","424586.50"
"1489","1577","2026-12-15","Andes Horizon Airways","Airline","Mexico","Latin America","2026-12-21","2026-12-29","2026-12-30","Delivered","Late","1","476566.61"
"1553","1645","2025-11-06","Andes Horizon Airways","Airline","Mexico","Latin America","2025-11-10","2025-11-24","2025-11-23","Delivered","On-Time / Early","-1","29581.36"
"5","6","2025-11-02","LatinSky Aviation","Airline","Brazil","Latin America","2025-11-08","2025-11-18","2025-11-18","Delivered","On-Time / Early","0","279899.17"
"42","45","2025-03-12","LatinSky Aviation","Airline","Brazil","Latin America","2025-03-20","2025-03-30","2025-03-28","Delivered","On-Time / Early","-2","355198.71"
"48","51","2026-10-12","LatinSky Aviation","Airline","Brazil","Latin America","2026-10-14","2026-10-22","2026-10-21","Delivered","On-Time / Early","-1","393358.14"
"57","62","2025-07-01","LatinSky Aviation","Airline","Brazil","Latin America","2025-07-03","2025-07-15","2025-07-22","Delivered","Late","7","219325.40"
"60","65","2025-02-09","LatinSky Aviation","Airline","Brazil","Latin America","2025-02-19","2025-03-05","2025-03-03","Delivered","On-Time / Early","-2","342017.23"
"71","76","2026-11-11","LatinSky Aviation","Airline","Brazil","Latin America","2026-11-16","2026-11-29","2026-11-29","Delivered","On-Time / Early","0","167869.30"
"81","87","2026-09-18","LatinSky Aviation","Airline","Brazil","Latin America","2026-09-22","2026-10-03","2026-10-03","Delivered","On-Time / Early","0","215705.58"
"128","134","2026-05-22","LatinSky Aviation","Airline","Brazil","Latin America","2026-05-31","2026-06-10","2026-06-10","Delivered","On-Time / Early","0","255190.04"
"157","165","2026-12-21","LatinSky Aviation","Airline","Brazil","Latin America","2026-12-29","2027-01-12",\N,"In Transit","Not Delivered",\N,"435651.58"
"164","172","2025-02-10","LatinSky Aviation","Airline","Brazil","Latin America","2025-02-15","2025-03-01","2025-02-27","Delivered","On-Time / Early","-2","445512.39"
"173","183","2026-02-18","LatinSky Aviation","Airline","Brazil","Latin America","2026-02-27","2026-03-12","2026-03-12","Delivered","On-Time / Early","0","115027.89"
"186","197","2025-11-02","LatinSky Aviation","Airline","Brazil","Latin America","2025-11-06","2025-11-14","2025-11-13","Delivered","On-Time / Early","-1","438485.42"
"233","248","2025-06-08","LatinSky Aviation","Airline","Brazil","Latin America","2025-06-10","2025-06-24","2025-06-23","Delivered","On-Time / Early","-1","294654.41"
"268","284","2025-08-18","LatinSky Aviation","Airline","Brazil","Latin America","2025-08-20","2025-08-29","2025-08-27","Delivered","On-Time / Early","-2","712147.46"
"270","286","2026-03-16","LatinSky Aviation","Airline","Brazil","Latin America","2026-03-18","2026-03-29","2026-03-27","Delivered","On-Time / Early","-2","37204.41"
"325","342","2025-10-30","LatinSky Aviation","Airline","Brazil","Latin America","2025-11-03","2025-11-11","2025-11-09","Delivered","On-Time / Early","-2","696485.28"
"334","352","2025-05-22","LatinSky Aviation","Airline","Brazil","Latin America","2025-05-31","2025-06-10","2025-06-08","Delivered","On-Time / Early","-2","55381.80"
"336","354","2026-06-13","LatinSky Aviation","Airline","Brazil","Latin America","2026-06-17","2026-06-27","2026-06-30","Delivered","Late","3","332640.58"
"373","394","2025-05-27","LatinSky Aviation","Airline","Brazil","Latin America","2025-06-03","2025-06-13","2025-06-11","Delivered","On-Time / Early","-2","331796.12"
"386","407","2025-11-04","LatinSky Aviation","Airline","Brazil","Latin America","2025-11-13","2025-11-22","2025-11-20","Delivered","On-Time / Early","-2","253399.16"
"406","430","2025-11-17","LatinSky Aviation","Airline","Brazil","Latin America","2025-11-22","2025-12-04","2025-12-03","Delivered","On-Time / Early","-1","131896.20"
"460","487","2025-10-24","LatinSky Aviation","Airline","Brazil","Latin America","2025-10-29","2025-11-09","2025-11-07","Delivered","On-Time / Early","-2","145887.24"
"463","490","2025-05-18","LatinSky Aviation","Airline","Brazil","Latin America","2025-05-27","2025-06-06","2025-06-05","Delivered","On-Time / Early","-1","332223.10"
"520","552","2026-06-10","LatinSky Aviation","Airline","Brazil","Latin America","2026-06-13","2026-06-25","2026-06-26","Delivered","Late","1","56607.82"
"546","578","2025-04-08","LatinSky Aviation","Airline","Brazil","Latin America","2025-04-16","2025-04-24","2025-04-22","Delivered","On-Time / Early","-2","509086.40"
"547","579","2026-12-10","LatinSky Aviation","Airline","Brazil","Latin America","2026-12-20","2027-01-02","2027-01-02","Delivered","On-Time / Early","0","296465.82"
"603","639","2026-09-21","LatinSky Aviation","Airline","Brazil","Latin America","2026-09-30","2026-10-08","2026-10-07","Delivered","On-Time / Early","-1","355164.80"
"629","667","2025-12-26","LatinSky Aviation","Airline","Brazil","Latin America","2025-12-29","2026-01-05","2026-01-07","Delivered","Late","2","434227.55"
"688","733","2025-04-16","LatinSky Aviation","Airline","Brazil","Latin America","2025-04-23","2025-04-30","2025-04-29","Delivered","On-Time / Early","-1","118505.15"
"701","747","2026-12-12","LatinSky Aviation","Airline","Brazil","Latin America","2026-12-21","2026-12-29","2026-12-27","Delivered","On-Time / Early","-2","132847.02"
"764","814","2026-05-20","LatinSky Aviation","Airline","Brazil","Latin America","2026-05-27","2026-06-09","2026-06-08","Delivered","On-Time / Early","-1","548661.42"
"768","818","2025-06-24","LatinSky Aviation","Airline","Brazil","Latin America","2025-06-28","2025-07-12","2025-07-10","Delivered","On-Time / Early","-2","92352.47"
"770","820","2026-09-21","LatinSky Aviation","Airline","Brazil","Latin America","2026-09-29","2026-10-06","2026-10-10","Delivered","Late","4","397836.92"
"778","829","2026-04-30","LatinSky Aviation","Airline","Brazil","Latin America","2026-05-10","2026-05-19","2026-05-19","Delivered","On-Time / Early","0","735978.64"
"791","845","2025-11-30","LatinSky Aviation","Airline","Brazil","Latin America","2025-12-08","2025-12-20","2025-12-23","Delivered","Late","3","234344.94"
"795","849","2026-07-03","LatinSky Aviation","Airline","Brazil","Latin America","2026-07-08","2026-07-19","2026-07-19","Delivered","On-Time / Early","0","504505.17"
"805","860","2026-06-13","LatinSky Aviation","Airline","Brazil","Latin America","2026-06-22","2026-07-02","2026-07-01","Delivered","On-Time / Early","-1","113091.92"
"815","870","2025-08-08","LatinSky Aviation","Airline","Brazil","Latin America","2025-08-12","2025-08-26","2025-08-26","Delivered","On-Time / Early","0","293177.88"
"820","875","2026-01-21","LatinSky Aviation","Airline","Brazil","Latin America","2026-01-31","2026-02-10","2026-02-08","Delivered","On-Time / Early","-2","96329.36"
"833","889","2026-11-05","LatinSky Aviation","Airline","Brazil","Latin America","2026-11-11","2026-11-19","2026-11-20","Delivered","Late","1","461255.81"
"876","934","2025-06-28","LatinSky Aviation","Airline","Brazil","Latin America","2025-07-01","2025-07-08","2025-07-06","Delivered","On-Time / Early","-2","404162.23"
"879","938","2025-10-02","LatinSky Aviation","Airline","Brazil","Latin America","2025-10-08","2025-10-16","2025-10-15","Delivered","On-Time / Early","-1","231907.53"
"889","949","2026-11-17","LatinSky Aviation","Airline","Brazil","Latin America","2026-11-25","2026-12-05","2026-12-05","Delivered","On-Time / Early","0","510914.44"
"891","951","2026-07-26","LatinSky Aviation","Airline","Brazil","Latin America","2026-08-05","2026-08-14","2026-08-17","Delivered","Late","3","283393.14"
"905","967","2025-02-16","LatinSky Aviation","Airline","Brazil","Latin America","2025-02-18","2025-02-25","2025-02-24","Delivered","On-Time / Early","-1","636595.87"
"918","981","2026-07-15","LatinSky Aviation","Airline","Brazil","Latin America","2026-07-21","2026-08-02","2026-08-02","Delivered","On-Time / Early","0","340729.88"
"933","997","2026-09-28","LatinSky Aviation","Airline","Brazil","Latin America","2026-10-07","2026-10-20","2026-10-18","Delivered","On-Time / Early","-2","184276.26"
"947","1014","2026-11-30","LatinSky Aviation","Airline","Brazil","Latin America","2026-12-03","2026-12-17",\N,"In Transit","Not Delivered",\N,"273963.14"
"954","1021","2025-08-07","LatinSky Aviation","Airline","Brazil","Latin America","2025-08-17","2025-08-30","2025-08-28","Delivered","On-Time / Early","-2","436528.43"
"973","1041","2026-08-04","LatinSky Aviation","Airline","Brazil","Latin America","2026-08-08","2026-08-22","2026-08-20","Delivered","On-Time / Early","-2","392987.97"
"986","1055","2025-03-19","LatinSky Aviation","Airline","Brazil","Latin America","2025-03-21","2025-03-31","2025-03-29","Delivered","On-Time / Early","-2","108001.10"
"1004","1074","2026-05-09","LatinSky Aviation","Airline","Brazil","Latin America","2026-05-16","2026-05-30","2026-05-29","Delivered","On-Time / Early","-1","209677.85"
"1025","1095","2025-01-02","LatinSky Aviation","Airline","Brazil","Latin America","2025-01-09","2025-01-23","2025-01-21","Delivered","On-Time / Early","-2","480264.35"
"1026","1096","2026-01-15","LatinSky Aviation","Airline","Brazil","Latin America","2026-01-20","2026-02-03","2026-02-03","Delivered","On-Time / Early","0","184852.43"
"1034","1104","2025-09-25","LatinSky Aviation","Airline","Brazil","Latin America","2025-10-02","2025-10-09","2025-10-07","Delivered","On-Time / Early","-2","65839.12"
"1095","1169","2026-04-03","LatinSky Aviation","Airline","Brazil","Latin America","2026-04-08","2026-04-15","2026-04-14","Delivered","On-Time / Early","-1","17954.35"
"1113","1188","2026-10-14","LatinSky Aviation","Airline","Brazil","Latin America","2026-10-18","2026-10-28","2026-10-26","Delivered","On-Time / Early","-2","97795.36"
"1159","1235","2026-09-27","LatinSky Aviation","Airline","Brazil","Latin America","2026-10-01","2026-10-15","2026-10-14","Delivered","On-Time / Early","-1","246627.66"
"1177","1253","2026-03-14","LatinSky Aviation","Airline","Brazil","Latin America","2026-03-17","2026-03-31","2026-03-30","Delivered","On-Time / Early","-1","74419.95"
"1227","1303","2026-05-12","LatinSky Aviation","Airline","Brazil","Latin America","2026-05-14","2026-05-21","2026-05-21","Delivered","On-Time / Early","0","576002.49"
"1234","1310","2025-12-16","LatinSky Aviation","Airline","Brazil","Latin America","2025-12-26","2026-01-03","2026-01-03","Delivered","On-Time / Early","0","74703.72"
"1253","1329","2026-03-26","LatinSky Aviation","Airline","Brazil","Latin America","2026-04-03","2026-04-12","2026-04-19","Delivered","Late","7","18319.58"
"1254","1330","2026-04-14","LatinSky Aviation","Airline","Brazil","Latin America","2026-04-21","2026-05-05","2026-05-04","Delivered","On-Time / Early","-1","122266.54"
"1265","1342","2026-12-31","LatinSky Aviation","Airline","Brazil","Latin America","2027-01-10","2027-01-21","2027-01-21","Delivered","On-Time / Early","0","437722.26"
"1271","1348","2026-08-03","LatinSky Aviation","Airline","Brazil","Latin America","2026-08-11","2026-08-19","2026-08-17","Delivered","On-Time / Early","-2","150719.10"
"1275","1353","2026-05-25","LatinSky Aviation","Airline","Brazil","Latin America","2026-05-29","2026-06-09","2026-06-07","Delivered","On-Time / Early","-2","417517.17"
"1302","1383","2026-07-04","LatinSky Aviation","Airline","Brazil","Latin America","2026-07-07","2026-07-16","2026-07-14","Delivered","On-Time / Early","-2","371692.97"
"1309","1390","2025-04-30","LatinSky Aviation","Airline","Brazil","Latin America","2025-05-04","2025-05-17","2025-05-16","Delivered","On-Time / Early","-1","93399.88"
"1311","1392","2026-05-24","LatinSky Aviation","Airline","Brazil","Latin America","2026-05-30","2026-06-06","2026-06-04","Delivered","On-Time / Early","-2","206836.77"
"1341","1423","2026-04-18","LatinSky Aviation","Airline","Brazil","Latin America","2026-04-25","2026-05-09","2026-05-09","Delivered","On-Time / Early","0","395747.25"
"1354","1437","2025-05-23","LatinSky Aviation","Airline","Brazil","Latin America","2025-05-30","2025-06-07","2025-06-07","Delivered","On-Time / Early","0","82889.05"
"1359","1443","2025-05-11","LatinSky Aviation","Airline","Brazil","Latin America","2025-05-17","2025-05-29","2025-05-29","Delivered","On-Time / Early","0","324277.41"
"1373","1457","2026-05-26","LatinSky Aviation","Airline","Brazil","Latin America","2026-06-04","2026-06-18","2026-06-17","Delivered","On-Time / Early","-1","142221.65"
"1403","1487","2026-10-30","LatinSky Aviation","Airline","Brazil","Latin America","2026-11-05","2026-11-17","2026-11-16","Delivered","On-Time / Early","-1","207923.94"
"1482","1570","2026-07-21","LatinSky Aviation","Airline","Brazil","Latin America","2026-07-25","2026-08-08","2026-08-09","Delivered","Late","1","313996.47"
"1505","1594","2026-08-18","LatinSky Aviation","Airline","Brazil","Latin America","2026-08-28","2026-09-10","2026-09-11","Delivered","Late","1","403835.24"
"1556","1648","2026-11-13","LatinSky Aviation","Airline","Brazil","Latin America","2026-11-15","2026-11-24","2026-11-23","Delivered","On-Time / Early","-1","186027.97"
"1576","1668","2026-03-29","Brazil Aero Services","MRO Provider","Brazil","Latin America","2026-04-01","2026-04-13","2026-04-13","Delivered","On-Time / Early","0","642904.07"
"1586","1678","2025-05-30","Brazil Aero Services","MRO Provider","Brazil","Latin America","2025-06-09","2025-06-22","2025-06-22","Delivered","On-Time / Early","0","1758496.28"
"1592","1685","2025-07-05","Brazil Aero Services","MRO Provider","Brazil","Latin America","2025-07-10","2025-07-18","2025-07-18","Delivered","On-Time / Early","0","939567.60"
"1604","1698","2026-09-02","Brazil Aero Services","MRO Provider","Brazil","Latin America","2026-09-07","2026-09-16","2026-09-16","Delivered","On-Time / Early","0","582067.37"
"1615","1712","2025-11-19","Brazil Aero Services","MRO Provider","Brazil","Latin America","2025-11-25","2025-12-04","2025-12-05","Delivered","Late","1","154328.90"
"1617","1714","2025-11-07","Brazil Aero Services","MRO Provider","Brazil","Latin America","2025-11-16","2025-11-25","2025-11-23","Delivered","On-Time / Early","-2","261863.16"
"1624","1721","2025-05-12","Brazil Aero Services","MRO Provider","Brazil","Latin America","2025-05-19","2025-06-01","2025-06-02","Delivered","Late","1","246451.03"
"1637","1734","2025-03-19","Brazil Aero Services","MRO Provider","Brazil","Latin America","2025-03-27","2025-04-07","2025-04-07","Delivered","On-Time / Early","0","92997.70"
"1651","1748","2025-11-04","Brazil Aero Services","MRO Provider","Brazil","Latin America","2025-11-10","2025-11-19","2025-11-22","Delivered","Late","3","631163.96"
"1668","1766","2025-09-18","Brazil Aero Services","MRO Provider","Brazil","Latin America","2025-09-24","2025-10-08","2025-10-06","Delivered","On-Time / Early","-2","1399549.42"
"1679","1779","2025-03-24","Brazil Aero Services","MRO Provider","Brazil","Latin America","2025-03-28","2025-04-08","2025-04-08","Delivered","On-Time / Early","0","577893.31"
"1681","1781","2025-04-13","Brazil Aero Services","MRO Provider","Brazil","Latin America","2025-04-17","2025-04-25","2025-04-23","Delivered","On-Time / Early","-2","1049750.66"
"1698","1798","2026-04-10","Brazil Aero Services","MRO Provider","Brazil","Latin America","2026-04-17","2026-04-28","2026-04-28","Delivered","On-Time / Early","0","532157.63"
"1712","1813","2025-12-14","Brazil Aero Services","MRO Provider","Brazil","Latin America","2025-12-17","2025-12-26","2025-12-27","Delivered","Late","1","238044.87"
"1717","1818","2026-03-23","Brazil Aero Services","MRO Provider","Brazil","Latin America","2026-03-25","2026-04-07","2026-04-07","Delivered","On-Time / Early","0","1354296.22"
"1729","1832","2025-04-19","Brazil Aero Services","MRO Provider","Brazil","Latin America","2025-04-22","2025-05-02","2025-05-02","Delivered","On-Time / Early","0","392066.32"
"1730","1833","2026-04-17","Brazil Aero Services","MRO Provider","Brazil","Latin America","2026-04-26","2026-05-09","2026-05-07","Delivered","On-Time / Early","-2","806917.78"
"1755","1858","2026-03-03","Brazil Aero Services","MRO Provider","Brazil","Latin America","2026-03-13","2026-03-20","2026-03-20","Delivered","On-Time / Early","0","160298.05"
"1766","1871","2026-10-04","Brazil Aero Services","MRO Provider","Brazil","Latin America","2026-10-07","2026-10-17","2026-10-17","Delivered","On-Time / Early","0","283112.40"
"1771","1877","2026-03-02","Brazil Aero Services","MRO Provider","Brazil","Latin America","2026-03-08","2026-03-16","2026-03-14","Delivered","On-Time / Early","-2","1110347.06"
"1819","1927","2025-09-05","Brazil Aero Services","MRO Provider","Brazil","Latin America","2025-09-07","2025-09-16","2025-09-16","Delivered","On-Time / Early","0","1010118.36"
"1833","1942","2026-03-03","Brazil Aero Services","MRO Provider","Brazil","Latin America","2026-03-11","2026-03-25","2026-03-24","Delivered","On-Time / Early","-1","246783.18"
"1834","1944","2026-06-10","Brazil Aero Services","MRO Provider","Brazil","Latin America","2026-06-18","2026-06-28","2026-06-27","Delivered","On-Time / Early","-1","1394765.17"
"1841","1951","2025-11-09","Brazil Aero Services","MRO Provider","Brazil","Latin America","2025-11-13","2025-11-23","2025-11-23","Delivered","On-Time / Early","0","1035496.79"
"1856","1967","2026-12-24","Brazil Aero Services","MRO Provider","Brazil","Latin America","2027-01-02","2027-01-14","2027-01-15","Delivered","Late","1","1541340.53"
"1858","1969","2026-05-19","Brazil Aero Services","MRO Provider","Brazil","Latin America","2026-05-22","2026-05-30","2026-06-06","Delivered","Late","7","15534.66"
"1865","1976","2026-02-27","Brazil Aero Services","MRO Provider","Brazil","Latin America","2026-03-08","2026-03-16","2026-03-14","Delivered","On-Time / Early","-2","1498188.11"
"1881","1993","2025-10-14","Brazil Aero Services","MRO Provider","Brazil","Latin America","2025-10-24","2025-11-05","2025-11-03","Delivered","On-Time / Early","-2","247856.46"
"1882","1994","2025-11-22","Brazil Aero Services","MRO Provider","Brazil","Latin America","2025-11-26","2025-12-07","2025-12-06","Delivered","On-Time / Early","-1","583986.48"
"1890","2003","2026-01-21","Brazil Aero Services","MRO Provider","Brazil","Latin America","2026-01-25","2026-02-01","2026-02-01","Delivered","On-Time / Early","0","639236.42"
"1901","2014","2026-08-07","Brazil Aero Services","MRO Provider","Brazil","Latin America","2026-08-15","2026-08-28","2026-08-31","Delivered","Late","3","64925.63"
"1907","2020","2025-02-14","Brazil Aero Services","MRO Provider","Brazil","Latin America","2025-02-23","2025-03-08","2025-03-07","Delivered","On-Time / Early","-1","816875.97"
"1913","2028","2025-02-25","Brazil Aero Services","MRO Provider","Brazil","Latin America","2025-03-03","2025-03-13","2025-03-13","Delivered","On-Time / Early","0","72621.95"
"1937","2052","2025-12-06","Brazil Aero Services","MRO Provider","Brazil","Latin America","2025-12-08","2025-12-19","2025-12-18","Delivered","On-Time / Early","-1","760247.69"
"1958","2073","2025-05-10","Brazil Aero Services","MRO Provider","Brazil","Latin America","2025-05-14","2025-05-25","2025-05-30","Delivered","Late","5","824871.16"
"1978","2094","2025-10-16","Brazil Aero Services","MRO Provider","Brazil","Latin America","2025-10-24","2025-11-03","2025-11-02","Delivered","On-Time / Early","-1","142407.80"
"2007","2124","2026-08-06","Brazil Aero Services","MRO Provider","Brazil","Latin America","2026-08-13","2026-08-21","2026-08-23","Delivered","Late","2","710759.15"
"2023","2142","2025-10-13","Brazil Aero Services","MRO Provider","Brazil","Latin America","2025-10-20","2025-10-30","2025-10-29","Delivered","On-Time / Early","-1","132653.30"
"2028","2147","2025-02-18","Brazil Aero Services","MRO Provider","Brazil","Latin America","2025-02-23","2025-03-06","2025-03-08","Delivered","Late","2","882905.82"
"2086","2208","2025-07-13","Brazil Aero Services","MRO Provider","Brazil","Latin America","2025-07-20","2025-08-01","2025-08-03","Delivered","Late","2","1065674.53"
"2108","2230","2025-12-31","Brazil Aero Services","MRO Provider","Brazil","Latin America","2026-01-02","2026-01-13","2026-01-11","Delivered","On-Time / Early","-2","892057.07"
"2113","2236","2026-01-04","Brazil Aero Services","MRO Provider","Brazil","Latin America","2026-01-11","2026-01-18","2026-01-16","Delivered","On-Time / Early","-2","805653.88"
"2123","2249","2025-12-07","Brazil Aero Services","MRO Provider","Brazil","Latin America","2025-12-17","2025-12-28","2026-01-03","Delivered","Late","6","411112.89"
"2132","2259","2026-07-06","Brazil Aero Services","MRO Provider","Brazil","Latin America","2026-07-08","2026-07-22","2026-07-20","Delivered","On-Time / Early","-2","608832.91"
"2133","2260","2025-10-31","Brazil Aero Services","MRO Provider","Brazil","Latin America","2025-11-04","2025-11-12","2025-11-10","Delivered","On-Time / Early","-2","337635.76"
"2137","2264","2026-10-09","Brazil Aero Services","MRO Provider","Brazil","Latin America","2026-10-12","2026-10-25","2026-10-23","Delivered","On-Time / Early","-2","726745.83"
"2139","2266","2025-08-04","Brazil Aero Services","MRO Provider","Brazil","Latin America","2025-08-06","2025-08-13","2025-08-13","Delivered","On-Time / Early","0","465948.82"
"2166","2294","2026-07-24","Brazil Aero Services","MRO Provider","Brazil","Latin America","2026-07-28","2026-08-04","2026-08-04","Delivered","On-Time / Early","0","643598.44"
"2192","2320","2025-05-30","Brazil Aero Services","MRO Provider","Brazil","Latin America","2025-06-09","2025-06-18","2025-06-17","Delivered","On-Time / Early","-1","148597.20"
"2213","2341","2026-11-25","Brazil Aero Services","MRO Provider","Brazil","Latin America","2026-12-01","2026-12-12","2026-12-11","Delivered","On-Time / Early","-1","803051.30"
"2220","2349","2026-07-07","Brazil Aero Services","MRO Provider","Brazil","Latin America","2026-07-12","2026-07-24","2026-07-22","Delivered","On-Time / Early","-2","426212.92"
"2224","2353","2026-09-25","Brazil Aero Services","MRO Provider","Brazil","Latin America","2026-10-02","2026-10-14","2026-10-12","Delivered","On-Time / Early","-2","794584.12"
"2245","2375","2025-04-28","Brazil Aero Services","MRO Provider","Brazil","Latin America","2025-05-07","2025-05-14","2025-05-21","Delivered","Late","7","1284899.53"
"2278","2409","2025-01-10","Brazil Aero Services","MRO Provider","Brazil","Latin America","2025-01-16","2025-01-26","2025-01-28","Delivered","Late","2","663707.93"
"2285","2417","2026-12-24","Brazil Aero Services","MRO Provider","Brazil","Latin America","2026-12-27","2027-01-06",\N,"In Transit","Not Delivered",\N,"337031.75"
"2301","2434","2025-04-23","Brazil Aero Services","MRO Provider","Brazil","Latin America","2025-04-27","2025-05-06","2025-05-04","Delivered","On-Time / Early","-2","411826.94"
"2304","2437","2025-12-13","Brazil Aero Services","MRO Provider","Brazil","Latin America","2025-12-21","2026-01-02","2026-01-02","Delivered","On-Time / Early","0","75381.44"
"2319","2452","2025-09-29","Brazil Aero Services","MRO Provider","Brazil","Latin America","2025-10-09","2025-10-19","2025-10-20","Delivered","Late","1","49460.69"
"2337","2472","2026-09-01","Brazil Aero Services","MRO Provider","Brazil","Latin America","2026-09-11","2026-09-20","2026-09-25","Delivered","Late","5","698492.41"
"2349","2485","2026-09-12","Brazil Aero Services","MRO Provider","Brazil","Latin America","2026-09-17","2026-09-26","2026-09-25","Delivered","On-Time / Early","-1","1050292.32"
"2391","2531","2025-08-05","Brazil Aero Services","MRO Provider","Brazil","Latin America","2025-08-12","2025-08-24","2025-09-01","Delivered","Late","8","706246.73"
"2402","2542","2026-05-27","Brazil Aero Services","MRO Provider","Brazil","Latin America","2026-06-05","2026-06-12","2026-06-12","Delivered","On-Time / Early","0","124557.68"
"1591","1683","2025-04-12","Latin Aviation Maintenance","MRO Provider","Mexico","Latin America","2025-04-17","2025-04-26","2025-04-24","Delivered","On-Time / Early","-2","371714.52"
"1600","1693","2026-05-03","Latin Aviation Maintenance","MRO Provider","Mexico","Latin America","2026-05-13","2026-05-23","2026-05-22","Delivered","On-Time / Early","-1","934025.15"
"1661","1759","2026-02-21","Latin Aviation Maintenance","MRO Provider","Mexico","Latin America","2026-03-01","2026-03-15","2026-03-18","Delivered","Late","3","139142.85"
"1666","1764","2025-08-30","Latin Aviation Maintenance","MRO Provider","Mexico","Latin America","2025-09-07","2025-09-20","2025-09-19","Delivered","On-Time / Early","-1","507636.96"
"1677","1777","2025-06-14","Latin Aviation Maintenance","MRO Provider","Mexico","Latin America","2025-06-19","2025-06-30","2025-06-30","Delivered","On-Time / Early","0","636071.28"
"1680","1780","2026-02-27","Latin Aviation Maintenance","MRO Provider","Mexico","Latin America","2026-03-02","2026-03-14","2026-03-15","Delivered","Late","1","413620.14"
"1704","1804","2026-04-07","Latin Aviation Maintenance","MRO Provider","Mexico","Latin America","2026-04-12","2026-04-21","2026-04-20","Delivered","On-Time / Early","-1","923654.56"
"1709","1809","2026-04-28","Latin Aviation Maintenance","MRO Provider","Mexico","Latin America","2026-05-05","2026-05-12","2026-05-10","Delivered","On-Time / Early","-2","724709.53"
"1735","1838","2026-07-15","Latin Aviation Maintenance","MRO Provider","Mexico","Latin America","2026-07-22","2026-08-01","2026-08-04","Delivered","Late","3","1674942.93"
"1746","1849","2025-06-08","Latin Aviation Maintenance","MRO Provider","Mexico","Latin America","2025-06-16","2025-06-26","2025-06-25","Delivered","On-Time / Early","-1","1590642.69"
"1750","1853","2025-03-20","Latin Aviation Maintenance","MRO Provider","Mexico","Latin America","2025-03-22","2025-04-01","2025-03-30","Delivered","On-Time / Early","-2","133070.40"
"1773","1879","2026-11-26","Latin Aviation Maintenance","MRO Provider","Mexico","Latin America","2026-11-29","2026-12-06","2026-12-09","Delivered","Late","3","848914.67"
"1780","1886","2025-12-14","Latin Aviation Maintenance","MRO Provider","Mexico","Latin America","2025-12-20","2025-12-28","2025-12-27","Delivered","On-Time / Early","-1","260264.85"
"1795","1903","2025-07-30","Latin Aviation Maintenance","MRO Provider","Mexico","Latin America","2025-08-08","2025-08-19","2025-08-17","Delivered","On-Time / Early","-2","593824.19"
"1804","1912","2026-02-24","Latin Aviation Maintenance","MRO Provider","Mexico","Latin America","2026-02-27","2026-03-11","2026-03-09","Delivered","On-Time / Early","-2","723516.11"
"1806","1914","2026-06-14","Latin Aviation Maintenance","MRO Provider","Mexico","Latin America","2026-06-17","2026-06-28","2026-06-26","Delivered","On-Time / Early","-2","807511.16"
"1811","1919","2025-11-18","Latin Aviation Maintenance","MRO Provider","Mexico","Latin America","2025-11-27","2025-12-06","2025-12-06","Delivered","On-Time / Early","0","160751.15"
"1822","1930","2026-10-29","Latin Aviation Maintenance","MRO Provider","Mexico","Latin America","2026-11-04","2026-11-13","2026-11-13","Delivered","On-Time / Early","0","638856.36"
"1832","1941","2026-12-07","Latin Aviation Maintenance","MRO Provider","Mexico","Latin America","2026-12-15","2026-12-26",\N,"In Transit","Not Delivered",\N,"1038485.70"
"1844","1954","2026-04-09","Latin Aviation Maintenance","MRO Provider","Mexico","Latin America","2026-04-15","2026-04-26","2026-04-28","Delivered","Late","2","1014838.34"
"1868","1979","2026-01-30","Latin Aviation Maintenance","MRO Provider","Mexico","Latin America","2026-02-08","2026-02-22","2026-02-21","Delivered","On-Time / Early","-1","674317.07"
"1875","1986","2026-07-05","Latin Aviation Maintenance","MRO Provider","Mexico","Latin America","2026-07-14","2026-07-21","2026-07-19","Delivered","On-Time / Early","-2","520559.97"
"1904","2017","2025-01-03","Latin Aviation Maintenance","MRO Provider","Mexico","Latin America","2025-01-09","2025-01-17","2025-01-15","Delivered","On-Time / Early","-2","727814.41"
"1949","2064","2025-09-26","Latin Aviation Maintenance","MRO Provider","Mexico","Latin America","2025-10-01","2025-10-10","2025-10-12","Delivered","Late","2","366684.63"
"1977","2093","2026-07-11","Latin Aviation Maintenance","MRO Provider","Mexico","Latin America","2026-07-15","2026-07-25","2026-07-25","Delivered","On-Time / Early","0","1232357.74"
"1992","2109","2025-07-29","Latin Aviation Maintenance","MRO Provider","Mexico","Latin America","2025-08-04","2025-08-16","2025-08-14","Delivered","On-Time / Early","-2","935394.93"
"1997","2114","2025-03-13","Latin Aviation Maintenance","MRO Provider","Mexico","Latin America","2025-03-15","2025-03-27","2025-03-28","Delivered","Late","1","170057.80"
"2011","2128","2025-07-03","Latin Aviation Maintenance","MRO Provider","Mexico","Latin America","2025-07-08","2025-07-22","2025-07-20","Delivered","On-Time / Early","-2","152974.96"
"2014","2132","2026-11-14","Latin Aviation Maintenance","MRO Provider","Mexico","Latin America","2026-11-18","2026-12-01",\N,"In Transit","Not Delivered",\N,"1254412.56"
"2020","2139","2026-12-28","Latin Aviation Maintenance","MRO Provider","Mexico","Latin America","2026-12-30","2027-01-09",\N,"In Transit","Not Delivered",\N,"397606.56"
"2037","2156","2026-02-09","Latin Aviation Maintenance","MRO Provider","Mexico","Latin America","2026-02-15","2026-02-27","2026-02-25","Delivered","On-Time / Early","-2","1285186.25"
"2104","2226","2025-09-30","Latin Aviation Maintenance","MRO Provider","Mexico","Latin America","2025-10-07","2025-10-15","2025-10-15","Delivered","On-Time / Early","0","198531.28"
"2115","2239","2026-12-18","Latin Aviation Maintenance","MRO Provider","Mexico","Latin America","2026-12-27","2027-01-05","2027-01-05","Delivered","On-Time / Early","0","1427755.60"
"2124","2250","2026-01-22","Latin Aviation Maintenance","MRO Provider","Mexico","Latin America","2026-01-25","2026-02-01","2026-01-31","Delivered","On-Time / Early","-1","1526519.36"
"2140","2267","2025-02-23","Latin Aviation Maintenance","MRO Provider","Mexico","Latin America","2025-03-05","2025-03-15","2025-03-28","Delivered","Late","13","1085069.12"
"2145","2272","2026-12-15","Latin Aviation Maintenance","MRO Provider","Mexico","Latin America","2026-12-20","2027-01-01","2026-12-31","Delivered","On-Time / Early","-1","843361.59"
"2175","2303","2026-06-16","Latin Aviation Maintenance","MRO Provider","Mexico","Latin America","2026-06-20","2026-06-28","2026-06-28","Delivered","On-Time / Early","0","93013.56"
"2177","2305","2026-06-20","Latin Aviation Maintenance","MRO Provider","Mexico","Latin America","2026-06-27","2026-07-09","2026-07-11","Delivered","Late","2","273663.09"
"2207","2335","2025-03-31","Latin Aviation Maintenance","MRO Provider","Mexico","Latin America","2025-04-10","2025-04-22","2025-04-21","Delivered","On-Time / Early","-1","765144.24"
"2216","2344","2026-11-09","Latin Aviation Maintenance","MRO Provider","Mexico","Latin America","2026-11-18","2026-11-26","2026-11-26","Delivered","On-Time / Early","0","557261.68"
"2265","2396","2026-04-02","Latin Aviation Maintenance","MRO Provider","Mexico","Latin America","2026-04-12","2026-04-26","2026-04-27","Delivered","Late","1","587064.41"
"2270","2401","2025-05-01","Latin Aviation Maintenance","MRO Provider","Mexico","Latin America","2025-05-06","2025-05-15","2025-05-13","Delivered","On-Time / Early","-2","338899.02"
"2271","2402","2026-06-21","Latin Aviation Maintenance","MRO Provider","Mexico","Latin America","2026-06-30","2026-07-07","2026-07-07","Delivered","On-Time / Early","0","744360.29"
"2282","2413","2025-10-12","Latin Aviation Maintenance","MRO Provider","Mexico","Latin America","2025-10-14","2025-10-21","2025-10-19","Delivered","On-Time / Early","-2","274813.18"
"2286","2418","2026-02-23","Latin Aviation Maintenance","MRO Provider","Mexico","Latin America","2026-02-26","2026-03-08","2026-03-06","Delivered","On-Time / Early","-2","370368.66"
"2296","2428","2026-05-18","Latin Aviation Maintenance","MRO Provider","Mexico","Latin America","2026-05-26","2026-06-09","2026-06-09","Delivered","On-Time / Early","0","652363.52"
"2311","2444","2025-08-20","Latin Aviation Maintenance","MRO Provider","Mexico","Latin America","2025-08-28","2025-09-07","2025-09-05","Delivered","On-Time / Early","-2","1101248.99"
"2314","2447","2026-01-05","Latin Aviation Maintenance","MRO Provider","Mexico","Latin America","2026-01-13","2026-01-25","2026-01-23","Delivered","On-Time / Early","-2","271488.55"
"2326","2459","2026-11-01","Latin Aviation Maintenance","MRO Provider","Mexico","Latin America","2026-11-03","2026-11-13","2026-11-15","Delivered","Late","2","418314.63"
"2404","2544","2026-04-07","Latin Aviation Maintenance","MRO Provider","Mexico","Latin America","2026-04-15","2026-04-22","2026-04-22","Delivered","On-Time / Early","0","1374761.71"
"2425","2567","2026-01-19","Andes Aerospace Manufacturing","Aircraft Manufacturer","Mexico","Latin America","2026-01-27","2026-02-10","2026-02-15","Delivered","Late","5","3325174.92"
"2428","2570","2025-02-22","Andes Aerospace Manufacturing","Aircraft Manufacturer","Mexico","Latin America","2025-02-28","2025-03-12","2025-03-10","Delivered","On-Time / Early","-2","2747681.99"
"2431","2573","2026-12-29","Andes Aerospace Manufacturing","Aircraft Manufacturer","Mexico","Latin America","2027-01-02","2027-01-16",\N,"In Transit","Not Delivered",\N,"3677827.59"
"2432","2574","2026-02-06","Andes Aerospace Manufacturing","Aircraft Manufacturer","Mexico","Latin America","2026-02-13","2026-02-22","2026-02-22","Delivered","On-Time / Early","0","3181394.86"
"2439","2581","2025-09-09","Andes Aerospace Manufacturing","Aircraft Manufacturer","Mexico","Latin America","2025-09-11","2025-09-19","2025-09-18","Delivered","On-Time / Early","-1","4406407.96"
"2444","2586","2026-05-22","Andes Aerospace Manufacturing","Aircraft Manufacturer","Mexico","Latin America","2026-05-30","2026-06-09","2026-06-07","Delivered","On-Time / Early","-2","2432571.15"
"2445","2587","2026-05-18","Andes Aerospace Manufacturing","Aircraft Manufacturer","Mexico","Latin America","2026-05-28","2026-06-08","2026-06-08","Delivered","On-Time / Early","0","2392607.06"
"2453","2596","2025-08-10","Andes Aerospace Manufacturing","Aircraft Manufacturer","Mexico","Latin America","2025-08-18","2025-08-25","2025-08-25","Delivered","On-Time / Early","0","2095764.29"
"2462","2606","2025-10-06","Andes Aerospace Manufacturing","Aircraft Manufacturer","Mexico","Latin America","2025-10-09","2025-10-16","2025-10-21","Delivered","Late","5","3698310.14"
"2464","2608","2026-10-10","Andes Aerospace Manufacturing","Aircraft Manufacturer","Mexico","Latin America","2026-10-15","2026-10-22","2026-10-20","Delivered","On-Time / Early","-2","3344260.63"
"2471","2615","2026-08-05","Andes Aerospace Manufacturing","Aircraft Manufacturer","Mexico","Latin America","2026-08-13","2026-08-23","2026-08-26","Delivered","Late","3","2281251.51"
"2482","2626","2025-04-08","Andes Aerospace Manufacturing","Aircraft Manufacturer","Mexico","Latin America","2025-04-10","2025-04-19","2025-04-18","Delivered","On-Time / Early","-1","3805107.70"
"2484","2628","2026-07-24","Andes Aerospace Manufacturing","Aircraft Manufacturer","Mexico","Latin America","2026-07-28","2026-08-07","2026-08-06","Delivered","On-Time / Early","-1","1702091.72"
"2490","2634","2026-01-13","Andes Aerospace Manufacturing","Aircraft Manufacturer","Mexico","Latin America","2026-01-22","2026-02-02","2026-02-02","Delivered","On-Time / Early","0","1312411.14"
"2495","2639","2025-06-01","Andes Aerospace Manufacturing","Aircraft Manufacturer","Mexico","Latin America","2025-06-09","2025-06-18","2025-06-18","Delivered","On-Time / Early","0","3342987.86"
"2503","2648","2026-06-11","Andes Aerospace Manufacturing","Aircraft Manufacturer","Mexico","Latin America","2026-06-16","2026-06-30","2026-06-30","Delivered","On-Time / Early","0","3014725.48"
"2509","2654","2025-04-20","Andes Aerospace Manufacturing","Aircraft Manufacturer","Mexico","Latin America","2025-04-26","2025-05-09","2025-05-08","Delivered","On-Time / Early","-1","3601268.21"
"2524","2669","2025-10-22","Andes Aerospace Manufacturing","Aircraft Manufacturer","Mexico","Latin America","2025-10-24","2025-11-01","2025-11-05","Delivered","Late","4","5032490.85"
"2534","2680","2026-05-18","Andes Aerospace Manufacturing","Aircraft Manufacturer","Mexico","Latin America","2026-05-21","2026-05-28","2026-05-26","Delivered","On-Time / Early","-2","3182974.51"
"2536","2682","2025-11-05","Andes Aerospace Manufacturing","Aircraft Manufacturer","Mexico","Latin America","2025-11-11","2025-11-22","2025-11-22","Delivered","On-Time / Early","0","1104581.57"
"2538","2684","2026-02-25","Andes Aerospace Manufacturing","Aircraft Manufacturer","Mexico","Latin America","2026-02-27","2026-03-12","2026-03-10","Delivered","On-Time / Early","-2","1186446.50"
"2562","2711","2026-01-20","Andes Aerospace Manufacturing","Aircraft Manufacturer","Mexico","Latin America","2026-01-29","2026-02-10","2026-02-13","Delivered","Late","3","3261546.04"
"2572","2721","2025-10-04","Andes Aerospace Manufacturing","Aircraft Manufacturer","Mexico","Latin America","2025-10-08","2025-10-20","2025-10-19","Delivered","On-Time / Early","-1","3321180.13"
"2573","2722","2025-04-10","Andes Aerospace Manufacturing","Aircraft Manufacturer","Mexico","Latin America","2025-04-20","2025-05-04","2025-05-05","Delivered","Late","1","2965646.83"
"2578","2727","2025-01-07","Andes Aerospace Manufacturing","Aircraft Manufacturer","Mexico","Latin America","2025-01-15","2025-01-26","2025-01-24","Delivered","On-Time / Early","-2","3418956.58"
"2588","2738","2026-12-16","Andes Aerospace Manufacturing","Aircraft Manufacturer","Mexico","Latin America","2026-12-25","2027-01-05","2027-01-03","Delivered","On-Time / Early","-2","3975385.08"
"2596","2746","2026-11-03","Andes Aerospace Manufacturing","Aircraft Manufacturer","Mexico","Latin America","2026-11-08","2026-11-18","2026-11-18","Delivered","On-Time / Early","0","1779612.97"
"2600","2750","2026-06-04","Andes Aerospace Manufacturing","Aircraft Manufacturer","Mexico","Latin America","2026-06-07","2026-06-14","2026-06-12","Delivered","On-Time / Early","-2","3087452.24"
"2605","2756","2026-01-29","Andes Aerospace Manufacturing","Aircraft Manufacturer","Mexico","Latin America","2026-02-05","2026-02-18","2026-02-16","Delivered","On-Time / Early","-2","4540060.21"
"2612","2763","2026-06-26","Andes Aerospace Manufacturing","Aircraft Manufacturer","Mexico","Latin America","2026-07-04","2026-07-16","2026-07-17","Delivered","Late","1","5013058.46"
"2616","2767","2026-11-30","Andes Aerospace Manufacturing","Aircraft Manufacturer","Mexico","Latin America","2026-12-07","2026-12-21","2026-12-20","Delivered","On-Time / Early","-1","6642614.13"
"2625","2776","2025-09-05","Andes Aerospace Manufacturing","Aircraft Manufacturer","Mexico","Latin America","2025-09-08","2025-09-17","2025-09-17","Delivered","On-Time / Early","0","3867019.74"
"2629","2780","2026-07-15","Andes Aerospace Manufacturing","Aircraft Manufacturer","Mexico","Latin America","2026-07-25","2026-08-03","2026-08-01","Delivered","On-Time / Early","-2","4672806.47"
"2631","2782","2025-03-16","Andes Aerospace Manufacturing","Aircraft Manufacturer","Mexico","Latin America","2025-03-26","2025-04-03","2025-04-01","Delivered","On-Time / Early","-2","5373439.49"
"2645","2796","2025-09-13","Andes Aerospace Manufacturing","Aircraft Manufacturer","Mexico","Latin America","2025-09-16","2025-09-30","2025-10-01","Delivered","Late","1","1245327.92"
"2655","2807","2025-05-21","Andes Aerospace Manufacturing","Aircraft Manufacturer","Mexico","Latin America","2025-05-29","2025-06-07","2025-06-05","Delivered","On-Time / Early","-2","2848858.26"
"2658","2810","2026-10-28","Andes Aerospace Manufacturing","Aircraft Manufacturer","Mexico","Latin America","2026-10-30","2026-11-13","2026-11-11","Delivered","On-Time / Early","-2","2235324.67"
"2661","2813","2025-01-20","Andes Aerospace Manufacturing","Aircraft Manufacturer","Mexico","Latin America","2025-01-26","2025-02-06","2025-02-06","Delivered","On-Time / Early","0","3421441.45"
"2665","2817","2025-09-26","Andes Aerospace Manufacturing","Aircraft Manufacturer","Mexico","Latin America","2025-10-03","2025-10-10","2025-10-10","Delivered","On-Time / Early","0","2564790.64"
"2666","2818","2025-12-16","Andes Aerospace Manufacturing","Aircraft Manufacturer","Mexico","Latin America","2025-12-23","2025-12-31","2025-12-29","Delivered","On-Time / Early","-2","3485718.76"
"2674","2828","2025-11-25","Andes Aerospace Manufacturing","Aircraft Manufacturer","Mexico","Latin America","2025-11-29","2025-12-13","2025-12-12","Delivered","On-Time / Early","-1","1259168.82"
"2679","2833","2025-09-22","Andes Aerospace Manufacturing","Aircraft Manufacturer","Mexico","Latin America","2025-09-25","2025-10-02","2025-10-08","Delivered","Late","6","1616743.55"
"2695","2850","2026-01-23","Andes Aerospace Manufacturing","Aircraft Manufacturer","Mexico","Latin America","2026-01-29","2026-02-11","2026-02-09","Delivered","On-Time / Early","-2","3312938.70"
"2699","2854","2025-05-05","Andes Aerospace Manufacturing","Aircraft Manufacturer","Mexico","Latin America","2025-05-15","2025-05-28","2025-05-27","Delivered","On-Time / Early","-1","1730467.36"
"2701","2856","2025-07-19","Andes Aerospace Manufacturing","Aircraft Manufacturer","Mexico","Latin America","2025-07-23","2025-07-30","2025-07-30","Delivered","On-Time / Early","0","3535363.76"
"2703","2858","2025-11-19","Andes Aerospace Manufacturing","Aircraft Manufacturer","Mexico","Latin America","2025-11-21","2025-12-03","2025-12-04","Delivered","Late","1","4012959.40"
"2704","2859","2026-04-01","Andes Aerospace Manufacturing","Aircraft Manufacturer","Mexico","Latin America","2026-04-07","2026-04-16","2026-04-15","Delivered","On-Time / Early","-1","2125303.62"
"2708","2863","2025-09-08","Andes Aerospace Manufacturing","Aircraft Manufacturer","Mexico","Latin America","2025-09-10","2025-09-20","2025-09-18","Delivered","On-Time / Early","-2","3888202.42"
"2714","2869","2026-04-27","Andes Aerospace Manufacturing","Aircraft Manufacturer","Mexico","Latin America","2026-04-30","2026-05-10","2026-05-08","Delivered","On-Time / Early","-2","3348003.44"
"2726","2885","2025-02-12","Andes Aerospace Manufacturing","Aircraft Manufacturer","Mexico","Latin America","2025-02-18","2025-03-04","2025-03-02","Delivered","On-Time / Early","-2","1756953.34"
"2732","2891","2026-06-05","Andes Aerospace Manufacturing","Aircraft Manufacturer","Mexico","Latin America","2026-06-12","2026-06-20","2026-06-24","Delivered","Late","4","3913483.90"
"2738","2897","2025-03-30","Andes Aerospace Manufacturing","Aircraft Manufacturer","Mexico","Latin America","2025-04-06","2025-04-20","2025-04-19","Delivered","On-Time / Early","-1","4446236.03"
"2740","2899","2025-08-16","Andes Aerospace Manufacturing","Aircraft Manufacturer","Mexico","Latin America","2025-08-20","2025-08-30","2025-08-29","Delivered","On-Time / Early","-1","3294632.35"
"2742","2901","2026-11-20","Andes Aerospace Manufacturing","Aircraft Manufacturer","Mexico","Latin America","2026-11-23","2026-12-02",\N,"In Transit","Not Delivered",\N,"4849110.77"
"2748","2907","2026-05-12","Andes Aerospace Manufacturing","Aircraft Manufacturer","Mexico","Latin America","2026-05-18","2026-05-30","2026-05-28","Delivered","On-Time / Early","-2","2200337.06"
"2768","2929","2025-04-03","Andes Aerospace Manufacturing","Aircraft Manufacturer","Mexico","Latin America","2025-04-05","2025-04-16","2025-04-19","Delivered","Late","3","1641967.57"
"2771","2932","2026-02-10","Andes Aerospace Manufacturing","Aircraft Manufacturer","Mexico","Latin America","2026-02-16","2026-03-02","2026-03-02","Delivered","On-Time / Early","0","4272899.54"
"2773","2934","2026-07-21","Andes Aerospace Manufacturing","Aircraft Manufacturer","Mexico","Latin America","2026-07-30","2026-08-07","2026-08-07","Delivered","On-Time / Early","0","3500722.59"
"2774","2935","2025-01-21","Andes Aerospace Manufacturing","Aircraft Manufacturer","Mexico","Latin America","2025-01-27","2025-02-08","2025-02-06","Delivered","On-Time / Early","-2","3783365.68"
"2777","2938","2025-05-07","Andes Aerospace Manufacturing","Aircraft Manufacturer","Mexico","Latin America","2025-05-15","2025-05-29","2025-05-27","Delivered","On-Time / Early","-2","1774955.56"
"2778","2939","2025-05-15","Andes Aerospace Manufacturing","Aircraft Manufacturer","Mexico","Latin America","2025-05-20","2025-05-30","2025-05-30","Delivered","On-Time / Early","0","6431055.36"
"2789","2950","2026-01-17","Andes Aerospace Manufacturing","Aircraft Manufacturer","Mexico","Latin America","2026-01-23","2026-02-05","2026-02-05","Delivered","On-Time / Early","0","3118435.73"
"2794","2956","2026-09-24","Andes Aerospace Manufacturing","Aircraft Manufacturer","Mexico","Latin America","2026-10-03","2026-10-16","2026-10-14","Delivered","On-Time / Early","-2","2723879.55"
"2797","2959","2026-02-21","Andes Aerospace Manufacturing","Aircraft Manufacturer","Mexico","Latin America","2026-02-24","2026-03-03","2026-03-01","Delivered","On-Time / Early","-2","1221527.28"
"2798","2960","2026-07-30","Andes Aerospace Manufacturing","Aircraft Manufacturer","Mexico","Latin America","2026-08-08","2026-08-19","2026-08-22","Delivered","Late","3","7381559.79"
"2824","2986","2025-01-03","Andes Aerospace Manufacturing","Aircraft Manufacturer","Mexico","Latin America","2025-01-07","2025-01-20","2025-01-19","Delivered","On-Time / Early","-1","3120911.26"
"2828","2990","2026-05-28","Andes Aerospace Manufacturing","Aircraft Manufacturer","Mexico","Latin America","2026-06-05","2026-06-19","2026-06-17","Delivered","On-Time / Early","-2","2665964.69"
"2829","2991","2026-01-22","Andes Aerospace Manufacturing","Aircraft Manufacturer","Mexico","Latin America","2026-01-30","2026-02-09","2026-02-11","Delivered","Late","2","4691647.41"
"56","61","2025-06-08","SunAfrica Airways","Airline","South Africa","Africa","2025-06-14","2025-06-23","2025-06-22","Delivered","On-Time / Early","-1","622147.37"
"96","102","2026-02-03","SunAfrica Airways","Airline","South Africa","Africa","2026-02-11","2026-02-21","2026-02-20","Delivered","On-Time / Early","-1","195033.04"
"102","108","2026-04-24","SunAfrica Airways","Airline","South Africa","Africa","2026-05-01","2026-05-11","2026-05-10","Delivered","On-Time / Early","-1","230144.74"
"206","219","2026-04-22","SunAfrica Airways","Airline","South Africa","Africa","2026-04-24","2026-05-03","2026-05-05","Delivered","Late","2","173840.15"
"228","243","2026-04-21","SunAfrica Airways","Airline","South Africa","Africa","2026-05-01","2026-05-13","2026-05-15","Delivered","Late","2","124532.22"
"292","309","2026-12-08","SunAfrica Airways","Airline","South Africa","Africa","2026-12-17","2026-12-26","2026-12-25","Delivered","On-Time / Early","-1","693740.47"
"321","338","2026-12-03","SunAfrica Airways","Airline","South Africa","Africa","2026-12-05","2026-12-19",\N,"In Transit","Not Delivered",\N,"124706.91"
"342","361","2025-10-21","SunAfrica Airways","Airline","South Africa","Africa","2025-10-23","2025-11-03","2025-11-01","Delivered","On-Time / Early","-2","132264.15"
"344","363","2025-01-06","SunAfrica Airways","Airline","South Africa","Africa","2025-01-10","2025-01-23","2025-01-23","Delivered","On-Time / Early","0","113546.53"
"438","462","2026-09-19","SunAfrica Airways","Airline","South Africa","Africa","2026-09-22","2026-10-02","2026-10-01","Delivered","On-Time / Early","-1","151552.31"
"439","465","2026-04-16","SunAfrica Airways","Airline","South Africa","Africa","2026-04-23","2026-05-06","2026-05-08","Delivered","Late","2","804397.58"
"458","484","2025-02-08","SunAfrica Airways","Airline","South Africa","Africa","2025-02-11","2025-02-24","2025-02-23","Delivered","On-Time / Early","-1","409421.58"
"467","494","2026-10-17","SunAfrica Airways","Airline","South Africa","Africa","2026-10-19","2026-10-29","2026-10-27","Delivered","On-Time / Early","-2","250094.70"
"517","549","2026-05-06","SunAfrica Airways","Airline","South Africa","Africa","2026-05-11","2026-05-25","2026-05-24","Delivered","On-Time / Early","-1","318981.65"
"529","561","2025-07-08","SunAfrica Airways","Airline","South Africa","Africa","2025-07-13","2025-07-24","2025-07-27","Delivered","Late","3","476378.53"
"534","566","2026-09-24","SunAfrica Airways","Airline","South Africa","Africa","2026-10-04","2026-10-12","2026-10-18","Delivered","Late","6","169152.28"
"611","647","2025-11-01","SunAfrica Airways","Airline","South Africa","Africa","2025-11-10","2025-11-18","2025-11-18","Delivered","On-Time / Early","0","36023.60"
"633","673","2026-02-26","SunAfrica Airways","Airline","South Africa","Africa","2026-03-08","2026-03-15","2026-03-13","Delivered","On-Time / Early","-2","391146.17"
"647","689","2026-12-07","SunAfrica Airways","Airline","South Africa","Africa","2026-12-10","2026-12-17","2026-12-17","Delivered","On-Time / Early","0","267309.20"
"678","723","2025-03-30","SunAfrica Airways","Airline","South Africa","Africa","2025-04-05","2025-04-18","2025-04-16","Delivered","On-Time / Early","-2","76168.56"
"710","756","2025-11-19","SunAfrica Airways","Airline","South Africa","Africa","2025-11-29","2025-12-08","2025-12-08","Delivered","On-Time / Early","0","284715.87"
"794","848","2025-04-13","SunAfrica Airways","Airline","South Africa","Africa","2025-04-17","2025-04-26","2025-04-25","Delivered","On-Time / Early","-1","404228.30"
"799","854","2025-10-03","SunAfrica Airways","Airline","South Africa","Africa","2025-10-07","2025-10-16","2025-10-16","Delivered","On-Time / Early","0","475466.34"
"804","859","2025-08-05","SunAfrica Airways","Airline","South Africa","Africa","2025-08-14","2025-08-27","2025-08-27","Delivered","On-Time / Early","0","183707.13"
"809","864","2025-02-21","SunAfrica Airways","Airline","South Africa","Africa","2025-02-28","2025-03-10","2025-03-10","Delivered","On-Time / Early","0","332538.88"
"827","883","2025-09-04","SunAfrica Airways","Airline","South Africa","Africa","2025-09-06","2025-09-20","2025-09-19","Delivered","On-Time / Early","-1","338438.08"
"909","971","2025-02-17","SunAfrica Airways","Airline","South Africa","Africa","2025-02-22","2025-03-08","2025-03-06","Delivered","On-Time / Early","-2","272556.45"
"915","978","2026-09-16","SunAfrica Airways","Airline","South Africa","Africa","2026-09-25","2026-10-03","2026-10-02","Delivered","On-Time / Early","-1","132910.25"
"949","1016","2025-01-26","SunAfrica Airways","Airline","South Africa","Africa","2025-02-03","2025-02-16","2025-02-14","Delivered","On-Time / Early","-2","281981.82"
"1043","1113","2026-04-28","SunAfrica Airways","Airline","South Africa","Africa","2026-04-30","2026-05-08","2026-05-08","Delivered","On-Time / Early","0","171516.74"
"1045","1115","2026-01-29","SunAfrica Airways","Airline","South Africa","Africa","2026-02-01","2026-02-14","2026-02-12","Delivered","On-Time / Early","-2","315472.66"
"1152","1228","2025-09-14","SunAfrica Airways","Airline","South Africa","Africa","2025-09-18","2025-09-29","2025-09-27","Delivered","On-Time / Early","-2","388148.77"
"1183","1259","2026-07-18","SunAfrica Airways","Airline","South Africa","Africa","2026-07-27","2026-08-09","2026-08-09","Delivered","On-Time / Early","0","129590.55"
"1195","1271","2025-02-27","SunAfrica Airways","Airline","South Africa","Africa","2025-03-09","2025-03-17","2025-03-20","Delivered","Late","3","126602.52"
"1215","1291","2026-09-28","SunAfrica Airways","Airline","South Africa","Africa","2026-09-30","2026-10-11","2026-10-10","Delivered","On-Time / Early","-1","295453.30"
"1251","1327","2025-01-16","SunAfrica Airways","Airline","South Africa","Africa","2025-01-21","2025-01-28","2025-01-26","Delivered","On-Time / Early","-2","467113.72"
"1289","1370","2025-12-29","SunAfrica Airways","Airline","South Africa","Africa","2025-12-31","2026-01-11","2026-01-09","Delivered","On-Time / Early","-2","575549.93"
"1300","1381","2026-05-06","SunAfrica Airways","Airline","South Africa","Africa","2026-05-11","2026-05-25","2026-05-28","Delivered","Late","3","181757.24"
"1303","1384","2026-02-28","SunAfrica Airways","Airline","South Africa","Africa","2026-03-06","2026-03-18","2026-03-18","Delivered","On-Time / Early","0","691599.23"
"1382","1466","2026-06-09","SunAfrica Airways","Airline","South Africa","Africa","2026-06-16","2026-06-30","2026-06-29","Delivered","On-Time / Early","-1","271671.61"
"1416","1500","2026-12-10","SunAfrica Airways","Airline","South Africa","Africa","2026-12-17","2026-12-28","2026-12-29","Delivered","Late","1","145221.60"
"1442","1528","2025-08-27","SunAfrica Airways","Airline","South Africa","Africa","2025-09-02","2025-09-11","2025-09-09","Delivered","On-Time / Early","-2","247175.86"
"1473","1560","2026-11-25","SunAfrica Airways","Airline","South Africa","Africa","2026-11-27","2026-12-10","2026-12-10","Delivered","On-Time / Early","0","356496.58"
"1525","1615","2026-12-11","SunAfrica Airways","Airline","South Africa","Africa","2026-12-21","2026-12-31","2026-12-29","Delivered","On-Time / Early","-2","219567.42"
"1550","1642","2026-10-17","SunAfrica Airways","Airline","South Africa","Africa","2026-10-19","2026-10-30","2026-10-28","Delivered","On-Time / Early","-2","163109.50"
"12","13","2026-03-10","Atlas Horizon Air","Airline","Morocco","Africa","2026-03-18","2026-03-26","2026-03-25","Delivered","On-Time / Early","-1","143256.82"
"39","42","2025-11-20","Atlas Horizon Air","Airline","Morocco","Africa","2025-11-29","2025-12-06","2025-12-05","Delivered","On-Time / Early","-1","353409.54"
"45","48","2025-04-17","Atlas Horizon Air","Airline","Morocco","Africa","2025-04-26","2025-05-10","2025-05-20","Delivered","Late","10","351560.89"
"70","75","2025-03-13","Atlas Horizon Air","Airline","Morocco","Africa","2025-03-19","2025-03-27","2025-03-26","Delivered","On-Time / Early","-1","278991.67"
"114","120","2025-06-17","Atlas Horizon Air","Airline","Morocco","Africa","2025-06-22","2025-06-30","2025-06-30","Delivered","On-Time / Early","0","181686.04"
"123","129","2026-06-19","Atlas Horizon Air","Airline","Morocco","Africa","2026-06-22","2026-07-04","2026-07-03","Delivered","On-Time / Early","-1","201437.32"
"131","137","2026-06-14","Atlas Horizon Air","Airline","Morocco","Africa","2026-06-16","2026-06-24","2026-06-23","Delivered","On-Time / Early","-1","48662.49"
"139","145","2026-07-03","Atlas Horizon Air","Airline","Morocco","Africa","2026-07-06","2026-07-14","2026-07-18","Delivered","Late","4","49075.12"
"225","240","2026-10-16","Atlas Horizon Air","Airline","Morocco","Africa","2026-10-20","2026-11-03","2026-11-02","Delivered","On-Time / Early","-1","122154.21"
"232","247","2026-12-15","Atlas Horizon Air","Airline","Morocco","Africa","2026-12-25","2027-01-06",\N,"In Transit","Not Delivered",\N,"434601.24"
"237","253","2025-05-06","Atlas Horizon Air","Airline","Morocco","Africa","2025-05-10","2025-05-21","2025-05-21","Delivered","On-Time / Early","0","264722.39"
"249","265","2025-08-15","Atlas Horizon Air","Airline","Morocco","Africa","2025-08-22","2025-08-31","2025-09-02","Delivered","Late","2","414475.36"
"261","277","2026-01-19","Atlas Horizon Air","Airline","Morocco","Africa","2026-01-26","2026-02-03","2026-02-04","Delivered","Late","1","216606.90"
"265","281","2026-11-13","Atlas Horizon Air","Airline","Morocco","Africa","2026-11-17","2026-11-27",\N,"In Transit","Not Delivered",\N,"336361.75"
"307","324","2026-07-22","Atlas Horizon Air","Airline","Morocco","Africa","2026-07-27","2026-08-10","2026-08-08","Delivered","On-Time / Early","-2","282889.68"
"316","333","2026-11-04","Atlas Horizon Air","Airline","Morocco","Africa","2026-11-10","2026-11-21","2026-11-21","Delivered","On-Time / Early","0","281028.58"
"319","336","2026-12-27","Atlas Horizon Air","Airline","Morocco","Africa","2027-01-05","2027-01-18",\N,"In Transit","Not Delivered",\N,"46674.70"
"323","340","2025-07-04","Atlas Horizon Air","Airline","Morocco","Africa","2025-07-10","2025-07-17","2025-07-16","Delivered","On-Time / Early","-1","339453.88"
"333","351","2026-03-05","Atlas Horizon Air","Airline","Morocco","Africa","2026-03-11","2026-03-19","2026-03-19","Delivered","On-Time / Early","0","297073.39"
"339","357","2025-12-24","Atlas Horizon Air","Airline","Morocco","Africa","2026-01-01","2026-01-10","2026-01-09","Delivered","On-Time / Early","-1","545140.26"
"375","396","2026-01-28","Atlas Horizon Air","Airline","Morocco","Africa","2026-02-07","2026-02-21","2026-02-24","Delivered","Late","3","118100.64"
"441","467","2025-07-16","Atlas Horizon Air","Airline","Morocco","Africa","2025-07-18","2025-07-27","2025-07-27","Delivered","On-Time / Early","0","290203.32"
"442","468","2025-08-19","Atlas Horizon Air","Airline","Morocco","Africa","2025-08-21","2025-08-28","2025-08-26","Delivered","On-Time / Early","-2","257210.39"
"447","473","2025-10-22","Atlas Horizon Air","Airline","Morocco","Africa","2025-10-24","2025-11-06","2025-11-04","Delivered","On-Time / Early","-2","85771.26"
"492","521","2026-12-01","Atlas Horizon Air","Airline","Morocco","Africa","2026-12-10","2026-12-18",\N,"In Transit","Not Delivered",\N,"251513.60"
"505","535","2026-07-25","Atlas Horizon Air","Airline","Morocco","Africa","2026-08-03","2026-08-12","2026-08-12","Delivered","On-Time / Early","0","238202.17"
"516","548","2025-07-14","Atlas Horizon Air","Airline","Morocco","Africa","2025-07-22","2025-08-02","2025-08-03","Delivered","Late","1","352326.08"
"527","559","2026-05-16","Atlas Horizon Air","Airline","Morocco","Africa","2026-05-22","2026-05-29","2026-05-27","Delivered","On-Time / Early","-2","75373.02"
"530","562","2025-03-18","Atlas Horizon Air","Airline","Morocco","Africa","2025-03-21","2025-03-29","2025-03-27","Delivered","On-Time / Early","-2","217039.09"
"577","610","2026-09-10","Atlas Horizon Air","Airline","Morocco","Africa","2026-09-12","2026-09-26","2026-09-29","Delivered","Late","3","581532.45"
"578","611","2025-07-01","Atlas Horizon Air","Airline","Morocco","Africa","2025-07-09","2025-07-18","2025-07-17","Delivered","On-Time / Early","-1","379094.79"
"709","755","2026-11-10","Atlas Horizon Air","Airline","Morocco","Africa","2026-11-13","2026-11-20","2026-11-23","Delivered","Late","3","108216.48"
"769","819","2026-07-15","Atlas Horizon Air","Airline","Morocco","Africa","2026-07-25","2026-08-02","2026-07-31","Delivered","On-Time / Early","-2","201915.98"
"853","910","2025-11-02","Atlas Horizon Air","Airline","Morocco","Africa","2025-11-11","2025-11-22","2025-11-20","Delivered","On-Time / Early","-2","29390.07"
"900","961","2026-04-13","Atlas Horizon Air","Airline","Morocco","Africa","2026-04-17","2026-04-26","2026-04-24","Delivered","On-Time / Early","-2","142257.69"
"907","969","2025-05-04","Atlas Horizon Air","Airline","Morocco","Africa","2025-05-13","2025-05-22","2025-05-25","Delivered","Late","3","95835.81"
"979","1048","2025-11-20","Atlas Horizon Air","Airline","Morocco","Africa","2025-11-24","2025-12-06","2025-12-05","Delivered","On-Time / Early","-1","617291.07"
"995","1064","2026-05-11","Atlas Horizon Air","Airline","Morocco","Africa","2026-05-21","2026-05-29","2026-06-01","Delivered","Late","3","392488.82"
"1040","1110","2026-12-18","Atlas Horizon Air","Airline","Morocco","Africa","2026-12-24","2027-01-04","2027-01-08","Delivered","Late","4","107175.20"
"1048","1118","2026-11-04","Atlas Horizon Air","Airline","Morocco","Africa","2026-11-13","2026-11-21","2026-11-24","Delivered","Late","3","214033.60"
"1058","1128","2025-12-15","Atlas Horizon Air","Airline","Morocco","Africa","2025-12-25","2026-01-07","2026-01-06","Delivered","On-Time / Early","-1","344480.64"
"1063","1134","2026-02-27","Atlas Horizon Air","Airline","Morocco","Africa","2026-03-07","2026-03-14","2026-03-16","Delivered","Late","2","138118.14"
"1067","1138","2026-12-01","Atlas Horizon Air","Airline","Morocco","Africa","2026-12-03","2026-12-14","2026-12-12","Delivered","On-Time / Early","-2","160580.88"
"1072","1143","2026-07-09","Atlas Horizon Air","Airline","Morocco","Africa","2026-07-11","2026-07-21","2026-07-24","Delivered","Late","3","698957.07"
"1093","1166","2026-11-27","Atlas Horizon Air","Airline","Morocco","Africa","2026-12-07","2026-12-20","2026-12-21","Delivered","Late","1","174139.20"
"1102","1176","2026-06-18","Atlas Horizon Air","Airline","Morocco","Africa","2026-06-27","2026-07-05","2026-07-04","Delivered","On-Time / Early","-1","195090.14"
"1111","1186","2026-07-08","Atlas Horizon Air","Airline","Morocco","Africa","2026-07-15","2026-07-23","2026-07-22","Delivered","On-Time / Early","-1","19763.60"
"1138","1214","2026-11-29","Atlas Horizon Air","Airline","Morocco","Africa","2026-12-07","2026-12-16","2026-12-14","Delivered","On-Time / Early","-2","200736.28"
"1172","1248","2025-03-21","Atlas Horizon Air","Airline","Morocco","Africa","2025-03-31","2025-04-07","2025-04-07","Delivered","On-Time / Early","0","63248.23"
"1223","1299","2026-11-02","Atlas Horizon Air","Airline","Morocco","Africa","2026-11-04","2026-11-11","2026-11-11","Delivered","On-Time / Early","0","241961.03"
"1233","1309","2025-01-31","Atlas Horizon Air","Airline","Morocco","Africa","2025-02-02","2025-02-09","2025-02-07","Delivered","On-Time / Early","-2","303775.09"
"1243","1319","2026-02-28","Atlas Horizon Air","Airline","Morocco","Africa","2026-03-09","2026-03-23","2026-03-22","Delivered","On-Time / Early","-1","171559.32"
"1244","1320","2026-10-15","Atlas Horizon Air","Airline","Morocco","Africa","2026-10-20","2026-10-27","2026-10-29","Delivered","Late","2","435959.99"
"1263","1340","2026-08-23","Atlas Horizon Air","Airline","Morocco","Africa","2026-08-28","2026-09-08","2026-09-06","Delivered","On-Time / Early","-2","495166.00"
"1360","1444","2026-07-17","Atlas Horizon Air","Airline","Morocco","Africa","2026-07-23","2026-08-01","2026-08-01","Delivered","On-Time / Early","0","110757.78"
"1376","1460","2026-05-09","Atlas Horizon Air","Airline","Morocco","Africa","2026-05-18","2026-05-25","2026-05-24","Delivered","On-Time / Early","-1","126864.57"
"1401","1485","2025-11-20","Atlas Horizon Air","Airline","Morocco","Africa","2025-11-30","2025-12-12","2025-12-15","Delivered","Late","3","87995.41"
"1411","1495","2025-08-11","Atlas Horizon Air","Airline","Morocco","Africa","2025-08-17","2025-08-27","2025-08-25","Delivered","On-Time / Early","-2","37244.38"
"1486","1574","2026-08-29","Atlas Horizon Air","Airline","Morocco","Africa","2026-09-06","2026-09-19","2026-09-19","Delivered","On-Time / Early","0","286948.53"
"1491","1579","2026-02-21","Atlas Horizon Air","Airline","Morocco","Africa","2026-03-02","2026-03-11","2026-03-14","Delivered","Late","3","96309.19"
"1512","1601","2025-10-23","Atlas Horizon Air","Airline","Morocco","Africa","2025-10-25","2025-11-07","2025-11-06","Delivered","On-Time / Early","-1","362136.28"
"1555","1647","2025-11-04","Atlas Horizon Air","Airline","Morocco","Africa","2025-11-10","2025-11-17","2025-11-16","Delivered","On-Time / Early","-1","72848.24"
"1","1","2025-09-15","Continental Africa Airlines","Airline","South Africa","Africa","2025-09-18","2025-09-26","2025-09-29","Delivered","Late","3","134351.74"
"13","14","2026-02-13","Continental Africa Airlines","Airline","South Africa","Africa","2026-02-19","2026-03-02","2026-03-01","Delivered","On-Time / Early","-1","63782.91"
"26","28","2025-01-16","Continental Africa Airlines","Airline","South Africa","Africa","2025-01-26","2025-02-09","2025-02-07","Delivered","On-Time / Early","-2","56796.40"
"40","43","2026-09-29","Continental Africa Airlines","Airline","South Africa","Africa","2026-10-07","2026-10-21","2026-10-21","Delivered","On-Time / Early","0","216282.52"
"63","68","2025-03-13","Continental Africa Airlines","Airline","South Africa","Africa","2025-03-21","2025-03-28","2025-03-30","Delivered","Late","2","288488.53"
"151","159","2026-08-26","Continental Africa Airlines","Airline","South Africa","Africa","2026-09-04","2026-09-16","2026-09-21","Delivered","Late","5","326931.91"
"168","177","2025-07-05","Continental Africa Airlines","Airline","South Africa","Africa","2025-07-15","2025-07-23","2025-07-23","Delivered","On-Time / Early","0","363467.51"
"169","178","2026-05-19","Continental Africa Airlines","Airline","South Africa","Africa","2026-05-28","2026-06-10","2026-06-10","Delivered","On-Time / Early","0","391375.22"
"198","211","2025-10-22","Continental Africa Airlines","Airline","South Africa","Africa","2025-10-24","2025-11-01","2025-11-06","Delivered","Late","5","98085.78"
"207","220","2025-12-20","Continental Africa Airlines","Airline","South Africa","Africa","2025-12-30","2026-01-13","2026-01-13","Delivered","On-Time / Early","0","228058.95"
"209","222","2025-07-23","Continental Africa Airlines","Airline","South Africa","Africa","2025-07-29","2025-08-10","2025-08-08","Delivered","On-Time / Early","-2","36256.15"
"220","234","2026-05-09","Continental Africa Airlines","Airline","South Africa","Africa","2026-05-14","2026-05-28","2026-05-28","Delivered","On-Time / Early","0","289803.73"
"222","237","2026-11-22","Continental Africa Airlines","Airline","South Africa","Africa","2026-11-24","2026-12-06","2026-12-06","Delivered","On-Time / Early","0","300538.73"
"243","259","2025-05-29","Continental Africa Airlines","Airline","South Africa","Africa","2025-05-31","2025-06-14","2025-06-14","Delivered","On-Time / Early","0","722796.39"
"266","282","2025-02-22","Continental Africa Airlines","Airline","South Africa","Africa","2025-02-27","2025-03-09","2025-03-07","Delivered","On-Time / Early","-2","585006.82"
"310","327","2025-12-18","Continental Africa Airlines","Airline","South Africa","Africa","2025-12-28","2026-01-11","2026-01-11","Delivered","On-Time / Early","0","98863.17"
"381","402","2025-08-08","Continental Africa Airlines","Airline","South Africa","Africa","2025-08-17","2025-08-28","2025-08-27","Delivered","On-Time / Early","-1","75518.46"
"407","431","2025-12-20","Continental Africa Airlines","Airline","South Africa","Africa","2025-12-25","2026-01-06","2026-01-09","Delivered","Late","3","110683.42"
"413","437","2026-05-26","Continental Africa Airlines","Airline","South Africa","Africa","2026-06-01","2026-06-12","2026-06-10","Delivered","On-Time / Early","-2","219167.73"
"428","452","2026-02-07","Continental Africa Airlines","Airline","South Africa","Africa","2026-02-13","2026-02-21","2026-02-26","Delivered","Late","5","518510.21"
"454","480","2026-07-18","Continental Africa Airlines","Airline","South Africa","Africa","2026-07-28","2026-08-11","2026-08-09","Delivered","On-Time / Early","-2","634232.16"
"489","517","2025-03-12","Continental Africa Airlines","Airline","South Africa","Africa","2025-03-22","2025-03-30","2025-03-29","Delivered","On-Time / Early","-1","192701.50"
"495","524","2025-01-24","Continental Africa Airlines","Airline","South Africa","Africa","2025-01-26","2025-02-07","2025-02-06","Delivered","On-Time / Early","-1","393925.57"
"541","573","2025-09-07","Continental Africa Airlines","Airline","South Africa","Africa","2025-09-09","2025-09-20","2025-09-19","Delivered","On-Time / Early","-1","150583.56"
"646","688","2025-01-01","Continental Africa Airlines","Airline","South Africa","Africa","2025-01-05","2025-01-18","2025-01-16","Delivered","On-Time / Early","-2","210096.72"
"654","696","2025-05-04","Continental Africa Airlines","Airline","South Africa","Africa","2025-05-14","2025-05-22","2025-05-23","Delivered","Late","1","141542.11"
"675","720","2025-07-28","Continental Africa Airlines","Airline","South Africa","Africa","2025-08-07","2025-08-14","2025-08-14","Delivered","On-Time / Early","0","674593.63"
"698","744","2026-05-21","Continental Africa Airlines","Airline","South Africa","Africa","2026-05-26","2026-06-08","2026-06-10","Delivered","Late","2","40802.43"
"704","750","2025-03-03","Continental Africa Airlines","Airline","South Africa","Africa","2025-03-05","2025-03-12","2025-03-10","Delivered","On-Time / Early","-2","210421.57"
"759","809","2025-12-22","Continental Africa Airlines","Airline","South Africa","Africa","2025-12-31","2026-01-09","2026-01-09","Delivered","On-Time / Early","0","358722.52"
"823","878","2026-11-10","Continental Africa Airlines","Airline","South Africa","Africa","2026-11-14","2026-11-28","2026-11-26","Delivered","On-Time / Early","-2","166972.36"
"861","918","2026-09-01","Continental Africa Airlines","Airline","South Africa","Africa","2026-09-06","2026-09-15","2026-09-15","Delivered","On-Time / Early","0","41978.31"
"869","926","2026-06-20","Continental Africa Airlines","Airline","South Africa","Africa","2026-06-30","2026-07-10","2026-07-10","Delivered","On-Time / Early","0","185956.80"
"894","954","2025-12-05","Continental Africa Airlines","Airline","South Africa","Africa","2025-12-08","2025-12-22","2025-12-20","Delivered","On-Time / Early","-2","254166.81"
"916","979","2025-12-18","Continental Africa Airlines","Airline","South Africa","Africa","2025-12-25","2026-01-06","2026-01-04","Delivered","On-Time / Early","-2","279187.77"
"920","983","2025-05-16","Continental Africa Airlines","Airline","South Africa","Africa","2025-05-22","2025-06-02","2025-05-31","Delivered","On-Time / Early","-2","133930.96"
"925","989","2025-06-14","Continental Africa Airlines","Airline","South Africa","Africa","2025-06-22","2025-06-29","2025-06-28","Delivered","On-Time / Early","-1","110867.04"
"1002","1072","2026-01-21","Continental Africa Airlines","Airline","South Africa","Africa","2026-01-24","2026-02-02","2026-01-31","Delivered","On-Time / Early","-2","18914.97"
"1179","1255","2026-07-01","Continental Africa Airlines","Airline","South Africa","Africa","2026-07-03","2026-07-12","2026-07-10","Delivered","On-Time / Early","-2","75284.40"
"1185","1261","2025-02-05","Continental Africa Airlines","Airline","South Africa","Africa","2025-02-09","2025-02-16","2025-02-18","Delivered","Late","2","652572.74"
"1201","1277","2026-02-07","Continental Africa Airlines","Airline","South Africa","Africa","2026-02-11","2026-02-20","2026-02-22","Delivered","Late","2","255549.70"
"1228","1304","2026-05-28","Continental Africa Airlines","Airline","South Africa","Africa","2026-05-31","2026-06-14","2026-06-14","Delivered","On-Time / Early","0","266182.74"
"1252","1328","2026-11-19","Continental Africa Airlines","Airline","South Africa","Africa","2026-11-28","2026-12-10","2026-12-10","Delivered","On-Time / Early","0","519343.23"
"1377","1461","2026-06-24","Continental Africa Airlines","Airline","South Africa","Africa","2026-06-29","2026-07-09","2026-07-09","Delivered","On-Time / Early","0","60468.64"
"1393","1477","2025-03-28","Continental Africa Airlines","Airline","South Africa","Africa","2025-04-03","2025-04-15","2025-04-13","Delivered","On-Time / Early","-2","146117.61"
"1431","1516","2026-10-10","Continental Africa Airlines","Airline","South Africa","Africa","2026-10-20","2026-10-30","2026-10-30","Delivered","On-Time / Early","0","338141.76"
"1532","1624","2025-10-24","Continental Africa Airlines","Airline","South Africa","Africa","2025-10-31","2025-11-14","2025-11-12","Delivered","On-Time / Early","-2","221344.24"
"1539","1631","2025-03-31","Continental Africa Airlines","Airline","South Africa","Africa","2025-04-06","2025-04-20","2025-04-18","Delivered","On-Time / Early","-2","258307.45"
"1548","1640","2026-05-02","Continental Africa Airlines","Airline","South Africa","Africa","2026-05-05","2026-05-18","2026-05-16","Delivered","On-Time / Early","-2","126068.60"
"1614","1711","2025-02-02","Africa Aero Maintenance","MRO Provider","South Africa","Africa","2025-02-09","2025-02-22","2025-02-22","Delivered","On-Time / Early","0","1074092.85"
"1622","1719","2026-08-29","Africa Aero Maintenance","MRO Provider","South Africa","Africa","2026-08-31","2026-09-07","2026-09-09","Delivered","Late","2","1138043.82"
"1632","1729","2025-01-23","Africa Aero Maintenance","MRO Provider","South Africa","Africa","2025-01-31","2025-02-14","2025-02-14","Delivered","On-Time / Early","0","1500017.66"
"1656","1753","2026-07-28","Africa Aero Maintenance","MRO Provider","South Africa","Africa","2026-08-01","2026-08-15","2026-08-14","Delivered","On-Time / Early","-1","425008.94"
"1674","1773","2026-10-17","Africa Aero Maintenance","MRO Provider","South Africa","Africa","2026-10-26","2026-11-07",\N,"In Transit","Not Delivered",\N,"958782.57"
"1706","1806","2025-11-28","Africa Aero Maintenance","MRO Provider","South Africa","Africa","2025-12-04","2025-12-13","2025-12-13","Delivered","On-Time / Early","0","130748.06"
"1745","1848","2025-12-16","Africa Aero Maintenance","MRO Provider","South Africa","Africa","2025-12-26","2026-01-07","2026-01-07","Delivered","On-Time / Early","0","677158.42"
"1764","1869","2026-12-14","Africa Aero Maintenance","MRO Provider","South Africa","Africa","2026-12-20","2027-01-01","2027-01-01","Delivered","On-Time / Early","0","369929.50"
"1807","1915","2026-02-16","Africa Aero Maintenance","MRO Provider","South Africa","Africa","2026-02-23","2026-03-04","2026-03-03","Delivered","On-Time / Early","-1","442803.98"
"1809","1917","2025-03-01","Africa Aero Maintenance","MRO Provider","South Africa","Africa","2025-03-04","2025-03-18","2025-03-16","Delivered","On-Time / Early","-2","234631.56"
"1849","1959","2025-02-16","Africa Aero Maintenance","MRO Provider","South Africa","Africa","2025-02-21","2025-03-07","2025-03-05","Delivered","On-Time / Early","-2","681751.92"
"1876","1987","2026-04-21","Africa Aero Maintenance","MRO Provider","South Africa","Africa","2026-04-23","2026-05-07","2026-05-09","Delivered","Late","2","212133.82"
"1891","2004","2026-12-15","Africa Aero Maintenance","MRO Provider","South Africa","Africa","2026-12-21","2026-12-29","2026-12-28","Delivered","On-Time / Early","-1","896988.36"
"1895","2008","2026-05-21","Africa Aero Maintenance","MRO Provider","South Africa","Africa","2026-05-29","2026-06-05","2026-06-04","Delivered","On-Time / Early","-1","469565.36"
"1955","2070","2026-03-16","Africa Aero Maintenance","MRO Provider","South Africa","Africa","2026-03-21","2026-04-01","2026-03-31","Delivered","On-Time / Early","-1","373011.30"
"1980","2096","2026-06-09","Africa Aero Maintenance","MRO Provider","South Africa","Africa","2026-06-12","2026-06-24","2026-06-24","Delivered","On-Time / Early","0","132247.68"
"1991","2107","2025-06-07","Africa Aero Maintenance","MRO Provider","South Africa","Africa","2025-06-12","2025-06-21","2025-06-20","Delivered","On-Time / Early","-1","418366.00"
"2005","2122","2025-01-08","Africa Aero Maintenance","MRO Provider","South Africa","Africa","2025-01-18","2025-01-30","2025-02-06","Delivered","Late","7","1209460.65"
"2051","2172","2026-09-05","Africa Aero Maintenance","MRO Provider","South Africa","Africa","2026-09-14","2026-09-25","2026-09-24","Delivered","On-Time / Early","-1","347250.60"
"2056","2177","2026-11-12","Africa Aero Maintenance","MRO Provider","South Africa","Africa","2026-11-14","2026-11-25","2026-11-24","Delivered","On-Time / Early","-1","1323918.43"
"2077","2199","2026-03-23","Africa Aero Maintenance","MRO Provider","South Africa","Africa","2026-03-28","2026-04-09","2026-04-07","Delivered","On-Time / Early","-2","854597.18"
"2085","2207","2026-08-24","Africa Aero Maintenance","MRO Provider","South Africa","Africa","2026-09-01","2026-09-13","2026-09-23","Delivered","Late","10","1320770.66"
"2091","2213","2025-01-07","Africa Aero Maintenance","MRO Provider","South Africa","Africa","2025-01-14","2025-01-25","2025-01-23","Delivered","On-Time / Early","-2","469159.65"
"2106","2228","2025-12-18","Africa Aero Maintenance","MRO Provider","South Africa","Africa","2025-12-21","2026-01-01","2026-01-01","Delivered","On-Time / Early","0","482897.48"
"2112","2235","2026-10-16","Africa Aero Maintenance","MRO Provider","South Africa","Africa","2026-10-18","2026-10-25","2026-10-23","Delivered","On-Time / Early","-2","590687.50"
"2125","2251","2026-07-30","Africa Aero Maintenance","MRO Provider","South Africa","Africa","2026-08-09","2026-08-19","2026-08-21","Delivered","Late","2","1078743.16"
"2142","2269","2025-06-13","Africa Aero Maintenance","MRO Provider","South Africa","Africa","2025-06-20","2025-07-04","2025-07-03","Delivered","On-Time / Early","-1","39762.65"
"2161","2289","2026-08-10","Africa Aero Maintenance","MRO Provider","South Africa","Africa","2026-08-18","2026-08-27","2026-08-25","Delivered","On-Time / Early","-2","1169255.64"
"2168","2296","2025-08-01","Africa Aero Maintenance","MRO Provider","South Africa","Africa","2025-08-11","2025-08-25","2025-08-25","Delivered","On-Time / Early","0","107152.30"
"2173","2301","2026-01-08","Africa Aero Maintenance","MRO Provider","South Africa","Africa","2026-01-13","2026-01-22","2026-01-21","Delivered","On-Time / Early","-1","412258.35"
"2180","2308","2025-08-09","Africa Aero Maintenance","MRO Provider","South Africa","Africa","2025-08-14","2025-08-24","2025-08-24","Delivered","On-Time / Early","0","487574.22"
"2211","2339","2025-01-11","Africa Aero Maintenance","MRO Provider","South Africa","Africa","2025-01-15","2025-01-27","2025-01-27","Delivered","On-Time / Early","0","110753.64"
"2237","2366","2026-11-13","Africa Aero Maintenance","MRO Provider","South Africa","Africa","2026-11-19","2026-11-28","2026-11-26","Delivered","On-Time / Early","-2","959393.39"
"2242","2372","2026-03-16","Africa Aero Maintenance","MRO Provider","South Africa","Africa","2026-03-23","2026-03-30","2026-03-29","Delivered","On-Time / Early","-1","962473.08"
"2251","2382","2026-10-11","Africa Aero Maintenance","MRO Provider","South Africa","Africa","2026-10-21","2026-10-30","2026-10-28","Delivered","On-Time / Early","-2","1478417.60"
"2269","2400","2026-07-28","Africa Aero Maintenance","MRO Provider","South Africa","Africa","2026-08-01","2026-08-11","2026-08-10","Delivered","On-Time / Early","-1","1291850.75"
"2303","2436","2025-01-10","Africa Aero Maintenance","MRO Provider","South Africa","Africa","2025-01-13","2025-01-23","2025-01-21","Delivered","On-Time / Early","-2","1609179.35"
"2323","2456","2025-11-27","Africa Aero Maintenance","MRO Provider","South Africa","Africa","2025-12-02","2025-12-16","2025-12-16","Delivered","On-Time / Early","0","144441.90"
"2332","2467","2026-07-19","Africa Aero Maintenance","MRO Provider","South Africa","Africa","2026-07-23","2026-08-02","2026-07-31","Delivered","On-Time / Early","-2","696419.99"
"2335","2470","2026-12-14","Africa Aero Maintenance","MRO Provider","South Africa","Africa","2026-12-18","2026-12-26","2026-12-29","Delivered","Late","3","749544.74"
"2363","2501","2025-04-06","Africa Aero Maintenance","MRO Provider","South Africa","Africa","2025-04-10","2025-04-17","2025-04-15","Delivered","On-Time / Early","-2","1029338.34"
"2389","2529","2025-02-02","Africa Aero Maintenance","MRO Provider","South Africa","Africa","2025-02-09","2025-02-20","2025-02-20","Delivered","On-Time / Early","0","1678166.76"
"2405","2545","2026-10-17","Africa Aero Maintenance","MRO Provider","South Africa","Africa","2026-10-23","2026-11-06","2026-11-07","Delivered","Late","1","361962.43"
"2408","2548","2025-07-15","Africa Aero Maintenance","MRO Provider","South Africa","Africa","2025-07-22","2025-07-31","2025-08-03","Delivered","Late","3","582347.98"
"2433","2575","2025-06-12","Atlas Aerospace Manufacturing","Aircraft Manufacturer","Morocco","Africa","2025-06-14","2025-06-21","2025-06-19","Delivered","On-Time / Early","-2","1621605.52"
"2438","2580","2026-10-31","Atlas Aerospace Manufacturing","Aircraft Manufacturer","Morocco","Africa","2026-11-05","2026-11-18","2026-11-16","Delivered","On-Time / Early","-2","1531653.73"
"2451","2594","2025-09-18","Atlas Aerospace Manufacturing","Aircraft Manufacturer","Morocco","Africa","2025-09-21","2025-10-04","2025-10-11","Delivered","Late","7","2843230.93"
"2455","2598","2026-12-10","Atlas Aerospace Manufacturing","Aircraft Manufacturer","Morocco","Africa","2026-12-16","2026-12-23","2026-12-21","Delivered","On-Time / Early","-2","2618810.67"
"2456","2599","2025-07-24","Atlas Aerospace Manufacturing","Aircraft Manufacturer","Morocco","Africa","2025-08-02","2025-08-09","2025-08-09","Delivered","On-Time / Early","0","3827659.68"
"2465","2609","2025-02-04","Atlas Aerospace Manufacturing","Aircraft Manufacturer","Morocco","Africa","2025-02-06","2025-02-14","2025-02-18","Delivered","Late","4","1223296.35"
"2506","2651","2026-04-09","Atlas Aerospace Manufacturing","Aircraft Manufacturer","Morocco","Africa","2026-04-14","2026-04-23","2026-04-30","Delivered","Late","7","7003507.75"
"2508","2653","2025-11-11","Atlas Aerospace Manufacturing","Aircraft Manufacturer","Morocco","Africa","2025-11-21","2025-12-02","2025-12-01","Delivered","On-Time / Early","-1","3561510.31"
"2530","2676","2026-05-16","Atlas Aerospace Manufacturing","Aircraft Manufacturer","Morocco","Africa","2026-05-24","2026-06-05","2026-06-05","Delivered","On-Time / Early","0","3667161.98"
"2555","2703","2026-08-23","Atlas Aerospace Manufacturing","Aircraft Manufacturer","Morocco","Africa","2026-09-02","2026-09-16","2026-09-18","Delivered","Late","2","5618590.47"
"2556","2704","2026-04-30","Atlas Aerospace Manufacturing","Aircraft Manufacturer","Morocco","Africa","2026-05-07","2026-05-21","2026-05-24","Delivered","Late","3","1720584.15"
"2557","2706","2025-04-11","Atlas Aerospace Manufacturing","Aircraft Manufacturer","Morocco","Africa","2025-04-21","2025-04-30","2025-04-29","Delivered","On-Time / Early","-1","1352254.25"
"2569","2718","2026-08-03","Atlas Aerospace Manufacturing","Aircraft Manufacturer","Morocco","Africa","2026-08-08","2026-08-20","2026-08-23","Delivered","Late","3","1398647.18"
"2608","2759","2025-01-31","Atlas Aerospace Manufacturing","Aircraft Manufacturer","Morocco","Africa","2025-02-06","2025-02-17","2025-02-16","Delivered","On-Time / Early","-1","2155746.87"
"2614","2765","2025-05-24","Atlas Aerospace Manufacturing","Aircraft Manufacturer","Morocco","Africa","2025-05-31","2025-06-10","2025-06-19","Delivered","Late","9","1373635.09"
"2630","2781","2026-11-11","Atlas Aerospace Manufacturing","Aircraft Manufacturer","Morocco","Africa","2026-11-20","2026-11-28","2026-11-28","Delivered","On-Time / Early","0","2196937.08"
"2632","2783","2025-03-14","Atlas Aerospace Manufacturing","Aircraft Manufacturer","Morocco","Africa","2025-03-18","2025-04-01","2025-04-01","Delivered","On-Time / Early","0","3365936.33"
"2633","2784","2026-05-06","Atlas Aerospace Manufacturing","Aircraft Manufacturer","Morocco","Africa","2026-05-16","2026-05-26","2026-05-26","Delivered","On-Time / Early","0","2781332.45"
"2664","2816","2025-12-23","Atlas Aerospace Manufacturing","Aircraft Manufacturer","Morocco","Africa","2025-12-30","2026-01-13","2026-01-14","Delivered","Late","1","1724604.54"
"2677","2831","2026-08-17","Atlas Aerospace Manufacturing","Aircraft Manufacturer","Morocco","Africa","2026-08-19","2026-08-29","2026-08-31","Delivered","Late","2","1489612.08"
"2712","2867","2025-07-22","Atlas Aerospace Manufacturing","Aircraft Manufacturer","Morocco","Africa","2025-08-01","2025-08-15","2025-08-15","Delivered","On-Time / Early","0","3926154.12"
"2720","2878","2026-08-27","Atlas Aerospace Manufacturing","Aircraft Manufacturer","Morocco","Africa","2026-08-29","2026-09-10","2026-09-10","Delivered","On-Time / Early","0","5175285.77"
"2753","2913","2025-07-04","Atlas Aerospace Manufacturing","Aircraft Manufacturer","Morocco","Africa","2025-07-10","2025-07-18","2025-07-16","Delivered","On-Time / Early","-2","4590927.21"
"2767","2928","2025-01-21","Atlas Aerospace Manufacturing","Aircraft Manufacturer","Morocco","Africa","2025-01-27","2025-02-06","2025-02-05","Delivered","On-Time / Early","-1","995029.10"
"2772","2933","2025-06-15","Atlas Aerospace Manufacturing","Aircraft Manufacturer","Morocco","Africa","2025-06-20","2025-06-29","2025-07-07","Delivered","Late","8","3269553.75"
"2781","2942","2026-09-12","Atlas Aerospace Manufacturing","Aircraft Manufacturer","Morocco","Africa","2026-09-20","2026-09-29","2026-09-29","Delivered","On-Time / Early","0","1091018.03"
"2807","2969","2026-09-22","Atlas Aerospace Manufacturing","Aircraft Manufacturer","Morocco","Africa","2026-09-28","2026-10-05","2026-10-04","Delivered","On-Time / Early","-1","5010178.80"
"2831","2993","2025-08-08","Atlas Aerospace Manufacturing","Aircraft Manufacturer","Morocco","Africa","2025-08-16","2025-08-23","2025-08-22","Delivered","On-Time / Early","-1","4199378.23"
"2836","2998","2026-07-28","Atlas Aerospace Manufacturing","Aircraft Manufacturer","Morocco","Africa","2026-08-03","2026-08-14","2026-08-13","Delivered","On-Time / Early","-1","3097891.81"
"2837","2999","2025-07-03","Atlas Aerospace Manufacturing","Aircraft Manufacturer","Morocco","Africa","2025-07-10","2025-07-19","2025-07-19","Delivered","On-Time / Early","0","3698420.88"
"2426","2568","2026-08-09","Africa Aviation Industries","Aircraft Manufacturer","South Africa","Africa","2026-08-11","2026-08-19","2026-08-19","Delivered","On-Time / Early","0","1481126.13"
"2437","2579","2025-05-14","Africa Aviation Industries","Aircraft Manufacturer","South Africa","Africa","2025-05-19","2025-05-28","2025-05-26","Delivered","On-Time / Early","-2","1108086.90"
"2460","2603","2025-10-15","Africa Aviation Industries","Aircraft Manufacturer","South Africa","Africa","2025-10-25","2025-11-06","2025-11-10","Delivered","Late","4","2274644.90"
"2479","2623","2026-08-13","Africa Aviation Industries","Aircraft Manufacturer","South Africa","Africa","2026-08-17","2026-08-25","2026-08-26","Delivered","Late","1","2635825.62"
"2486","2630","2026-10-19","Africa Aviation Industries","Aircraft Manufacturer","South Africa","Africa","2026-10-22","2026-11-01","2026-11-01","Delivered","On-Time / Early","0","4661852.76"
"2500","2645","2025-03-18","Africa Aviation Industries","Aircraft Manufacturer","South Africa","Africa","2025-03-25","2025-04-05","2025-04-18","Delivered","Late","13","2832785.85"
"2528","2674","2025-07-01","Africa Aviation Industries","Aircraft Manufacturer","South Africa","Africa","2025-07-07","2025-07-16","2025-07-16","Delivered","On-Time / Early","0","3458914.74"
"2592","2742","2025-12-30","Africa Aviation Industries","Aircraft Manufacturer","South Africa","Africa","2026-01-06","2026-01-13","2026-01-16","Delivered","Late","3","1784926.27"
"2624","2775","2025-06-11","Africa Aviation Industries","Aircraft Manufacturer","South Africa","Africa","2025-06-20","2025-07-01","2025-07-03","Delivered","Late","2","5704959.43"
"2641","2792","2026-09-23","Africa Aviation Industries","Aircraft Manufacturer","South Africa","Africa","2026-09-30","2026-10-09","2026-10-07","Delivered","On-Time / Early","-2","2485145.90"
"2670","2824","2025-03-29","Africa Aviation Industries","Aircraft Manufacturer","South Africa","Africa","2025-04-04","2025-04-18","2025-04-20","Delivered","Late","2","4583846.58"
"2697","2852","2025-03-21","Africa Aviation Industries","Aircraft Manufacturer","South Africa","Africa","2025-03-26","2025-04-07","2025-04-05","Delivered","On-Time / Early","-2","5418092.94"
"2711","2866","2026-06-02","Africa Aviation Industries","Aircraft Manufacturer","South Africa","Africa","2026-06-09","2026-06-19","2026-06-18","Delivered","On-Time / Early","-1","2138395.54"
"2730","2889","2025-09-23","Africa Aviation Industries","Aircraft Manufacturer","South Africa","Africa","2025-09-26","2025-10-03","2025-10-05","Delivered","Late","2","5753578.85"
"2733","2892","2025-02-10","Africa Aviation Industries","Aircraft Manufacturer","South Africa","Africa","2025-02-19","2025-03-04","2025-03-04","Delivered","On-Time / Early","0","3687794.27"
"2739","2898","2025-04-30","Africa Aviation Industries","Aircraft Manufacturer","South Africa","Africa","2025-05-07","2025-05-20","2025-05-19","Delivered","On-Time / Early","-1","2752391.02"
"2790","2951","2026-08-15","Africa Aviation Industries","Aircraft Manufacturer","South Africa","Africa","2026-08-20","2026-08-31","2026-08-29","Delivered","On-Time / Early","-2","4239813.28"
"2806","2968","2026-03-22","Africa Aviation Industries","Aircraft Manufacturer","South Africa","Africa","2026-03-30","2026-04-07","2026-04-05","Delivered","On-Time / Early","-2","3565760.86"
"2812","2974","2025-03-10","Africa Aviation Industries","Aircraft Manufacturer","South Africa","Africa","2025-03-20","2025-03-31","2025-04-03","Delivered","Late","3","1821604.47"
