order_item_id,order_id,product_id,quantity,unit_price
1,1,3,2,48008.04
2,1,4,1,38335.66
3,2,7,6,42514.75
4,2,1,3,86648.96
5,2,28,24,7559.51
6,3,6,3,96428.34
7,3,25,16,8259.71
8,4,6,1,97114.21
9,4,4,1,36987.79
10,4,19,7,31227.15
11,5,2,3,62424.09
12,5,4,3,37245.81
13,5,18,2,76074.51
14,6,12,6,28236.98
15,6,5,1,72989.09
16,6,4,1,37488.2
17,7,22,4,12601.47
18,8,11,3,35174.26
19,9,12,1,29115.17
20,9,7,1,41199.9
21,10,5,3,74012.11
22,11,20,7,27933.39
23,12,27,26,4840.99
24,12,26,28,6295.17
25,12,1,2,86050.16
26,13,5,2,71628.41
27,14,2,1,63782.91
28,15,21,3,14990.9
29,15,9,6,24033.18
30,16,20,2,28755.44
31,16,8,5,68280.34
32,16,16,2,133156.38
33,17,20,7,28335.42
34,17,12,3,28287.92
35,17,22,5,12475.77
36,18,29,26,11086.54
37,19,5,2,71448.26
38,19,11,1,35616.32
39,20,19,4,31849.1
40,21,7,2,43041.14
41,21,11,5,35322.11
42,22,11,4,36202.12
43,23,10,4,18870.85
44,23,3,3,47533.09
45,23,21,2,15423.69
46,24,23,3,9753.54
47,25,16,3,128266.16
48,25,9,5,24669.94
49,26,5,1,70401.13
50,26,7,1,41519.37
51,26,21,9,14906.39
52,27,2,1,63424.59
53,27,7,2,41335.18
54,28,12,2,28398.2
55,29,27,5,4793.48
56,29,10,5,18707.33
57,29,22,8,12748.51
58,30,1,2,83105.36
59,30,20,8,28459.08
60,30,30,28,14824.23
61,31,7,3,41970.54
62,31,23,2,9636.36
63,31,20,7,27768.63
64,32,29,24,11166.11
65,32,26,9,6199.98
66,32,3,2,46827.41
67,33,22,4,12338.72
68,33,10,1,18234.73
69,34,4,3,38039.55
70,34,1,2,85948.93
71,35,22,2,12245.66
72,36,10,6,18449.71
73,37,24,8,45785.98
74,37,4,2,38551.91
75,38,22,10,12404.62
76,39,23,7,9571.66
77,39,4,3,38591.91
78,40,1,2,87285.83
79,40,21,5,15013.41
80,40,23,8,9534.54
81,41,4,2,37697.0
82,41,30,16,14284.52
83,42,19,10,31553.09
84,42,4,1,37878.64
85,43,23,3,9716.06
86,43,6,2,93567.17
87,44,8,6,66550.15
88,45,9,3,24679.47
89,45,20,10,28116.03
90,46,3,1,46982.64
91,47,19,8,32024.25
92,47,22,6,12441.9
93,47,6,2,96263.09
94,48,28,8,7632.14
95,48,9,5,24020.22
96,48,26,27,6311.21
97,49,8,4,67081.13
98,49,20,6,28002.63
99,50,20,6,27618.1
100,51,4,3,37155.87
101,51,6,3,93963.51
102,52,6,2,93410.03
103,53,6,3,96863.76
104,53,12,5,28702.03
105,53,11,1,35660.77
106,54,10,2,18457.76
107,54,20,10,28332.18
108,55,10,1,18678.38
109,55,7,6,41966.08
110,55,13,1,147157.69
111,56,9,3,23930.16
112,56,8,5,68346.54
113,56,23,8,9750.25
114,57,21,10,15219.65
115,58,11,2,35737.41
116,59,2,1,63830.73
117,60,2,3,63781.49
118,60,9,2,23882.18
119,60,10,3,18644.61
120,61,30,29,14618.5
121,61,11,4,35406.21
122,61,10,3,18862.01
123,62,2,2,61212.88
124,62,9,4,24224.91
125,63,28,23,7568.9
126,63,16,1,133080.42
127,63,20,10,28838.17
128,64,10,1,18305.77
129,64,5,3,71878.67
130,64,3,1,48699.74
131,65,11,2,36756.67
132,65,3,3,49078.99
133,65,2,2,60633.46
134,66,26,23,6185.56
135,67,22,5,12722.57
136,68,7,5,42851.45
137,68,26,12,6185.94
138,69,1,3,85902.05
139,70,16,1,134241.7
140,70,18,1,76984.02
141,70,23,2,9763.85
142,71,4,3,38612.78
143,71,12,5,29224.93
144,71,7,1,41107.88
145,72,23,3,9930.53
146,72,12,3,28376.99
147,73,20,6,27323.17
148,74,22,9,12689.38
149,74,21,6,15170.27
150,74,10,6,18231.29
151,75,8,2,68088.86
152,75,3,3,47604.65
153,76,12,2,29117.69
154,76,10,6,18272.32
155,77,26,9,6239.97
156,77,28,25,7377.56
157,77,29,9,11055.59
158,78,11,6,36799.7
159,78,10,5,18944.0
160,79,23,10,9690.81
161,79,10,6,18132.72
162,80,10,4,17960.8
163,80,27,12,4745.08
164,80,3,3,48800.68
165,81,21,9,14963.39
166,82,30,30,14750.29
167,82,26,16,6261.1
168,82,7,3,42018.69
169,83,11,6,36081.49
170,83,1,2,85340.18
171,84,6,1,96081.28
172,85,26,27,6280.87
173,85,5,2,72224.53
174,85,2,3,63230.18
175,86,26,21,6126.63
176,87,5,3,71901.86
177,88,7,3,42730.84
178,89,1,2,82875.27
179,90,5,1,72424.63
180,91,11,4,36780.06
181,91,4,3,37304.14
182,92,22,2,12313.81
183,92,9,4,24188.82
184,92,11,5,35532.91
185,93,5,1,71313.73
186,93,23,6,9874.04
187,93,2,2,60164.24
188,94,8,2,66227.48
189,94,10,1,18972.08
190,94,9,2,24401.46
191,95,5,2,71222.47
192,96,12,3,29743.94
193,96,6,1,93995.46
194,96,4,1,38803.37
195,97,21,10,15433.04
196,97,23,6,9640.49
197,97,3,2,46977.56
198,98,24,7,45861.19
199,98,10,4,17951.3
200,99,4,2,38332.41
201,99,5,2,69924.15
202,100,6,3,93608.8
203,100,25,15,8463.02
204,100,11,5,36516.28
205,101,22,6,12205.13
206,102,6,2,97516.52
207,103,7,6,41722.96
208,103,18,2,74859.3
209,103,17,2,204447.39
210,104,21,10,14882.5
211,105,2,3,60415.24
212,105,18,2,77478.86
213,106,11,2,36133.57
214,107,5,3,73135.24
215,107,6,2,96080.55
216,108,19,7,32877.82
217,109,28,28,7673.06
218,109,4,1,37910.63
219,110,6,2,93605.54
220,110,19,4,31268.85
221,111,10,1,18868.16
222,111,5,2,69909.99
223,112,17,2,213655.73
224,112,11,3,36290.25
225,113,1,3,86431.0
226,113,11,1,36159.68
227,113,8,1,69089.83
228,114,28,19,7675.21
229,114,14,3,116799.44
230,115,21,9,15024.94
231,116,22,2,12426.1
232,116,5,2,69921.53
233,116,4,1,37450.18
234,117,9,5,23939.16
235,118,5,2,73698.81
236,118,23,4,9617.04
237,118,3,1,46850.58
238,119,19,4,32076.95
239,119,15,2,179498.89
240,119,21,6,14696.96
241,120,2,2,60241.54
242,120,28,8,7650.37
243,121,6,3,93338.93
244,121,4,2,37312.89
245,122,7,1,43182.49
246,122,12,6,29028.7
247,123,19,9,32462.03
248,124,21,8,14721.88
249,124,17,2,209722.53
250,125,4,1,36876.54
251,125,28,8,7434.61
252,125,25,18,8727.43
253,126,12,1,29261.75
254,126,28,5,7703.09
255,126,6,2,92408.61
256,127,1,1,85094.97
257,128,19,2,32184.71
258,129,30,14,14388.38
259,130,28,10,7353.59
260,130,8,6,69262.42
261,131,1,1,82602.9
262,131,5,3,71452.16
263,131,29,15,10688.8
264,132,10,1,18760.8
265,133,25,22,8437.29
266,134,20,4,27328.19
267,134,8,1,67673.12
268,134,4,2,39102.08
269,135,11,6,34921.56
270,135,9,2,23744.94
271,135,7,4,41981.86
272,136,2,3,60622.88
273,136,26,26,6044.57
274,136,5,2,73671.49
275,137,3,1,48662.49
276,138,10,6,18600.77
277,138,9,2,23752.24
278,139,23,2,9945.79
279,139,19,5,32920.7
280,140,1,1,83275.61
281,141,4,2,38815.51
282,141,6,2,94726.99
283,142,9,5,23913.4
284,143,5,2,71296.94
285,143,27,15,4888.41
286,143,11,4,36352.62
287,144,29,13,10711.66
288,144,12,1,29808.67
289,144,2,2,63227.89
290,145,9,2,24537.56
291,146,11,1,37007.19
292,146,14,2,120265.79
293,147,6,1,96572.69
294,147,3,3,48290.7
295,147,1,3,84299.55
296,148,23,4,9726.19
297,149,24,5,46947.34
298,150,5,2,73547.84
299,150,4,2,37748.68
300,150,10,4,18464.48
301,151,21,2,14617.38
302,152,9,2,24609.2
303,152,19,2,32489.93
304,152,4,1,38603.27
305,153,8,6,67669.56
306,154,3,1,47211.76
307,154,26,17,6059.93
308,154,24,4,45188.09
309,155,21,2,15123.08
310,156,7,6,42248.09
311,156,4,2,38734.71
312,156,12,4,28397.4
313,157,9,1,23829.36
314,157,25,25,8482.93
315,157,11,3,35405.21
316,158,6,3,97620.49
317,159,6,2,96919.24
318,159,16,1,133093.43
319,160,30,13,14852.12
320,160,21,8,15150.28
321,161,13,1,141529.84
322,161,26,23,6198.13
323,162,9,1,24716.12
324,162,28,22,7547.99
325,162,12,5,29644.48
326,163,11,1,36195.14
327,163,19,3,31265.55
328,163,22,8,12736.46
329,164,21,9,15317.01
330,164,11,1,36950.83
331,164,30,28,14741.54
332,165,26,23,6081.23
333,165,21,3,14813.05
334,165,7,6,41890.69
335,166,12,3,28743.14
336,166,15,2,177978.95
337,167,12,3,29467.38
338,167,5,3,72640.6
339,168,9,2,24496.4
340,168,27,16,4833.52
341,168,20,7,28552.19
342,169,25,25,8452.09
343,170,8,4,66784.77
344,170,28,16,7426.65
345,170,10,2,19009.83
346,171,2,3,61295.16
347,171,12,5,28645.39
348,172,10,5,18717.16
349,172,1,3,85499.64
350,172,28,13,7340.59
351,173,10,2,18967.6
352,173,6,2,95646.49
353,174,8,4,69330.63
354,175,12,3,28175.86
355,176,26,12,6339.55
356,177,20,4,27180.86
357,177,1,3,84914.69
358,178,11,5,35335.24
359,178,5,3,71566.34
360,179,28,28,7392.67
361,179,21,6,14938.18
362,179,8,3,68164.71
363,180,14,2,120548.41
364,181,5,3,70396.26
365,181,17,3,209694.3
366,181,11,2,36475.43
367,182,23,5,9779.59
368,182,7,4,42299.39
369,182,11,1,36978.83
370,183,4,3,38342.63
371,184,12,2,28240.97
372,184,9,5,23642.9
373,185,5,2,71701.19
374,185,20,8,27521.54
375,185,11,6,36377.28
376,186,5,2,70463.09
377,186,12,5,28677.16
378,187,13,3,147213.86
379,188,1,3,82774.51
380,188,8,6,66754.05
381,188,14,1,114668.77
382,189,21,3,14634.75
383,189,12,6,28804.16
384,190,10,2,18885.46
385,190,3,2,47070.94
386,191,28,7,7358.05
387,191,8,3,69981.39
388,192,4,1,38054.42
389,192,6,1,97747.46
390,192,3,1,47045.32
391,193,3,2,47442.04
392,193,29,23,10917.39
393,193,2,1,62507.71
394,194,2,2,60500.71
395,194,20,7,28124.29
396,195,20,10,27410.07
397,195,25,24,8264.77
398,196,25,30,8721.47
399,196,26,16,6268.09
400,196,8,1,67990.42
401,197,5,2,73891.37
402,197,29,17,11187.48
403,197,30,7,14359.36
404,198,4,1,38670.44
405,198,1,2,86585.63
406,199,23,3,10004.49
407,199,6,2,97347.64
408,199,12,5,29037.71
409,200,21,7,14671.93
410,200,22,8,12428.18
411,200,10,1,18490.28
412,201,11,4,35580.74
413,201,15,3,177088.47
414,202,26,7,6128.25
415,202,11,5,35294.45
416,202,7,5,40810.47
417,203,9,5,23355.51
418,203,28,28,7503.77
419,204,12,6,28207.81
420,205,2,1,62790.17
421,206,22,5,12553.36
422,207,4,1,38912.73
423,207,3,1,49164.66
424,207,21,4,15438.38
425,208,10,1,18118.08
426,209,6,2,97177.09
427,209,11,6,36785.69
428,209,20,6,27847.46
429,210,10,4,18253.68
430,211,28,13,7545.06
431,212,19,9,31287.47
432,212,20,3,27353.67
433,212,28,7,7357.51
434,213,6,2,97595.31
435,213,24,8,45406.07
436,214,5,2,70308.69
437,214,2,1,62203.67
438,215,5,1,71865.89
439,215,2,1,63239.11
440,216,6,1,93527.99
441,217,12,2,28899.12
442,217,24,10,46736.34
443,217,2,3,61322.67
444,218,2,2,63337.29
445,218,3,2,47890.66
446,218,25,17,8438.82
447,219,8,2,68519.03
448,219,11,1,36802.09
449,220,29,21,10859.95
450,221,3,1,46880.73
451,222,11,1,36256.15
452,223,21,7,14584.59
453,224,19,8,31046.57
454,225,29,8,11235.62
455,226,5,1,69925.51
456,226,28,23,7565.16
457,226,6,2,94713.13
458,227,4,3,37430.1
459,227,18,2,75904.83
460,227,28,22,7670.75
461,228,6,3,93143.81
462,229,14,2,119699.24
463,229,9,2,23341.28
464,230,23,5,10086.64
465,230,6,2,93336.18
466,231,10,4,18759.13
467,231,11,4,35705.29
468,232,20,10,27505.94
469,232,2,3,60863.92
470,233,23,7,10035.41
471,233,10,3,18659.84
472,233,2,2,60544.18
473,234,11,4,35029.91
474,234,5,1,72689.69
475,234,28,10,7699.44
476,235,22,4,12329.99
477,236,20,8,28126.12
478,236,26,18,6131.73
479,236,6,1,96496.94
480,237,11,5,36508.29
481,237,30,8,14749.66
482,238,1,2,86798.26
483,239,27,11,4870.15
484,239,15,1,173560.87
485,240,10,4,18320.87
486,240,3,1,48870.73
487,241,26,10,6168.45
488,242,28,10,7527.75
489,242,24,6,46524.3
490,242,25,26,8727.15
491,243,1,1,86939.18
492,243,10,2,18796.52
493,244,21,9,15076.4
494,244,1,2,87277.68
495,244,9,1,24556.55
496,245,5,2,72766.25
497,246,6,1,97630.98
498,247,1,2,85524.34
499,247,19,8,32944.07
500,248,26,21,6118.25
501,248,7,4,41542.79
502,249,2,3,61280.69
503,250,15,1,172614.78
504,250,17,3,204711.08
505,251,5,1,73013.65
506,251,4,1,38922.34
507,251,7,6,42433.2
508,252,9,5,24509.22
509,252,22,7,12224.26
510,252,10,5,18159.12
511,253,4,3,37053.33
512,253,21,10,15356.24
513,254,25,12,8282.95
514,255,5,1,73204.75
515,255,25,28,8251.86
516,256,29,7,10773.12
517,256,22,7,12714.6
518,257,19,4,31423.08
519,258,26,7,6281.19
520,258,4,3,37391.41
521,258,1,2,84084.07
522,259,2,3,63815.1
523,259,20,9,27643.95
524,259,19,9,31395.06
525,260,2,2,60675.28
526,261,8,6,66465.96
527,261,20,4,28585.68
528,261,21,4,14905.2
529,262,4,3,38320.56
530,262,3,2,48678.08
531,262,12,6,28567.9
532,263,1,2,84205.54
533,264,4,1,38396.8
534,264,28,5,7714.73
535,264,21,7,15178.27
536,265,19,6,32436.13
537,265,9,6,24447.79
538,265,10,4,18292.96
539,266,5,1,70024.46
540,266,10,4,18305.05
541,266,22,9,12776.51
542,267,8,6,69022.25
543,267,7,2,42726.43
544,268,18,1,75541.35
545,268,6,1,93010.92
546,269,1,2,84858.67
547,270,7,4,41728.42
548,270,12,3,28526.27
549,271,22,8,12451.33
550,271,28,26,7301.89
551,272,3,3,47932.9
552,273,5,2,73311.65
553,273,7,3,42331.4
554,274,24,8,46308.09
555,274,11,3,35656.77
556,275,26,16,6224.3
557,275,7,4,41672.42
558,276,3,3,47232.3
559,277,22,6,12541.25
560,277,9,6,23559.9
561,278,18,3,78148.38
562,279,23,5,9984.23
563,280,10,1,18292.94
564,281,8,5,67272.35
565,282,11,6,35494.58
566,282,8,3,68864.58
567,282,7,4,41361.4
568,283,3,3,47949.75
569,283,4,2,37965.11
570,283,11,2,36700.13
571,284,5,3,70359.97
572,284,24,5,46064.87
573,284,8,4,67685.8
574,285,2,1,61241.5
575,286,22,3,12401.47
576,287,10,5,18119.25
577,288,19,6,31915.41
578,288,5,2,71070.18
579,289,1,1,82717.36
580,289,10,3,18102.35
581,289,28,22,7286.46
582,290,22,4,12369.96
583,290,25,25,8389.28
584,291,19,10,31147.25
585,291,21,9,14607.49
586,291,2,1,62084.74
587,292,3,2,47533.9
588,292,7,4,41749.41
589,292,5,3,73251.63
590,293,1,1,84737.34
591,293,4,1,37405.53
592,293,23,2,9536.86
593,294,1,1,83566.9
594,294,3,1,48001.68
595,294,12,6,28818.71
596,295,22,2,12627.23
597,295,24,3,44730.76
598,295,8,2,68337.58
599,296,7,5,42961.75
600,297,26,17,6093.15
601,297,12,6,29213.66
602,297,3,3,47678.65
603,298,21,7,14726.2
604,299,12,3,28915.87
605,299,11,4,35361.91
606,300,1,3,87208.73
607,301,5,3,73068.22
608,302,23,6,9718.23
609,302,6,1,95381.03
610,302,27,11,4803.2
611,303,2,2,60907.63
612,303,28,28,7422.31
613,304,20,9,27966.69
614,304,12,2,28265.15
615,305,25,24,8270.51
616,306,25,14,8471.98
617,307,8,1,66178.43
618,307,2,2,62899.67
619,307,10,4,18670.52
620,308,19,6,31312.33
621,308,8,1,69711.18
622,309,13,2,142168.86
623,309,6,1,94744.89
624,309,30,22,14302.63
625,310,22,3,12673.58
626,311,4,3,37720.53
627,312,10,4,18139.28
628,313,7,6,40898.79
629,314,24,9,45179.45
630,314,6,2,97640.18
631,315,4,1,39130.51
632,316,28,22,7703.47
633,317,24,2,45410.79
634,317,3,2,48923.66
635,318,6,2,96289.33
636,318,9,6,24200.61
637,318,12,4,28777.47
638,319,20,9,28295.19
639,319,10,1,18613.39
640,320,9,6,23951.84
641,321,26,6,6141.76
642,321,27,24,4754.4
643,321,24,4,46969.03
644,322,2,3,61614.42
645,322,25,21,8522.44
646,322,11,1,35470.19
647,323,20,5,28309.14
648,323,23,3,9697.39
649,323,27,22,4925.84
650,324,22,5,12557.76
651,324,19,5,32269.7
652,324,12,2,29376.19
653,325,22,4,12811.88
654,325,21,5,15230.22
655,325,8,5,68564.05
656,326,1,2,83067.49
657,327,30,7,14123.31
658,328,16,2,133279.75
659,328,5,2,71322.49
660,329,4,3,38204.5
661,329,11,5,35010.45
662,330,16,2,130823.86
663,330,4,2,38576.65
664,331,11,5,36822.17
665,332,7,4,40837.45
666,332,8,4,66988.8
667,332,2,3,63229.94
668,333,28,17,7612.07
669,333,4,1,37596.15
670,333,12,4,28506.81
671,334,6,1,95532.55
672,334,19,10,31893.31
673,335,3,3,48187.34
674,335,29,25,11148.06
675,335,1,3,85085.36
676,336,27,10,4667.47
677,337,7,6,41130.09
678,337,26,20,6194.88
679,337,6,3,97310.84
680,338,2,1,61405.06
681,338,22,5,12660.37
682,339,25,8,8328.86
683,339,5,3,69942.29
684,339,12,4,28165.74
685,340,27,25,4812.52
686,340,7,3,41839.45
687,340,19,3,31207.51
688,341,10,5,18965.39
689,341,26,8,6022.97
690,341,2,3,60871.04
691,342,15,3,172511.57
692,342,6,1,95468.09
693,342,1,1,83482.48
694,343,6,2,92213.8
695,343,1,1,85125.27
696,344,7,3,42958.57
697,344,2,2,63120.56
698,345,22,9,12285.59
699,346,12,6,29072.04
700,347,2,3,60680.9
701,348,7,5,41155.13
702,349,24,7,47207.8
703,349,28,6,7613.57
704,349,3,2,46639.68
705,350,21,8,14954.85
706,350,26,28,6351.59
707,350,11,4,36315.45
708,351,5,3,71082.55
709,351,22,2,12437.99
710,351,12,2,29474.88
711,352,10,3,18460.6
712,353,11,5,35626.51
713,353,10,5,18486.44
714,354,11,6,36227.24
715,354,23,4,9781.96
716,354,4,2,38074.65
717,355,21,6,15390.74
718,355,29,21,10820.38
719,355,27,12,4819.01
720,356,14,2,118125.12
721,356,9,5,23890.34
722,357,5,1,73305.7
723,357,20,7,28357.2
724,357,8,4,68333.54
725,358,6,2,95789.99
726,359,12,3,28448.56
727,360,27,12,4768.79
728,360,23,9,9822.0
729,360,5,1,70930.95
730,361,28,5,7304.95
731,361,27,20,4786.97
732,362,9,5,24097.13
733,362,1,2,85653.37
734,362,7,4,41841.67
735,363,2,1,61484.17
736,363,25,6,8677.06
737,364,5,2,70390.46
738,364,4,1,36951.06
739,365,7,1,41590.77
740,365,21,6,14936.82
741,365,5,3,72305.07
742,366,27,12,4699.69
743,366,9,2,23527.45
744,367,5,1,73963.32
745,367,6,2,96764.44
746,368,4,1,37411.82
747,369,2,1,61179.63
748,369,4,2,38181.57
749,369,10,4,18181.86
750,370,28,27,7474.86
751,371,22,8,12142.27
752,372,6,2,94638.91
753,372,27,15,4661.97
754,373,22,5,12404.72
755,373,24,8,45084.73
756,373,8,3,67401.32
757,374,3,1,47652.8
758,374,25,26,8721.99
759,375,19,9,32409.09
760,376,9,3,23828.6
761,377,10,4,18044.3
762,377,2,2,61503.73
763,378,8,2,69442.88
764,378,23,10,9982.36
765,379,15,1,177737.46
766,380,20,3,28193.96
767,381,1,3,87203.25
768,381,9,2,24516.24
769,381,3,1,47739.26
770,382,8,1,68493.45
771,383,24,4,45415.55
772,383,10,2,18207.23
773,383,26,24,6279.06
774,384,21,4,15030.56
775,385,9,6,23537.65
776,385,8,2,69170.59
777,386,27,21,4890.23
778,386,7,4,41080.07
779,387,8,2,69475.69
780,388,9,4,23633.94
781,388,1,3,83715.9
782,389,19,3,32927.08
783,389,3,2,48083.21
784,389,10,5,18546.03
785,390,28,25,7699.48
786,390,11,5,36471.65
787,391,9,5,24629.09
788,391,4,1,38695.03
789,391,6,2,96949.09
790,392,22,8,12406.96
791,393,4,1,38570.71
792,393,2,2,63358.53
793,394,3,2,47264.14
794,394,2,2,61080.86
795,394,12,4,28776.53
796,395,10,1,18217.36
797,396,25,14,8435.76
798,397,10,6,18913.05
799,397,3,2,48924.75
800,398,10,1,18336.26
801,398,5,1,69887.76
802,398,6,2,92491.36
803,399,5,2,69944.28
804,399,11,4,35669.36
805,399,9,1,24433.76
806,400,4,2,37848.17
807,400,12,5,29397.88
808,400,7,2,43091.03
809,401,12,4,29402.72
810,401,20,4,28440.34
811,402,4,2,37759.23
812,403,1,1,83441.92
813,404,2,2,62175.05
814,404,3,1,49414.16
815,404,1,2,86158.91
816,405,2,3,61975.75
817,406,21,7,15315.53
818,407,11,6,35634.1
819,407,23,4,9898.64
820,408,12,3,29532.77
821,408,20,5,28529.09
822,408,9,3,24633.51
823,409,12,4,28219.24
824,409,9,1,24466.66
825,410,2,1,61867.37
826,410,1,3,85215.27
827,410,12,4,28859.57
828,411,2,1,62457.78
829,411,30,7,14739.22
830,412,10,2,18404.79
831,413,9,1,23723.53
832,414,28,17,7539.79
833,414,8,3,66952.4
834,415,11,3,36201.84
835,416,1,3,82493.3
836,417,7,6,42372.88
837,417,13,2,142194.89
838,417,3,3,48534.71
839,418,11,1,35007.33
840,418,27,8,4667.22
841,418,7,5,40740.54
842,419,22,9,12205.65
843,420,5,1,73433.39
844,420,1,2,85541.46
845,420,2,2,62396.12
846,421,4,2,38376.22
847,421,22,7,12838.78
848,421,12,6,29547.47
849,422,26,30,6380.27
850,422,9,2,23626.58
851,423,19,3,31152.8
852,424,4,1,37200.47
853,425,3,3,47481.46
854,426,22,8,12216.96
855,427,24,10,46633.09
856,427,12,2,29688.33
857,427,21,4,14901.71
858,428,1,2,84436.75
859,428,28,26,7709.95
860,429,28,9,7642.1
861,429,24,8,46437.2
862,429,17,3,206017.92
863,430,16,1,131896.2
864,431,2,1,62047.56
865,431,9,2,24317.93
866,432,1,3,84289.71
867,432,11,3,35648.31
868,433,11,2,35375.89
869,434,24,10,45374.71
870,434,11,5,36242.92
871,435,6,1,94743.23
872,435,23,6,9822.81
873,435,19,6,31678.6
874,436,7,4,42830.47
875,436,11,5,36155.3
876,437,26,19,6112.47
877,437,25,12,8585.9
878,438,3,1,48088.54
879,438,5,1,71554.95
880,438,7,3,42088.85
881,439,25,21,8687.96
882,439,24,6,46742.17
883,439,22,5,12525.57
884,440,1,1,87170.71
885,440,12,3,28438.39
886,440,19,8,31192.98
887,441,4,1,37086.77
888,441,30,13,14212.05
889,441,3,2,47026.16
890,442,2,2,60503.09
891,442,27,22,4855.17
892,443,2,1,63313.27
893,443,3,1,48802.55
894,443,21,4,14652.03
895,444,11,5,35925.04
896,444,6,3,93736.31
897,445,7,3,41184.52
898,446,9,6,23306.25
899,447,25,7,8327.77
900,447,11,6,36075.19
901,447,9,1,23769.86
902,448,22,3,12730.46
903,448,23,5,9604.5
904,449,23,3,10079.97
905,449,22,10,12703.13
906,449,12,3,28476.46
907,450,2,1,62263.89
908,451,15,3,173306.62
909,452,27,19,4680.54
910,452,30,21,14553.43
911,452,2,2,61978.96
912,453,21,3,15112.45
913,453,6,2,93552.41
914,453,10,3,17988.22
915,454,3,3,49336.54
916,455,22,4,12335.5
917,456,17,2,204646.41
918,456,9,4,23312.73
919,457,12,1,29642.94
920,457,29,24,11232.04
921,458,3,2,47476.74
922,458,6,1,95468.7
923,459,3,2,48983.43
924,460,19,10,32835.6
925,460,29,14,11268.17
926,460,20,8,28423.87
927,461,10,1,18675.27
928,462,20,3,27318.45
929,462,25,8,8699.62
930,463,9,4,24060.43
931,464,5,1,70194.28
932,464,6,3,97090.15
933,465,28,11,7602.94
934,465,6,3,95055.2
935,465,13,3,145199.88
936,466,12,2,28987.22
937,466,4,1,38258.23
938,467,5,2,71327.24
939,467,11,4,36887.21
940,468,5,1,72893.83
941,468,6,2,92158.28
942,469,8,6,66991.98
943,470,12,5,28338.76
944,471,6,1,93465.88
945,471,1,3,82818.22
946,471,8,3,69874.35
947,472,2,3,60552.08
948,472,22,3,12381.02
949,472,8,6,68603.69
950,473,27,18,4765.07
951,474,22,5,12768.32
952,474,4,2,37288.64
953,474,20,9,27981.37
954,475,9,1,23903.94
955,475,1,3,84789.61
956,476,1,2,83167.56
957,476,5,1,71884.37
958,477,4,2,37551.29
959,477,2,3,63353.51
960,477,28,13,7347.21
961,478,8,1,69146.51
962,479,8,5,68039.57
963,479,25,13,8612.83
964,479,7,3,42912.25
965,480,24,8,44676.03
966,480,7,2,43004.91
967,480,2,3,63604.7
968,481,11,2,36275.44
969,481,13,1,148990.01
970,481,12,4,29118.23
971,482,8,1,68949.09
972,483,21,6,15077.57
973,483,24,7,44885.21
974,483,8,2,67284.84
975,484,8,5,67320.39
976,484,5,1,72819.63
977,485,8,2,67635.8
978,486,4,3,39130.78
979,487,5,2,72943.62
980,488,20,7,27322.72
981,489,5,2,70359.6
982,489,6,2,97240.69
983,490,8,5,66444.62
984,491,23,5,9531.97
985,491,24,4,46434.14
986,492,22,5,12721.79
987,492,25,7,8501.89
988,492,5,2,69840.4
989,493,9,4,24081.05
990,493,6,1,97740.02
991,493,10,2,18136.0
992,494,1,3,83364.9
993,495,3,2,46736.47
994,496,2,1,60578.5
995,496,26,16,6247.29
996,497,28,9,7584.56
997,497,26,20,6154.65
998,498,11,2,36398.39
999,499,2,1,60412.35
1000,499,10,2,18721.65
1001,500,5,3,72237.59
1002,501,11,5,37046.32
1003,501,26,24,6212.22
1004,501,10,4,18136.07
1005,502,3,3,47176.74
1006,502,19,5,31819.17
1007,503,22,3,12781.04
1008,503,6,1,97284.74
1009,504,23,3,9835.32
1010,505,29,27,11156.82
1011,505,5,1,72168.59
1012,506,20,2,28014.14
1013,507,7,2,42098.29
1014,507,5,3,70244.08
1015,507,6,1,96870.23
1016,508,8,2,69235.71
1017,509,19,10,31323.82
1018,510,6,3,95266.34
1019,510,21,9,14698.17
1020,511,15,1,170097.61
1021,511,1,3,85973.51
1022,512,3,1,48741.77
1023,512,29,7,10724.54
1024,512,1,2,86446.61
1025,513,19,2,32420.91
1026,513,15,2,176807.87
1027,513,24,6,46696.98
1028,514,5,1,72433.5
1029,514,10,3,18490.16
1030,515,3,3,48350.37
1031,516,10,1,18507.93
1032,517,5,1,69852.08
1033,517,2,2,61424.71
1034,518,6,3,93717.95
1035,518,4,3,37140.31
1036,519,3,3,47216.19
1037,519,12,1,28767.21
1038,520,22,2,12539.41
1039,521,19,8,31439.2
1040,522,23,10,9776.49
1041,522,7,5,42702.11
1042,523,1,1,83815.83
1043,523,2,2,61080.47
1044,523,11,5,36515.17
1045,524,21,4,15042.73
1046,524,8,5,66750.93
1047,525,23,3,9741.03
1048,525,6,1,92956.56
1049,525,12,3,29393.22
1050,526,12,6,29401.16
1051,526,8,1,66950.28
1052,526,9,3,24320.04
1053,527,7,3,43161.15
1054,527,4,1,38734.24
1055,527,5,1,71372.2
1056,528,19,4,31814.3
1057,528,6,2,94087.61
1058,529,2,3,60226.54
1059,529,5,2,71616.35
1060,529,4,3,38172.62
1061,530,7,2,42581.57
1062,530,12,6,29001.69
1063,530,3,2,48649.42
1064,531,12,1,29302.2
1065,532,6,3,92477.88
1066,532,26,11,6354.93
1067,533,15,1,178449.52
1068,534,12,1,28816.81
1069,534,2,1,60475.01
1070,535,11,4,36477.9
1071,535,23,2,9862.6
1072,535,5,1,72565.37
1073,536,8,4,68587.64
1074,537,4,1,38509.26
1075,538,29,29,11003.23
1076,539,13,2,149008.44
1077,539,29,28,11240.25
1078,540,2,1,63191.7
1079,541,9,4,23441.3
1080,542,29,5,10831.29
1081,543,12,6,28995.39
1082,543,23,3,10070.7
1083,544,29,26,10811.04
1084,544,9,2,24555.67
1085,545,7,1,42934.52
1086,546,21,3,15035.31
1087,546,4,3,37948.35
1088,546,29,9,11169.3
1089,547,6,1,97517.12
1090,547,23,4,9549.22
1091,548,3,2,46781.02
1092,548,1,3,86254.68
1093,549,5,3,71599.31
1094,549,21,2,15250.22
1095,549,10,4,18420.82
1096,550,6,1,92814.12
1097,550,1,1,87263.62
1098,550,25,21,8696.32
1099,551,11,1,36687.25
1100,551,22,4,12638.68
1101,552,12,2,28303.91
1102,553,21,7,14870.22
1103,554,8,4,68293.93
1104,554,11,4,36568.19
1105,555,29,11,11319.39
1106,555,27,28,4933.38
1107,555,3,3,46574.28
1108,556,14,2,116572.96
1109,556,12,5,29411.79
1110,556,10,1,18180.28
1111,557,12,1,28222.92
1112,557,22,2,12579.26
1113,557,3,3,48232.83
1114,558,27,23,4708.35
1115,559,22,6,12562.17
1116,560,11,6,36157.22
1117,561,11,5,36665.43
1118,561,30,14,14787.35
1119,561,23,9,9558.72
1120,562,5,2,72342.49
1121,562,23,5,9592.4
1122,562,9,1,24392.11
1123,563,8,2,69593.4
1124,563,2,2,63043.56
1125,564,11,1,35800.89
1126,564,23,9,9597.14
1127,565,4,1,38323.61
1128,565,2,2,62229.37
1129,565,14,3,118755.66
1130,566,23,7,9888.31
1131,566,29,9,11103.79
1132,567,21,2,15357.53
1133,567,18,1,78196.09
1134,567,29,24,10956.54
1135,568,8,4,68369.29
1136,569,8,4,68656.55
1137,569,5,2,72314.99
1138,570,7,2,40777.63
1139,570,11,1,36371.55
1140,571,26,30,6210.6
1141,571,7,3,42865.14
1142,571,22,10,12236.71
1143,572,21,10,14794.71
1144,572,25,10,8488.99
1145,572,1,3,86796.26
1146,573,22,3,12873.83
1147,573,4,3,37320.69
1148,574,23,7,9990.25
1149,575,1,2,85141.84
1150,576,19,6,32249.34
1151,576,6,2,92459.64
1152,576,8,6,68088.98
1153,577,30,18,14610.47
1154,577,3,1,48396.01
1155,577,5,2,71752.44
1156,578,7,6,43116.19
1157,578,30,17,14728.78
1158,579,23,4,9708.6
1159,579,7,6,42938.57
1160,580,22,8,12817.32
1161,580,17,3,215449.31
1162,580,3,1,47704.16
1163,581,21,3,15423.27
1164,581,4,1,37063.35
1165,581,3,2,48618.97
1166,582,4,1,37925.2
1167,583,8,2,68726.37
1168,584,19,8,31256.23
1169,585,5,3,71212.71
1170,585,11,5,37029.1
1171,586,2,2,60416.53
1172,586,21,6,14788.14
1173,587,20,7,27240.28
1174,588,1,1,84648.91
1175,588,2,1,61820.47
1176,589,1,2,84849.03
1177,589,3,2,48693.84
1178,589,11,2,36896.77
1179,590,2,3,60483.24
1180,591,29,22,11216.03
1181,591,2,2,62072.26
1182,592,5,2,73013.25
1183,592,12,6,29185.3
1184,593,20,10,27568.29
1185,594,26,22,6267.53
1186,595,9,2,24104.29
1187,595,7,4,42719.73
1188,596,12,4,28830.84
1189,596,25,19,8488.94
1190,596,4,1,38912.71
1191,597,20,2,27773.34
1192,597,5,1,70204.4
1193,597,26,12,6248.05
1194,598,19,8,32343.19
1195,598,20,7,28065.65
1196,599,30,13,14417.29
1197,599,1,3,85771.64
1198,600,5,1,71254.34
1199,601,17,1,210724.83
1200,601,12,3,28539.28
1201,602,21,10,15331.27
1202,602,14,1,120484.18
1203,602,24,5,46447.99
1204,603,12,5,29377.15
1205,603,3,3,46934.37
1206,603,27,28,4831.6
1207,604,24,3,45402.64
1208,604,11,5,35909.03
1209,604,25,27,8578.96
1210,605,8,2,69612.4
1211,606,10,2,18543.59
1212,606,14,1,121072.04
1213,607,1,3,82773.75
1214,607,22,9,12582.82
1215,608,8,5,68304.34
1216,608,11,6,36746.3
1217,609,11,2,35986.84
1218,610,6,3,93964.05
1219,610,10,6,18151.72
1220,610,20,7,27247.14
1221,611,30,16,14722.34
1222,611,12,5,28707.47
1223,612,7,6,41054.56
1224,612,5,1,73202.6
1225,613,27,13,4708.58
1226,613,10,5,18382.41
1227,614,11,3,35321.09
1228,615,20,10,28402.13
1229,616,20,5,28077.59
1230,616,29,8,10894.52
1231,617,6,3,97371.18
1232,618,9,6,24704.71
1233,619,3,2,47042.92
1234,619,10,5,18191.03
1235,620,5,3,73216.87
1236,620,8,5,66393.34
1237,620,21,7,14573.09
1238,621,9,4,24647.39
1239,621,7,5,41547.51
1240,621,11,3,35404.29
1241,622,11,1,36815.94
1242,623,25,8,8711.08
1243,623,8,1,66772.52
1244,623,28,23,7381.21
1245,624,3,1,47696.25
1246,625,10,1,18307.71
1247,626,2,3,60785.46
1248,626,20,8,27959.44
1249,627,4,2,38801.56
1250,627,6,2,97580.56
1251,627,1,2,87296.97
1252,628,3,1,47875.1
1253,629,7,6,42231.17
1254,629,8,5,68948.61
1255,629,4,1,37479.44
1256,630,5,3,72249.72
1257,631,8,3,68234.22
1258,631,28,18,7301.27
1259,632,29,21,10944.24
1260,632,23,9,9670.37
1261,633,6,2,95058.19
1262,634,27,22,4838.07
1263,634,22,7,12722.45
1264,634,12,5,28631.18
1265,635,5,1,74020.18
1266,635,28,15,7286.43
1267,635,25,6,8266.87
1268,636,8,5,68601.15
1269,636,2,1,62530.66
1270,637,21,3,14737.51
1271,638,7,5,41254.31
1272,638,23,4,9907.01
1273,639,11,5,36252.52
1274,639,12,6,28983.7
1275,640,18,1,75649.21
1276,640,28,28,7702.26
1277,641,12,1,28355.74
1278,641,30,27,14210.91
1279,641,8,1,68105.38
1280,642,19,4,31405.61
1281,643,5,1,73635.83
1282,644,3,3,46826.7
1283,644,7,1,42049.37
1284,644,11,2,35360.55
1285,645,7,5,41155.95
1286,645,12,6,28281.54
1287,645,9,3,23971.31
1288,646,3,3,48367.88
1289,646,10,2,18902.64
1290,647,11,1,36023.6
1291,648,22,10,12305.82
1292,648,1,3,86882.05
1293,648,19,9,31377.05
1294,649,20,9,28482.52
1295,649,24,4,47260.47
1296,650,8,2,68312.72
1297,651,26,28,6167.24
1298,651,1,3,84628.21
1299,651,11,1,36303.17
1300,652,8,2,69618.56
1301,653,24,5,46798.61
1302,653,29,11,10881.33
1303,654,1,2,86146.41
1304,654,12,4,28510.83
1305,655,1,3,84146.38
1306,655,29,30,11299.03
1307,656,24,3,45118.07
1308,656,11,4,34925.81
1309,657,1,1,82732.73
1310,657,6,2,96480.55
1311,657,30,8,14251.39
1312,658,27,9,4822.92
1313,658,11,2,35202.24
1314,658,6,1,92917.88
1315,659,12,1,29083.48
1316,659,1,2,86331.08
1317,660,24,9,46051.4
1318,660,11,4,35674.52
1319,661,24,7,46461.88
1320,662,6,3,94397.77
1321,662,1,1,82538.42
1322,663,4,3,37046.98
1323,663,11,3,35156.48
1324,664,8,2,69517.79
1325,665,25,5,8642.26
1326,665,20,7,28275.53
1327,665,2,2,61171.13
1328,666,7,5,42814.59
1329,666,29,18,11324.84
1330,666,6,3,94999.23
1331,667,14,2,114802.79
1332,667,2,1,60910.95
1333,667,5,2,71855.51
1334,668,1,3,86384.02
1335,668,19,3,31774.56
1336,668,3,1,46908.36
1337,669,2,3,61415.73
1338,669,23,9,10054.25
1339,669,6,3,96309.18
1340,670,2,2,61554.66
1341,671,12,2,28922.3
1342,672,29,8,10768.76
1343,672,20,3,27311.37
1344,672,5,3,71545.47
1345,673,3,1,48220.12
1346,673,8,2,68393.0
1347,673,7,5,41228.01
1348,674,15,3,173745.2
1349,674,24,2,46842.8
1350,675,23,7,9581.38
1351,676,7,1,41316.74
1352,676,9,3,23554.69
1353,676,29,15,11026.16
1354,677,8,2,69413.08
1355,677,1,3,86420.46
1356,678,4,1,37823.21
1357,679,22,5,12543.15
1358,679,2,3,62444.26
1359,680,19,8,31858.3
1360,680,10,2,18089.29
1361,681,7,3,41544.98
1362,681,14,3,118932.68
1363,682,6,2,92334.58
1364,683,5,2,73762.48
1365,684,17,3,209388.57
1366,684,9,5,23373.43
1367,685,9,3,23690.46
1368,685,26,13,6192.4
1369,686,3,2,47810.45
1370,687,1,1,86516.02
1371,688,2,1,63138.68
1372,688,22,10,12297.39
1373,688,9,1,23984.14
1374,689,11,1,36036.4
1375,689,30,16,14454.55
1376,690,12,1,29825.11
1377,691,1,1,85042.65
1378,691,7,2,40875.79
1379,691,21,3,15421.9
1380,692,11,3,35982.79
1381,692,4,1,37120.39
1382,693,5,2,70625.06
1383,694,30,16,14453.73
1384,694,23,6,9797.75
1385,694,5,1,71281.85
1386,695,26,24,6163.76
1387,695,29,13,11223.3
1388,695,30,9,14133.67
1389,696,2,1,62742.06
1390,696,7,1,43209.15
1391,696,11,1,35590.9
1392,697,19,3,32566.6
1393,697,5,2,72719.44
1394,698,25,5,8627.0
1395,699,11,5,35066.76
1396,699,24,6,46204.71
1397,700,6,1,93955.0
1398,700,3,3,48313.49
1399,701,27,25,4895.08
1400,702,28,30,7547.75
1401,702,18,1,76675.0
1402,703,10,6,18078.51
1403,704,11,6,35552.05
1404,704,10,1,18109.77
1405,705,1,2,84897.45
1406,705,3,1,48755.12
1407,706,6,3,97662.13
1408,706,23,6,9848.72
1409,707,16,1,128570.61
1410,708,4,3,37178.21
1411,708,1,3,84799.78
1412,709,25,7,8454.48
1413,709,26,25,6312.81
1414,709,19,10,32851.93
1415,710,6,3,96430.28
1416,711,11,5,35888.93
1417,711,1,1,87427.66
1418,711,18,3,76016.64
1419,712,18,3,73859.24
1420,712,25,22,8718.32
1421,712,28,22,7337.21
1422,713,9,5,24018.93
1423,714,10,5,18359.92
1424,715,7,1,41393.94
1425,716,9,4,24239.88
1426,717,28,23,7313.31
1427,718,12,6,28276.22
1428,718,4,3,38723.08
1429,718,2,3,62633.93
1430,719,26,19,6284.15
1431,719,12,4,29286.38
1432,719,1,3,84258.67
1433,720,1,3,84609.97
1434,720,7,4,43006.96
1435,720,20,9,27637.32
1436,721,8,3,68909.29
1437,721,11,5,36643.39
1438,721,30,25,14411.4
1439,722,23,8,9918.78
1440,722,5,2,71497.72
1441,723,23,8,9521.07
1442,724,8,1,67771.3
1443,724,3,1,47671.49
1444,725,15,3,177730.52
1445,726,11,5,35190.12
1446,726,12,2,28592.7
1447,726,8,5,66127.64
1448,727,3,2,47941.03
1449,727,17,2,211284.48
1450,728,11,1,35112.63
1451,729,1,3,87019.9
1452,730,6,3,95798.55
1453,730,2,3,61655.45
1454,730,5,3,71600.97
1455,731,8,1,69706.87
1456,732,7,4,41577.78
1457,732,25,10,8428.76
1458,733,22,4,12321.64
1459,733,23,7,9888.37
1460,734,21,2,15258.93
1461,735,7,4,42644.13
1462,735,8,5,66477.25
1463,736,11,5,36281.85
1464,736,7,4,41903.55
1465,737,3,1,47835.41
1466,737,7,2,42856.13
1467,737,22,8,12835.39
1468,738,12,5,29204.29
1469,738,30,23,14409.37
1470,738,22,6,12822.73
1471,739,12,1,28699.55
1472,739,9,6,23350.99
1473,740,24,4,44781.7
1474,741,21,5,15177.29
1475,741,12,1,28741.19
1476,741,1,2,85932.11
1477,742,5,3,73091.69
1478,743,26,18,6130.95
1479,743,12,6,28348.83
1480,743,9,3,23816.24
1481,744,7,1,40802.43
1482,745,21,4,14818.84
1483,745,15,1,170243.06
1484,745,28,26,7664.33
1485,746,29,18,10954.68
1486,746,9,4,23657.47
1487,746,3,2,47779.94
1488,747,10,3,18541.64
1489,747,4,2,38611.05
1490,748,5,3,69964.81
1491,749,3,2,48860.92
1492,750,24,4,46746.37
1493,750,9,1,23436.09
1494,751,11,3,35414.43
1495,751,6,3,94575.33
1496,751,25,10,8322.6
1497,752,16,2,135677.53
1498,753,22,6,12425.93
1499,753,24,3,45696.8
1500,754,3,3,49392.46
1501,755,11,3,36072.16
1502,756,19,2,32500.15
1503,756,13,1,144778.89
1504,756,10,4,18734.17
1505,757,1,1,85396.98
1506,757,27,19,4924.05
1507,757,28,19,7335.71
1508,758,9,2,24199.58
1509,758,8,6,66412.5
1510,758,2,3,61074.57
1511,759,22,7,12295.98
1512,759,11,6,35753.48
1513,759,19,9,32103.89
1514,760,3,3,47063.51
1515,760,6,3,96431.72
1516,760,9,3,24427.56
1517,761,6,2,93600.45
1518,761,21,9,14854.69
1519,762,25,8,8316.37
1520,763,6,2,93777.16
1521,764,24,9,46502.79
1522,764,19,9,31881.71
1523,764,21,5,15148.05
1524,765,24,4,45970.43
1525,765,5,3,71479.47
1526,765,1,2,84253.51
1527,766,19,3,32204.94
1528,767,13,2,143511.88
1529,767,19,8,32209.05
1530,768,11,5,36712.25
1531,769,20,7,28584.25
1532,769,25,6,8682.5
1533,770,24,3,46040.58
1534,770,22,9,12480.63
1535,770,1,2,84211.24
1536,771,3,3,49311.87
1537,772,1,3,83522.36
1538,772,9,6,23374.98
1539,773,22,10,12205.36
1540,773,21,5,15129.28
1541,773,5,2,73988.69
1542,774,23,8,9978.7
1543,774,10,5,18530.74
1544,774,24,2,45464.77
1545,775,12,2,29587.27
1546,775,4,3,37173.57
1547,776,1,3,87481.13
1548,776,10,6,18225.42
1549,777,2,3,62553.15
1550,777,8,5,66920.7
1551,778,20,3,28815.36
1552,778,23,2,9736.44
1553,778,29,11,11319.05
1554,779,25,27,8539.82
1555,779,27,9,4690.88
1556,779,26,10,6099.57
1557,780,6,3,94349.86
1558,781,7,1,42019.97
1559,781,24,10,47157.96
1560,782,10,1,17957.44
1561,782,3,1,47633.29
1562,782,21,2,15375.54
1563,783,27,15,4843.16
1564,784,29,21,11168.38
1565,784,21,8,15254.73
1566,784,24,4,45158.17
1567,785,11,3,36717.24
1568,785,19,2,31421.23
1569,786,10,2,17948.89
1570,787,30,23,14394.89
1571,787,27,5,4916.05
1572,788,12,4,28864.42
1573,789,6,2,97372.0
1574,790,30,7,14677.55
1575,790,26,14,6014.59
1576,791,7,4,42287.58
1577,791,29,13,11179.8
1578,792,5,1,71426.67
1579,792,8,4,67672.34
1580,793,2,2,62127.58
1581,794,10,2,18376.14
1582,794,7,5,41329.88
1583,794,8,4,68118.89
1584,795,22,3,12398.06
1585,795,11,4,35310.12
1586,795,7,5,41885.27
1587,796,5,1,70386.5
1588,796,26,18,6341.8
1589,797,12,5,29134.52
1590,797,26,17,6019.47
1591,798,7,5,41668.73
1592,799,28,16,7426.03
1593,800,13,2,144883.92
1594,800,1,3,86264.56
1595,801,5,1,73227.13
1596,801,6,1,93747.89
1597,802,22,4,12451.81
1598,802,2,3,63648.05
1599,802,11,1,35890.44
1600,803,27,28,4866.65
1601,803,2,1,63202.7
1602,803,9,3,23979.99
1603,804,11,2,34926.23
1604,805,3,2,48951.85
1605,805,19,2,31161.67
1606,805,12,3,28843.42
1607,806,8,2,67096.06
1608,807,17,1,215286.23
1609,807,24,6,44633.96
1610,808,12,5,28448.02
1611,809,4,1,37065.4
1612,809,13,2,148841.9
1613,809,9,1,23973.32
1614,810,23,2,9559.78
1615,811,7,5,41188.56
1616,811,8,6,66311.59
1617,811,1,3,86938.57
1618,812,10,1,18856.11
1619,812,1,1,84808.11
1620,812,29,15,11119.12
1621,813,15,3,178464.76
1622,814,5,3,73232.1
1623,814,9,6,23701.97
1624,814,26,30,6225.11
1625,815,11,5,35380.81
1626,815,27,9,4827.41
1627,816,13,2,147926.09
1628,816,5,3,72063.38
1629,817,14,2,120201.43
1630,818,6,1,92352.47
1631,819,3,3,48472.28
1632,819,12,2,28249.57
1633,820,6,2,94645.75
1634,820,8,3,69515.14
1635,821,7,4,42912.35
1636,822,12,4,28909.18
1637,822,8,6,70025.54
1638,822,29,21,10798.85
1639,823,15,1,173767.56
1640,823,16,2,135286.84
1641,824,3,1,47843.09
1642,824,9,6,23352.17
1643,824,12,3,28743.24
1644,825,14,1,118457.16
1645,825,19,2,32078.42
1646,826,27,8,4668.24
1647,826,21,2,15149.47
1648,827,2,1,63677.88
1649,827,16,3,135495.92
1650,827,1,1,84125.52
1651,828,22,8,12165.49
1652,828,20,2,27842.29
1653,829,8,3,69295.7
1654,829,30,7,14658.85
1655,829,13,3,141826.53
1656,830,29,16,11245.47
1657,830,2,2,62965.51
1658,831,25,15,8301.61
1659,831,6,1,97317.08
1660,831,12,6,29324.32
1661,832,11,3,34989.1
1662,832,4,1,38604.17
1663,833,2,2,62353.25
1664,833,4,3,38554.41
1665,833,24,2,47141.14
1666,834,19,2,31058.67
1667,834,12,5,28506.24
1668,834,7,2,42478.87
1669,835,3,2,46923.04
1670,835,2,2,60309.66
1671,835,21,3,14614.81
1672,836,19,5,32941.73
1673,836,11,5,36846.52
1674,837,8,3,68758.98
1675,837,7,3,41717.56
1676,837,4,2,38158.22
1677,838,1,2,85363.08
1678,838,29,6,10718.63
1679,838,10,4,18236.67
1680,839,28,21,7395.18
1681,839,24,5,46447.71
1682,839,9,3,24116.72
1683,840,25,5,8445.24
1684,840,8,3,67298.61
1685,841,3,1,46769.89
1686,842,15,2,171115.08
1687,843,1,2,85189.92
1688,843,2,3,60834.78
1689,844,20,5,28485.99
1690,844,7,1,40778.39
1691,844,24,2,46395.1
1692,845,25,16,8369.59
1693,845,23,10,10043.15
1694,846,1,1,86970.63
1695,846,5,2,71758.39
1696,846,23,2,9671.57
1697,847,10,3,18782.2
1698,847,17,3,209384.46
1699,847,26,7,6077.61
1700,848,10,3,18130.91
1701,848,2,2,62636.26
1702,848,25,27,8317.15
1703,849,8,1,67003.8
1704,849,13,3,145833.79
1705,850,25,7,8653.59
1706,851,5,1,70621.63
1707,852,20,3,28247.02
1708,852,21,3,14867.31
1709,853,23,9,9931.0
1710,853,24,3,45817.11
1711,853,22,5,12526.65
1712,854,7,6,42223.12
1713,854,11,6,37021.27
1714,855,19,8,32107.54
1715,856,21,5,14980.88
1716,857,20,3,28079.78
1717,857,8,5,69667.15
1718,857,9,5,23677.6
1719,858,30,8,14931.02
1720,858,6,2,93076.33
1721,859,2,3,61235.71
1722,860,20,4,28272.98
1723,861,1,2,83871.6
1724,862,24,4,47171.77
1725,862,30,8,14122.45
1726,863,12,2,29349.92
1727,863,24,2,44972.12
1728,864,1,2,87229.23
1729,864,20,4,27379.38
1730,864,9,2,24281.45
1731,865,6,1,92386.14
1732,866,10,3,18928.83
1733,867,2,1,62677.72
1734,867,27,27,4884.4
1735,868,28,19,7481.82
1736,869,25,24,8519.01
1737,869,1,3,82566.88
1738,870,13,2,146588.94
1739,871,13,2,143247.28
1740,871,25,10,8541.84
1741,871,15,1,179663.18
1742,872,6,3,96830.71
1743,873,22,4,12238.13
1744,874,26,8,6170.17
1745,875,9,4,24082.34
1746,876,16,2,131687.2
1747,876,19,8,31489.03
1748,877,25,23,8506.19
1749,877,9,1,23716.6
1750,878,21,6,15140.42
1751,878,10,4,19032.46
1752,879,8,6,66876.86
1753,879,7,3,42371.0
1754,879,12,2,28355.29
1755,880,10,1,18043.19
1756,881,4,3,37173.38
1757,882,12,5,29340.04
1758,882,2,1,62666.54
1759,882,30,6,14529.41
1760,883,29,26,11077.68
1761,883,22,4,12604.6
1762,884,12,1,29274.95
1763,884,10,3,18189.87
1764,884,8,2,68898.27
1765,885,26,16,6262.02
1766,885,8,2,66961.73
1767,886,25,30,8596.66
1768,887,3,3,48083.53
1769,888,6,2,94257.83
1770,888,12,4,29724.08
1771,889,22,7,12722.05
1772,889,12,6,29517.63
1773,889,6,2,97547.84
1774,890,16,2,132509.4
1775,890,15,2,173809.92
1776,891,11,4,36998.51
1777,891,2,2,60610.48
1778,891,4,2,36910.45
1779,892,29,15,11280.69
1780,892,27,21,4681.21
1781,892,10,5,18103.28
1782,893,10,3,18882.11
1783,893,2,1,61825.91
1784,894,3,3,48254.88
1785,894,2,2,60595.85
1786,895,6,2,95858.79
1787,895,8,2,69799.11
1788,896,9,3,23587.43
1789,897,10,2,18675.14
1790,898,6,1,92320.93
1791,898,24,3,45988.08
1792,899,26,9,6360.67
1793,899,6,3,94695.81
1794,899,30,13,14341.95
1795,900,12,3,29416.08
1796,901,11,4,35481.09
1797,902,24,9,44754.16
1798,902,12,2,29643.27
1799,902,30,5,14666.61
1800,903,24,4,45234.28
1801,903,10,2,18585.81
1802,904,22,5,12271.23
1803,904,3,1,48419.63
1804,905,30,27,14375.69
1805,906,29,7,10686.23
1806,907,11,6,37045.62
1807,907,2,2,63325.57
1808,908,19,6,31397.71
1809,909,20,3,27874.71
1810,909,21,3,15242.32
1811,910,23,3,9796.69
1812,911,26,8,6087.7
1813,912,12,2,29031.49
1814,912,7,5,42365.09
1815,912,11,2,35662.97
1816,913,11,3,36706.85
1817,913,30,11,14856.3
1818,913,2,3,62718.8
1819,914,5,1,73700.44
1820,914,20,2,27642.71
1821,915,20,7,27538.84
1822,915,4,1,38016.59
1823,916,7,1,42129.09
1824,917,2,2,62398.54
1825,917,19,10,32589.3
1826,918,7,1,41978.31
1827,919,9,6,24497.26
1828,920,5,3,72260.15
1829,920,18,1,78114.28
1830,920,12,4,29736.09
1831,921,9,4,23969.01
1832,921,10,2,18106.11
1833,922,14,1,121202.17
1834,923,12,1,29442.62
1835,923,2,2,62223.99
1836,923,24,4,46599.9
1837,924,18,1,74534.59
1838,924,16,1,131026.05
1839,924,29,15,10809.3
1840,925,4,1,38759.5
1841,925,24,9,47006.0
1842,925,1,3,82732.65
1843,926,22,6,12203.41
1844,926,4,3,37578.78
1845,927,25,25,8531.46
1846,927,6,1,93402.58
1847,927,10,6,18008.64
1848,928,20,9,28263.51
1849,928,9,6,23678.66
1850,929,3,2,48197.79
1851,929,24,3,45636.47
1852,930,15,1,170563.68
1853,930,24,7,45530.66
1854,931,6,1,95434.52
1855,931,8,5,67269.85
1856,932,8,1,67906.81
1857,932,2,1,61083.47
1858,932,9,6,23301.47
1859,933,28,8,7336.18
1860,933,20,6,27283.13
1861,933,2,3,61739.59
1862,934,11,5,36318.1
1863,934,12,5,28955.75
1864,934,4,2,38896.49
1865,935,5,1,70409.6
1866,936,7,4,43157.04
1867,936,23,10,9871.52
1868,936,22,7,12302.92
1869,937,30,26,14562.35
1870,937,27,11,4689.2
1871,937,4,2,37563.99
1872,938,18,3,77302.51
1873,939,8,1,66550.51
1874,939,5,1,71360.52
1875,939,3,2,48885.76
1876,940,17,3,209446.79
1877,940,28,5,7594.93
1878,941,5,2,71549.18
1879,942,10,4,18390.01
1880,942,12,4,29736.64
1881,943,8,4,69593.35
1882,944,19,6,32687.17
1883,944,4,1,37664.85
1884,945,2,1,62330.57
1885,945,9,5,23894.34
1886,945,5,2,70181.62
1887,946,9,2,24099.81
1888,946,10,2,18000.0
1889,946,12,6,28143.85
1890,947,8,5,66617.3
1891,947,9,4,23711.58
1892,948,29,14,11274.67
1893,949,29,29,10891.36
1894,949,9,4,24226.74
1895,949,3,2,49079.02
1896,950,21,6,15257.01
1897,950,22,3,12421.64
1898,951,11,2,36720.97
1899,951,27,13,4822.56
1900,951,5,2,73628.96
1901,952,6,3,96137.77
1902,952,2,1,62347.15
1903,953,11,6,35950.38
1904,953,29,26,11209.6
1905,953,23,6,9564.66
1906,954,1,3,84722.27
1907,955,19,9,32502.43
1908,956,11,3,35336.27
1909,956,22,7,12377.51
1910,957,2,1,61049.29
1911,957,4,3,37846.87
1912,957,7,2,42563.31
1913,958,7,2,43001.04
1914,959,1,1,86192.58
1915,959,10,3,18531.93
1916,960,9,5,23765.83
1917,960,22,2,12541.53
1918,960,7,5,42275.9
1919,961,3,3,47419.23
1920,962,22,8,12290.97
1921,962,5,3,71442.66
1922,963,2,1,63223.19
1923,964,30,9,14094.13
1924,965,4,2,37277.49
1925,966,1,1,83986.41
1926,966,24,8,46012.24
1927,967,24,8,46776.75
1928,967,7,1,42131.47
1929,967,30,15,14683.36
1930,968,9,4,24364.7
1931,969,6,1,95835.81
1932,970,9,1,23950.78
1933,970,1,2,83509.98
1934,971,2,3,63093.45
1935,971,25,10,8327.61
1936,972,21,8,14901.76
1937,972,3,3,49071.77
1938,972,26,11,6088.79
1939,973,17,1,203817.42
1940,973,3,2,48212.02
1941,973,2,1,60994.57
1942,974,4,2,37865.42
1943,975,24,8,46781.94
1944,975,7,4,42896.88
1945,975,4,3,38250.71
1946,976,6,1,93139.3
1947,976,20,2,27291.45
1948,977,30,23,14548.83
1949,978,26,12,6024.8
1950,978,2,1,60612.65
1951,979,11,6,36641.87
1952,979,25,7,8476.65
1953,980,18,1,75054.59
1954,981,6,2,97372.86
1955,981,5,2,72992.08
1956,982,28,25,7561.23
1957,983,9,4,23432.45
1958,983,23,4,10050.29
1959,984,12,5,28525.66
1960,985,6,2,95734.86
1961,985,7,2,41131.99
1962,986,5,3,71322.81
1963,986,11,3,36459.24
1964,986,30,28,14193.27
1965,987,12,2,28915.38
1966,988,19,4,31202.31
1967,989,4,3,36955.68
1968,990,12,5,28853.72
1969,990,29,6,11111.94
1970,990,25,19,8681.08
1971,991,1,3,87205.92
1972,991,9,1,24126.37
1973,992,24,7,45111.84
1974,992,7,4,40997.1
1975,992,4,2,38566.44
1976,993,4,1,37232.89
1977,994,26,9,6056.03
1978,994,6,2,96055.07
1979,995,12,4,29609.0
1980,995,2,3,62877.7
1981,996,8,2,69942.74
1982,996,4,1,37554.79
1983,996,28,21,7544.65
1984,997,4,1,38694.12
1985,997,3,3,48527.38
1986,998,19,7,31403.78
1987,998,23,6,9872.86
1988,998,28,18,7560.6
1989,999,5,3,71207.42
1990,1000,4,2,37941.1
1991,1001,3,3,47002.4
1992,1002,4,2,38097.44
1993,1002,6,1,92308.33
1994,1003,8,2,68377.52
1995,1003,3,2,47188.89
1996,1004,9,6,24289.63
1997,1005,2,2,62626.36
1998,1005,30,18,14214.95
1999,1006,24,4,44737.98
2000,1006,9,6,23653.26
2001,1006,12,3,28298.95
2002,1007,20,10,28437.28
2003,1008,5,3,73519.2
2004,1009,20,3,28535.79
2005,1010,2,1,63673.1
2006,1011,21,6,15010.23
2007,1012,23,4,10017.4
2008,1013,10,4,18275.73
2009,1013,5,1,72133.22
2010,1013,6,1,94369.94
2011,1014,24,2,44737.52
2012,1014,11,5,36897.62
2013,1015,11,4,35448.23
2014,1015,9,6,24662.06
2015,1016,10,6,18289.98
2016,1016,23,8,9931.84
2017,1016,6,1,92787.22
2018,1017,22,4,12259.28
2019,1018,3,3,46744.22
2020,1019,3,3,47184.84
2021,1019,15,3,174848.77
2022,1020,29,29,11238.84
2023,1020,25,20,8684.98
2024,1020,10,5,18621.45
2025,1021,6,3,92700.25
2026,1021,2,1,62875.52
2027,1021,3,2,47776.08
2028,1022,24,4,46569.2
2029,1023,2,3,60740.01
2030,1024,4,1,38850.37
2031,1024,1,2,86579.03
2032,1025,5,1,72215.28
2033,1025,3,3,48544.64
2034,1026,29,10,11105.59
2035,1026,11,1,35048.83
2036,1027,10,2,18858.12
2037,1027,20,5,27457.88
2038,1028,14,3,118774.65
2039,1028,8,2,69283.39
2040,1028,7,5,41587.28
2041,1029,29,30,11165.03
2042,1030,4,1,37425.06
2043,1030,7,1,43192.33
2044,1031,5,1,70708.86
2045,1032,20,3,28290.69
2046,1033,20,7,28668.16
2047,1033,11,6,36769.26
2048,1033,9,6,24630.57
2049,1034,25,17,8730.86
2050,1034,10,1,18667.21
2051,1034,9,5,23520.55
2052,1035,29,21,10736.3
2053,1035,21,5,15243.29
2054,1035,23,9,10068.44
2055,1036,11,6,35159.05
2056,1037,11,6,35453.41
2057,1037,21,9,14710.38
2058,1037,20,8,27793.14
2059,1038,16,3,131085.02
2060,1038,3,3,48948.77
2061,1038,5,1,71170.77
2062,1039,8,3,67290.69
2063,1039,24,8,46354.04
2064,1039,4,3,37539.12
2065,1040,11,1,35881.31
2066,1041,11,4,35833.79
2067,1041,15,1,177776.93
2068,1041,10,4,17968.97
2069,1042,11,4,35583.11
2070,1043,11,3,36400.86
2071,1043,27,17,4735.43
2072,1043,14,3,120138.04
2073,1044,4,1,37518.86
2074,1044,12,3,28488.89
2075,1045,11,1,37074.04
2076,1045,5,3,69960.76
2077,1045,1,3,83299.99
2078,1046,10,1,18307.6
2079,1046,1,1,84482.21
2080,1046,13,2,144131.87
2081,1047,19,2,32652.55
2082,1047,5,2,71389.02
2083,1047,2,1,62209.37
2084,1048,8,6,69242.35
2085,1048,10,6,18849.43
2086,1048,12,3,29580.13
2087,1049,17,2,208941.52
2088,1049,25,9,8716.98
2089,1049,9,1,23348.03
2090,1050,3,3,47684.29
2091,1051,11,5,35688.72
2092,1051,3,2,47403.22
2093,1051,12,2,29566.31
2094,1052,21,8,14953.94
2095,1052,4,3,38939.97
2096,1052,24,9,45067.11
2097,1053,25,8,8566.82
2098,1053,3,3,46913.88
2099,1053,4,2,39025.3
2100,1054,5,1,71539.46
2101,1054,3,2,48168.84
2102,1055,27,10,4742.65
2103,1055,2,1,60574.6
2104,1056,22,9,12227.7
2105,1056,26,10,6363.29
2106,1057,1,2,83653.15
2107,1058,21,9,15263.82
2108,1058,3,2,49154.21
2109,1058,9,6,24411.07
2110,1059,11,4,35624.72
2111,1059,2,3,60977.83
2112,1060,7,2,41464.42
2113,1061,7,2,42507.82
2114,1061,29,6,10672.19
2115,1061,2,3,60827.59
2116,1062,25,27,8642.36
2117,1063,30,9,14615.98
2118,1064,10,3,18540.04
2119,1064,8,5,67373.74
2120,1065,21,10,14842.25
2121,1065,6,2,93120.77
2122,1066,3,1,47729.51
2123,1066,15,2,173616.56
2124,1067,7,3,43048.92
2125,1068,25,16,8402.34
2126,1068,4,2,37560.54
2127,1068,9,6,23589.35
2128,1069,5,3,73051.27
2129,1070,4,1,37672.61
2130,1070,11,4,35350.79
2131,1070,6,1,92358.89
2132,1071,11,1,35400.05
2133,1072,10,1,18914.97
2134,1073,20,10,28702.99
2135,1074,7,5,41935.57
2136,1075,29,7,10902.73
2137,1075,5,2,70688.01
2138,1075,6,2,93198.54
2139,1076,2,1,61796.03
2140,1076,9,6,23586.3
2141,1076,8,4,69273.64
2142,1077,5,3,73570.22
2143,1077,12,4,28457.11
2144,1077,4,2,37059.78
2145,1078,10,2,18602.66
2146,1078,7,3,41305.7
2147,1079,5,3,70950.03
2148,1079,10,3,19023.55
2149,1080,5,3,72370.82
2150,1080,1,1,82695.94
2151,1081,10,2,18585.96
2152,1081,8,6,68852.19
2153,1081,6,1,95229.72
2154,1082,21,6,14703.18
2155,1082,3,3,49261.1
2156,1083,6,3,96277.92
2157,1083,10,2,18567.75
2158,1083,28,15,7560.8
2159,1084,11,2,36962.17
2160,1084,23,2,9611.34
2161,1084,6,3,94787.74
2162,1085,24,3,46883.2
2163,1085,5,1,72601.77
2164,1085,28,7,7482.95
2165,1086,23,6,10044.55
2166,1086,3,1,48834.93
2167,1087,8,5,70019.25
2168,1088,2,3,60949.61
2169,1088,6,3,94097.8
2170,1088,11,1,36594.78
2171,1089,4,3,37041.91
2172,1089,27,23,4659.27
2173,1089,30,26,14862.72
2174,1090,8,1,67776.8
2175,1090,10,3,18109.07
2176,1090,28,23,7368.48
2177,1091,6,2,96393.73
2178,1091,7,6,41910.99
2179,1092,6,2,93262.41
2180,1092,19,3,31273.97
2181,1092,5,1,69885.08
2182,1093,5,2,71167.85
2183,1093,21,7,14659.14
2184,1093,19,2,32364.96
2185,1094,25,21,8610.76
2186,1094,3,1,49092.44
2187,1095,4,1,37773.05
2188,1095,30,30,14749.71
2189,1096,4,1,38946.23
2190,1096,3,3,48635.4
2191,1097,8,3,66947.34
2192,1097,24,2,46349.5
2193,1098,10,1,18352.06
2194,1098,16,3,129990.78
2195,1098,22,8,12304.56
2196,1099,9,3,24417.39
2197,1099,4,2,37421.11
2198,1100,24,4,46933.76
2199,1100,28,20,7356.77
2200,1100,2,3,62351.54
2201,1101,7,3,43043.56
2202,1101,5,1,71471.71
2203,1101,1,3,85933.08
2204,1102,1,3,87545.8
2205,1103,15,3,179112.26
2206,1103,12,3,28842.69
2207,1104,3,1,46667.92
2208,1104,23,2,9585.6
2209,1105,2,2,61701.28
2210,1106,5,1,70977.44
2211,1106,3,2,46894.25
2212,1107,3,1,49228.51
2213,1107,11,1,35823.72
2214,1107,12,6,29809.43
2215,1108,8,5,68149.25
2216,1109,29,19,11175.07
2217,1109,27,8,4902.44
2218,1110,27,22,4871.6
2219,1111,4,1,37894.01
2220,1111,25,25,8738.6
2221,1112,13,1,147240.76
2222,1112,27,29,4863.6
2223,1112,26,14,6366.33
2224,1113,11,1,36015.68
2225,1113,4,2,38346.33
2226,1113,12,2,29404.2
2227,1114,10,4,17960.46
2228,1115,6,1,95598.74
2229,1115,19,7,31410.56
2230,1116,25,10,8522.93
2231,1116,9,3,24414.04
2232,1116,15,1,176629.69
2233,1117,26,7,6241.37
2234,1118,22,9,12225.46
2235,1118,3,1,46616.68
2236,1118,23,6,9564.63
2237,1119,3,1,48979.74
2238,1120,5,2,72927.02
2239,1120,12,2,28380.91
2240,1120,4,1,38199.23
2241,1121,8,6,67550.28
2242,1121,5,2,70724.24
2243,1121,1,2,86744.11
2244,1122,1,2,86695.15
2245,1123,20,4,27864.28
2246,1123,5,1,69993.13
2247,1123,11,4,35134.31
2248,1124,4,1,37200.43
2249,1124,12,6,28425.51
2250,1125,19,7,32536.51
2251,1126,10,6,18095.45
2252,1127,10,5,18592.57
2253,1127,4,2,38239.21
2254,1127,1,2,83691.31
2255,1128,17,1,204027.56
2256,1128,11,4,35113.27
2257,1129,20,4,27317.12
2258,1130,10,5,17990.79
2259,1131,7,6,41722.42
2260,1131,1,1,86551.75
2261,1131,4,3,37789.13
2262,1132,13,3,142104.5
2263,1133,7,4,41387.23
2264,1134,8,2,69059.07
2265,1135,26,10,6148.12
2266,1135,4,1,37188.48
2267,1136,5,2,73103.02
2268,1137,18,3,73797.6
2269,1138,10,4,18925.47
2270,1138,7,2,42439.5
2271,1139,21,7,14634.94
2272,1139,28,18,7310.51
2273,1140,21,10,14571.7
2274,1140,14,2,121171.97
2275,1141,11,3,35161.8
2276,1141,1,1,85382.36
2277,1141,6,3,97406.47
2278,1142,4,3,38868.32
2279,1143,5,3,73662.75
2280,1143,6,2,96659.63
2281,1143,29,26,10948.06
2282,1144,7,1,42000.5
2283,1145,9,1,24016.09
2284,1145,6,3,97715.6
2285,1146,1,2,83937.04
2286,1146,26,7,6176.63
2287,1146,5,3,73023.74
2288,1147,26,17,6240.15
2289,1147,20,5,28479.51
2290,1147,15,3,172574.66
2291,1148,1,3,83254.37
2292,1148,6,2,93965.8
2293,1149,6,1,93108.58
2294,1149,14,3,119606.12
2295,1150,26,5,6147.65
2296,1150,8,2,65968.07
2297,1150,5,3,71468.22
2298,1151,22,9,12304.45
2299,1151,1,1,85082.41
2300,1152,23,3,9577.34
2301,1152,1,1,85406.19
2302,1152,25,17,8534.54
2303,1153,20,4,28311.66
2304,1153,4,3,38756.21
2305,1153,24,9,46662.43
2306,1154,1,3,86505.3
2307,1154,11,1,36956.45
2308,1154,29,18,10986.82
2309,1155,7,1,40798.11
2310,1155,12,5,28612.55
2311,1156,1,1,86137.36
2312,1157,13,1,145203.5
2313,1158,12,5,29096.21
2314,1159,21,10,14677.37
2315,1159,9,2,24680.8
2316,1160,24,2,44808.82
2317,1161,8,3,67644.52
2318,1162,10,5,18619.0
2319,1163,6,2,97070.41
2320,1163,8,6,66178.97
2321,1164,9,6,24318.27
2322,1165,23,3,9910.97
2323,1166,30,12,14511.6
2324,1167,27,5,4699.0
2325,1167,26,6,6211.49
2326,1167,7,4,41400.44
2327,1168,28,12,7630.35
2328,1168,8,4,67231.22
2329,1169,10,1,17954.35
2330,1170,1,3,87297.13
2331,1171,19,10,31263.1
2332,1171,7,6,41185.26
2333,1171,22,7,12548.35
2334,1172,22,3,12787.53
2335,1172,5,1,70786.35
2336,1173,7,1,40954.84
2337,1173,12,2,28927.41
2338,1174,6,1,93292.87
2339,1175,12,4,28249.44
2340,1176,6,2,97545.07
2341,1177,10,6,18421.62
2342,1177,20,6,27684.26
2343,1177,22,4,12795.38
2344,1178,8,6,67183.37
2345,1178,25,8,8562.24
2346,1179,3,2,48631.23
2347,1179,20,6,27986.25
2348,1180,3,3,49327.98
2349,1181,10,5,18132.68
2350,1182,24,4,46899.9
2351,1182,20,8,27921.15
2352,1183,10,6,18843.26
2353,1184,28,9,7660.17
2354,1184,1,3,86934.54
2355,1185,28,21,7660.32
2356,1185,5,2,71884.68
2357,1186,23,2,9881.8
2358,1187,4,1,38698.31
2359,1187,11,4,37065.79
2360,1188,3,2,48897.68
2361,1189,6,2,97158.62
2362,1189,23,4,10063.11
2363,1190,6,2,96957.82
2364,1191,21,4,14871.23
2365,1191,8,1,69917.18
2366,1191,22,6,12607.11
2367,1192,19,9,32526.29
2368,1193,11,2,35921.37
2369,1193,6,2,93480.96
2370,1193,5,2,72001.91
2371,1194,30,7,14524.56
2372,1194,4,3,36912.89
2373,1194,9,1,23780.14
2374,1195,25,10,8291.47
2375,1196,12,6,28615.4
2376,1196,26,12,6335.11
2377,1197,19,6,32213.7
2378,1198,8,4,66540.49
2379,1198,24,10,45682.74
2380,1198,14,1,114902.37
2381,1199,5,2,72219.28
2382,1199,11,1,35093.19
2383,1199,25,5,8352.03
2384,1200,26,8,6293.08
2385,1200,7,5,42813.04
2386,1201,7,6,41004.5
2387,1201,22,4,12695.42
2388,1201,30,27,14601.65
2389,1202,21,3,15073.65
2390,1203,30,19,14779.68
2391,1203,9,1,24185.31
2392,1204,4,2,37369.48
2393,1205,1,1,84860.0
2394,1205,6,3,97093.2
2395,1205,12,1,28950.71
2396,1206,7,6,41311.28
2397,1206,4,1,37832.99
2398,1207,19,9,32913.82
2399,1207,2,3,62356.09
2400,1207,23,6,9788.9
2401,1208,10,3,18874.63
2402,1209,10,5,18903.25
2403,1210,3,3,46602.98
2404,1211,21,7,14968.97
2405,1211,13,1,142126.53
2406,1211,3,1,48859.4
2407,1212,4,1,37229.97
2408,1213,7,4,42258.21
2409,1214,10,3,18387.24
2410,1214,11,4,36393.64
2411,1215,5,3,70351.46
2412,1215,9,6,24357.94
2413,1216,1,3,83038.74
2414,1217,26,17,6041.04
2415,1217,7,2,41238.01
2416,1218,18,3,77216.81
2417,1219,2,3,62922.77
2418,1220,20,4,27644.78
2419,1221,8,1,66001.69
2420,1221,30,18,14587.6
2421,1222,27,12,4669.49
2422,1223,7,4,41940.2
2423,1224,24,10,47350.09
2424,1224,22,5,12298.32
2425,1225,26,14,6218.58
2426,1225,3,1,48922.13
2427,1225,28,20,7464.28
2428,1226,11,4,36767.93
2429,1227,8,5,67334.8
2430,1228,19,4,32088.34
2431,1228,4,2,37611.3
2432,1228,2,3,61524.27
2433,1229,7,3,41652.95
2434,1229,6,1,96495.84
2435,1229,28,10,7377.19
2436,1230,3,2,47813.18
2437,1230,21,6,14930.57
2438,1231,7,3,40902.94
2439,1231,4,1,36999.41
2440,1232,9,4,24439.93
2441,1232,22,10,12871.18
2442,1232,23,2,9633.31
2443,1233,8,5,66025.06
2444,1233,4,2,38732.65
2445,1234,9,6,23940.99
2446,1234,1,1,85319.37
2447,1235,4,3,38064.02
2448,1235,16,1,132435.6
2449,1236,16,2,131434.6
2450,1236,4,3,38894.6
2451,1237,4,1,38820.04
2452,1237,21,5,15203.97
2453,1237,16,2,131347.15
2454,1238,8,2,69603.92
2455,1239,22,2,12429.83
2456,1239,19,6,32032.66
2457,1240,17,3,206645.32
2458,1240,3,2,48798.97
2459,1240,4,1,38427.05
2460,1241,22,5,12558.28
2461,1241,21,9,14936.16
2462,1241,1,2,83428.45
2463,1242,22,9,12168.33
2464,1242,11,4,35999.59
2465,1242,9,2,23908.32
2466,1243,7,2,42834.56
2467,1244,2,2,60921.42
2468,1244,8,4,68932.86
2469,1244,3,1,49277.84
2470,1245,7,1,42846.51
2471,1246,22,8,12580.06
2472,1246,13,2,142080.12
2473,1247,5,2,70332.57
2474,1247,6,2,95439.61
2475,1248,2,1,63248.23
2476,1249,5,1,70648.62
2477,1249,30,18,14930.56
2478,1249,17,1,204905.26
2479,1250,4,2,37989.64
2480,1250,5,3,69949.18
2481,1251,7,2,42771.68
2482,1252,8,4,69579.34
2483,1253,30,5,14883.99
2484,1254,8,2,67646.14
2485,1254,10,3,18363.18
2486,1255,28,10,7528.44
2487,1256,8,5,65981.74
2488,1256,5,1,73042.99
2489,1257,2,2,62430.71
2490,1257,23,7,9569.93
2491,1258,5,1,70389.59
2492,1258,22,4,12530.69
2493,1258,6,1,96836.8
2494,1259,7,3,43196.85
2495,1260,25,9,8668.53
2496,1260,22,8,12609.41
2497,1260,29,10,11034.96
2498,1261,8,5,67956.15
2499,1261,24,7,44684.57
2500,1262,5,2,71141.84
2501,1262,4,2,38578.07
2502,1262,25,10,8267.74
2503,1263,19,4,32182.44
2504,1264,1,2,86410.81
2505,1265,26,24,6026.12
2506,1265,5,1,72366.26
2507,1266,27,11,4727.21
2508,1267,2,1,61469.98
2509,1268,3,3,48879.44
2510,1269,25,8,8560.28
2511,1269,21,6,14845.7
2512,1270,19,5,32682.21
2513,1270,11,5,35535.25
2514,1270,24,5,46703.95
2515,1271,2,2,63301.26
2516,1272,29,18,10757.29
2517,1272,25,16,8532.81
2518,1273,12,2,28343.06
2519,1273,27,29,4733.82
2520,1273,5,1,71759.51
2521,1274,22,7,12805.76
2522,1274,24,4,47245.81
2523,1275,4,2,37311.64
2524,1276,11,3,35520.17
2525,1276,1,2,83379.49
2526,1277,23,5,10036.19
2527,1277,7,5,41073.75
2528,1278,12,2,28303.78
2529,1278,10,2,18993.01
2530,1279,8,6,69440.43
2531,1279,22,6,12412.32
2532,1280,23,8,9576.83
2533,1281,5,3,70524.03
2534,1282,27,15,4907.87
2535,1282,2,1,62763.16
2536,1282,3,2,47581.32
2537,1283,2,3,63011.44
2538,1283,1,2,83662.59
2539,1284,10,4,18963.23
2540,1285,21,9,15094.92
2541,1285,6,3,93582.55
2542,1286,1,3,85230.81
2543,1287,30,30,14652.6
2544,1287,23,3,9853.33
2545,1287,19,6,32521.59
2546,1288,10,4,18648.79
2547,1288,26,11,6341.59
2548,1289,11,4,35685.27
2549,1290,25,10,8418.55
2550,1290,24,6,47269.7
2551,1291,5,2,72589.85
2552,1291,21,10,15027.36
2553,1292,9,6,23909.63
2554,1292,20,8,28484.74
2555,1292,5,2,71558.92
2556,1293,20,7,27672.64
2557,1294,30,15,14706.29
2558,1295,22,4,12541.59
2559,1296,3,1,48734.35
2560,1297,6,3,97472.81
2561,1297,9,4,23527.83
2562,1297,12,3,29662.61
2563,1298,2,1,61053.94
2564,1298,4,3,38167.35
2565,1298,7,5,42509.46
2566,1299,12,4,28199.18
2567,1299,7,3,43054.77
2568,1300,25,23,8429.27
2569,1300,1,2,86713.36
2570,1301,6,1,95652.78
2571,1301,1,3,83569.99
2572,1301,8,5,68486.28
2573,1302,4,1,37058.0
2574,1303,1,3,82688.56
2575,1303,17,1,209513.69
2576,1303,21,8,14802.89
2577,1304,30,18,14787.93
2578,1305,10,2,18378.92
2579,1306,24,7,44648.49
2580,1307,10,2,18166.87
2581,1307,11,4,36343.52
2582,1307,30,8,14243.86
2583,1308,19,2,32274.4
2584,1309,6,1,97650.49
2585,1309,2,3,60508.81
2586,1309,9,1,24598.17
2587,1310,10,4,18675.93
2588,1311,10,4,18937.67
2589,1311,22,5,12717.53
2590,1312,5,1,73377.17
2591,1312,25,20,8412.17
2592,1312,11,5,35873.38
2593,1313,28,24,7551.97
2594,1314,6,1,92384.71
2595,1315,2,2,61284.47
2596,1316,4,1,37359.38
2597,1316,9,2,24001.42
2598,1317,10,5,18789.55
2599,1317,3,2,48785.41
2600,1318,22,4,12438.52
2601,1318,9,6,23953.36
2602,1319,12,6,28593.22
2603,1320,1,3,84178.41
2604,1320,9,6,24555.32
2605,1320,10,2,18046.42
2606,1321,3,3,48297.81
2607,1321,25,23,8643.32
2608,1321,7,3,42433.34
2609,1322,12,6,28844.38
2610,1323,4,3,39040.1
2611,1324,2,2,60330.57
2612,1324,19,10,32484.69
2613,1324,27,18,4729.85
2614,1325,26,26,6340.18
2615,1325,22,10,12818.46
2616,1326,9,6,23405.46
2617,1327,30,24,14561.99
2618,1327,26,19,6190.84
2619,1328,1,1,86413.06
2620,1328,7,6,41885.14
2621,1328,29,17,10683.49
2622,1329,10,1,18319.58
2623,1330,2,2,61133.27
2624,1331,8,2,66070.36
2625,1331,11,6,35375.74
2626,1332,7,5,43091.2
2627,1332,2,2,61666.36
2628,1333,30,13,14740.21
2629,1333,23,9,9804.75
2630,1334,8,5,69060.5
2631,1334,19,8,31943.8
2632,1334,4,1,37554.67
2633,1335,24,10,46706.39
2634,1336,3,3,47489.24
2635,1336,4,3,37174.75
2636,1337,19,6,32283.99
2637,1338,12,1,29078.41
2638,1338,10,1,18396.92
2639,1338,1,1,84501.32
2640,1339,12,1,28955.75
2641,1340,11,5,35093.0
2642,1340,17,1,209880.78
2643,1340,10,6,18303.37
2644,1341,20,9,27311.93
2645,1342,25,22,8460.67
2646,1342,30,13,14214.31
2647,1342,8,1,66801.49
2648,1343,12,6,28537.89
2649,1343,30,29,14271.54
2650,1343,11,6,34961.64
2651,1344,11,5,37033.33
2652,1344,10,5,18144.39
2653,1345,11,4,35330.08
2654,1345,12,5,28412.59
2655,1345,14,3,120920.24
2656,1346,24,5,46860.36
2657,1346,19,9,32431.38
2658,1346,4,3,38820.87
2659,1347,10,6,18245.9
2660,1348,21,10,15071.91
2661,1349,6,2,97180.16
2662,1350,30,9,14849.09
2663,1350,19,7,31042.83
2664,1350,25,8,8487.74
2665,1351,16,3,130402.88
2666,1351,7,2,40818.34
2667,1351,19,10,32269.99
2668,1352,10,2,18531.85
2669,1353,29,10,11099.85
2670,1353,21,10,14843.62
2671,1353,25,19,8320.13
2672,1354,21,4,15127.43
2673,1354,9,1,23388.38
2674,1354,11,5,36400.51
2675,1355,10,1,18135.35
2676,1355,11,2,34953.6
2677,1355,2,1,61033.2
2678,1356,12,2,29860.02
2679,1357,3,2,47335.65
2680,1357,11,4,36281.26
2681,1358,21,10,15162.42
2682,1359,25,10,8250.59
2683,1359,24,4,45443.19
2684,1360,26,18,6235.96
2685,1360,8,2,67830.8
2686,1360,2,3,63523.24
2687,1361,12,1,28564.87
2688,1361,10,1,18091.36
2689,1361,20,8,27694.65
2690,1362,9,3,23600.12
2691,1362,21,10,15228.51
2692,1362,23,7,9963.98
2693,1363,20,8,28549.48
2694,1363,5,3,70474.48
2695,1364,29,19,11328.73
2696,1364,3,2,49264.52
2697,1365,8,2,66901.75
2698,1365,4,2,38237.85
2699,1366,16,2,132675.63
2700,1366,5,2,72289.21
2701,1366,12,2,28364.71
2702,1367,14,3,118173.0
2703,1368,4,3,38273.33
2704,1369,10,1,19017.81
2705,1370,8,2,69601.56
2706,1370,12,5,29273.71
2707,1370,6,3,96659.42
2708,1371,8,3,69026.1
2709,1371,22,10,12511.08
2710,1371,23,4,9724.84
2711,1372,1,1,83749.52
2712,1372,6,2,97252.71
2713,1373,2,3,62103.71
2714,1374,17,1,205649.95
2715,1375,7,1,42999.95
2716,1376,6,3,96130.85
2717,1376,26,24,6283.47
2718,1377,15,3,176596.66
2719,1378,27,28,4925.51
2720,1379,1,1,83491.04
2721,1380,8,6,69401.96
2722,1380,7,5,42284.5
2723,1380,11,6,35748.89
2724,1381,24,4,45439.31
2725,1382,12,6,28393.32
2726,1383,3,1,46649.22
2727,1383,28,18,7548.88
2728,1383,30,13,14551.07
2729,1384,11,5,36909.83
2730,1384,13,3,149243.32
2731,1384,12,2,29660.06
2732,1385,9,2,24184.24
2733,1386,10,4,18056.56
2734,1387,9,4,23500.23
2735,1387,24,6,46964.82
2736,1387,2,2,61965.6
2737,1388,21,5,15417.93
2738,1389,6,3,93949.77
2739,1389,7,1,41990.43
2740,1389,9,1,23994.71
2741,1390,4,1,38587.26
2742,1390,20,2,27406.31
2743,1391,30,23,14584.93
2744,1391,2,3,61941.52
2745,1392,8,3,68945.59
2746,1393,27,13,4899.83
2747,1393,5,1,73208.44
2748,1394,10,6,19009.23
2749,1394,8,2,67246.07
2750,1395,25,27,8671.84
2751,1396,11,1,36618.68
2752,1396,24,10,46975.2
2753,1397,6,1,97627.78
2754,1397,5,3,71339.53
2755,1398,8,3,66111.12
2756,1398,29,30,10903.65
2757,1399,11,6,35090.76
2758,1400,27,19,4731.04
2759,1400,23,8,9899.42
2760,1400,6,1,97404.41
2761,1401,22,2,12162.93
2762,1402,7,6,41524.94
2763,1403,3,1,49424.05
2764,1403,6,1,93165.8
2765,1404,2,3,61563.34
2766,1404,24,2,45278.39
2767,1404,11,5,35782.57
2768,1405,24,2,46441.8
2769,1405,7,2,41727.19
2770,1406,21,3,15423.74
2771,1407,4,3,38228.71
2772,1407,30,12,14363.01
2773,1408,1,1,85535.0
2774,1408,9,1,24004.52
2775,1409,28,20,7294.16
2776,1409,23,10,9789.99
2777,1409,17,1,204216.93
2778,1410,23,3,9824.02
2779,1410,21,5,14620.97
2780,1410,2,2,61548.29
2781,1411,9,5,23767.44
2782,1412,10,2,18151.98
2783,1413,6,2,92334.39
2784,1414,24,4,45025.0
2785,1414,11,4,36384.74
2786,1415,9,3,24304.08
2787,1415,6,3,97613.91
2788,1416,30,26,14737.14
2789,1417,25,19,8627.86
2790,1417,6,1,96840.38
2791,1417,12,2,29133.25
2792,1418,28,30,7449.37
2793,1418,10,2,18220.5
2794,1419,22,2,12397.48
2795,1419,14,3,117181.32
2796,1419,21,2,14666.77
2797,1420,28,5,7372.24
2798,1420,10,1,18312.01
2799,1421,7,4,41737.44
2800,1422,27,6,4693.23
2801,1422,12,1,29255.74
2802,1423,1,3,85229.6
2803,1423,3,3,46686.15
2804,1424,13,3,142714.14
2805,1425,2,1,62402.91
2806,1426,2,2,62955.95
2807,1426,12,5,28768.0
2808,1427,8,4,66129.97
2809,1428,22,2,12224.79
2810,1428,15,2,179561.67
2811,1428,21,6,15433.33
2812,1429,13,2,143136.72
2813,1429,11,3,36417.93
2814,1429,26,21,6047.69
2815,1430,5,1,72943.34
2816,1430,9,6,23784.56
2817,1430,3,2,47706.63
2818,1431,2,3,63094.43
2819,1431,7,4,42293.66
2820,1432,10,4,17958.4
2821,1433,4,1,37565.88
2822,1433,10,1,18273.93
2823,1434,4,2,36896.56
2824,1434,1,2,85020.24
2825,1434,5,1,72781.47
2826,1435,12,6,29234.57
2827,1436,7,3,41806.58
2828,1437,11,1,35726.59
2829,1437,3,1,47162.46
2830,1438,10,5,18239.54
2831,1438,21,7,14742.41
2832,1438,22,9,12562.64
2833,1439,19,3,32496.26
2834,1439,30,23,14527.42
2835,1440,15,3,173998.47
2836,1440,3,2,49109.3
2837,1441,3,3,48308.95
2838,1441,6,2,94407.13
2839,1441,15,3,174671.43
2840,1442,18,3,75900.91
2841,1443,25,22,8380.33
2842,1443,26,23,6083.05
2843,1444,22,9,12306.42
2844,1445,26,27,6276.81
2845,1446,12,2,28495.98
2846,1446,16,2,130091.88
2847,1446,5,1,71231.73
2848,1447,28,17,7552.79
2849,1448,21,4,14945.37
2850,1448,29,27,10775.24
2851,1448,22,4,12160.05
2852,1449,19,3,31522.62
2853,1450,5,1,70824.76
2854,1451,9,2,23585.88
2855,1452,7,5,42229.29
2856,1452,5,1,73294.68
2857,1453,9,1,23752.69
2858,1453,3,1,49142.49
2859,1454,28,15,7471.39
2860,1455,19,5,32098.14
2861,1455,1,1,86104.77
2862,1455,9,2,23587.36
2863,1456,4,3,38512.33
2864,1457,28,19,7485.35
2865,1458,1,2,86972.18
2866,1459,19,8,31811.47
2867,1459,4,1,38970.17
2868,1459,8,5,67434.95
2869,1460,7,3,42288.19
2870,1461,21,4,15117.16
2871,1462,19,9,32558.88
2872,1463,20,9,27614.02
2873,1463,23,9,9965.52
2874,1464,10,4,18411.48
2875,1464,7,4,42832.62
2876,1465,26,27,6164.6
2877,1466,21,8,15344.73
2878,1466,23,3,9672.24
2879,1466,9,5,23979.41
2880,1467,5,1,74077.66
2881,1467,23,9,9946.15
2882,1467,30,13,14797.64
2883,1468,21,10,14934.52
2884,1468,11,3,36677.95
2885,1468,3,3,48582.34
2886,1469,4,2,37536.25
2887,1469,2,3,61097.01
2888,1469,8,1,66600.35
2889,1470,11,6,35081.2
2890,1470,25,15,8559.12
2891,1470,9,2,23642.13
2892,1471,20,9,27894.05
2893,1472,14,1,120900.1
2894,1472,29,27,11274.18
2895,1472,27,10,4894.09
2896,1473,4,3,37911.3
2897,1473,10,1,18885.44
2898,1473,23,4,10040.49
2899,1474,5,3,72198.88
2900,1475,6,3,97693.43
2901,1475,4,3,36972.81
2902,1476,6,1,96128.07
2903,1476,3,2,47441.13
2904,1476,23,10,10077.81
2905,1477,12,3,29026.65
2906,1477,23,6,9839.61
2907,1478,6,3,93526.22
2908,1478,5,2,70505.99
2909,1479,25,22,8275.27
2910,1479,29,7,10923.57
2911,1480,4,2,37672.43
2912,1481,24,10,45741.53
2913,1481,4,3,38973.08
2914,1482,9,4,23786.97
2915,1482,14,2,117789.44
2916,1483,1,2,85121.25
2917,1483,10,5,18894.98
2918,1484,21,3,14923.25
2919,1484,9,1,23501.62
2920,1485,27,7,4877.71
2921,1485,10,3,17950.48
2922,1486,4,3,39135.69
2923,1487,8,3,69307.98
2924,1488,22,2,12843.75
2925,1489,5,2,73338.73
2926,1489,2,3,62531.91
2927,1490,6,2,96318.54
2928,1491,23,5,9523.87
2929,1491,21,3,14741.33
2930,1491,19,8,32264.9
2931,1492,10,5,18919.18
2932,1492,3,2,49411.29
2933,1492,7,2,41653.7
2934,1493,1,2,84070.64
2935,1493,3,2,48730.11
2936,1493,12,4,28650.53
2937,1494,13,3,143450.25
2938,1494,20,6,28297.08
2939,1494,29,25,11172.44
2940,1495,4,1,37244.38
2941,1496,2,3,63383.52
2942,1496,26,7,6145.6
2943,1496,8,3,68083.98
2944,1497,25,19,8342.52
2945,1497,7,2,40982.85
2946,1497,24,9,45920.42
2947,1498,9,5,23806.03
2948,1498,30,14,14123.02
2949,1498,27,26,4806.53
2950,1499,5,3,73099.94
2951,1500,27,30,4840.72
2952,1501,21,3,15063.5
2953,1501,6,1,93109.4
2954,1502,6,2,96268.66
2955,1502,11,3,35278.01
2956,1503,27,21,4716.42
2957,1503,29,11,11131.86
2958,1504,11,2,36339.56
2959,1504,24,3,45645.42
2960,1505,25,19,8520.85
2961,1505,2,2,63202.78
2962,1505,30,14,14425.46
2963,1506,7,4,43078.18
2964,1506,4,3,37189.26
2965,1506,19,9,32239.37
2966,1507,2,1,60988.16
2967,1507,23,2,9527.12
2968,1507,28,15,7645.76
2969,1508,12,4,28226.79
2970,1508,27,30,4790.21
2971,1508,9,6,23653.67
2972,1509,22,9,12360.47
2973,1509,5,1,74111.76
2974,1509,29,22,11082.05
2975,1510,30,11,14467.61
2976,1511,7,3,41985.16
2977,1512,9,3,24014.3
2978,1513,24,8,45082.71
2979,1513,26,21,6112.05
2980,1513,10,2,18527.89
2981,1514,18,2,75537.59
2982,1515,4,3,37108.01
2983,1516,30,24,14089.24
2984,1517,23,10,9564.66
2985,1517,30,30,14534.82
2986,1518,12,1,29018.69
2987,1518,1,3,86670.35
2988,1518,5,2,72929.96
2989,1519,1,1,84768.88
2990,1519,5,1,72386.55
2991,1519,3,1,47351.71
2992,1520,10,6,18282.2
2993,1520,25,12,8609.06
2994,1520,4,2,37909.35
2995,1521,11,6,36788.47
2996,1521,14,2,116968.54
2997,1521,10,4,18207.1
2998,1522,24,5,44896.41
2999,1523,7,6,42867.28
3000,1523,8,3,66478.07
3001,1524,11,5,36379.08
3002,1525,3,3,48927.84
3003,1525,4,2,39098.63
3004,1525,7,1,41524.64
3005,1526,25,25,8714.07
3006,1526,2,1,63777.33
3007,1527,26,17,6213.3
3008,1527,9,6,24360.07
3009,1528,24,2,46228.47
3010,1528,10,5,18440.51
3011,1528,2,1,62516.37
3012,1529,30,13,14375.73
3013,1529,9,4,24685.91
3014,1530,25,29,8749.73
3015,1530,29,28,11235.11
3016,1530,13,1,144408.46
3017,1531,22,5,12693.79
3018,1532,19,7,32158.0
3019,1532,10,6,18962.87
3020,1532,21,9,14760.17
3021,1533,11,6,35370.09
3022,1533,5,1,71271.76
3023,1533,9,6,23515.7
3024,1534,3,1,47642.64
3025,1535,11,3,36273.95
3026,1535,2,3,61750.24
3027,1535,10,2,18277.88
3028,1536,30,13,14403.24
3029,1536,21,7,15040.29
3030,1537,6,2,93676.09
3031,1537,29,8,10950.3
3032,1537,9,1,24645.56
3033,1538,6,1,94455.59
3034,1539,3,1,47216.43
3035,1539,21,9,14897.94
3036,1539,30,23,14286.98
3037,1540,4,2,37516.19
3038,1540,20,4,28060.5
3039,1540,2,1,63006.82
3040,1541,28,25,7431.55
3041,1542,6,3,95485.31
3042,1542,20,3,28097.15
3043,1542,4,2,37908.07
3044,1543,22,8,12451.63
3045,1543,2,2,62917.37
3046,1543,27,10,4889.66
3047,1544,2,1,62669.78
3048,1545,5,3,70011.15
3049,1546,22,10,12290.53
3050,1547,11,6,34954.87
3051,1547,10,5,18025.11
3052,1548,21,8,14658.27
3053,1549,2,1,61052.57
3054,1549,25,19,8400.06
3055,1550,28,14,7338.05
3056,1550,25,8,8525.29
3057,1551,8,4,66850.2
3058,1552,9,6,24582.62
3059,1552,12,6,28712.65
3060,1552,8,6,66705.45
3061,1553,9,1,23710.03
3062,1553,2,3,61342.96
3063,1553,18,2,75285.33
3064,1554,20,6,28469.54
3065,1554,27,22,4771.01
3066,1554,5,3,70827.96
3067,1555,8,2,66229.71
3068,1556,6,3,96115.81
3069,1556,10,3,18589.09
3070,1557,1,1,83779.64
3071,1558,11,4,36193.63
3072,1558,7,2,42944.62
3073,1558,1,3,84093.38
3074,1559,12,4,28869.37
3075,1560,6,3,96735.03
3076,1560,7,1,42562.18
3077,1560,9,1,23729.31
3078,1561,1,1,83725.87
3079,1561,11,4,35288.99
3080,1561,2,2,63110.17
3081,1562,7,1,42290.15
3082,1563,21,8,14821.07
3083,1563,10,1,18396.27
3084,1564,19,4,32698.35
3085,1564,30,11,14277.62
3086,1564,25,16,8725.45
3087,1565,20,2,27839.13
3088,1566,1,1,87340.58
3089,1567,30,27,14884.87
3090,1567,25,26,8411.48
3091,1568,6,1,92696.27
3092,1569,4,2,36943.6
3093,1570,3,3,48255.81
3094,1570,1,2,84614.52
3095,1571,6,3,92951.7
3096,1572,27,6,4665.07
3097,1573,5,1,70635.7
3098,1573,3,2,46962.73
3099,1574,6,3,95649.51
3100,1575,25,29,8350.94
3101,1576,8,5,66372.2
3102,1576,2,2,60815.31
3103,1576,7,2,41138.98
3104,1577,9,4,24258.16
3105,1577,8,3,66717.54
3106,1577,11,5,35876.27
3107,1578,5,3,71697.81
3108,1579,6,1,96309.19
3109,1580,14,2,119772.51
3110,1580,22,5,12332.55
3111,1580,12,6,28757.31
3112,1581,8,3,67611.44
3113,1581,21,4,15447.55
3114,1581,16,2,134487.47
3115,1582,27,20,4876.04
3116,1582,8,3,69173.14
3117,1582,30,6,14604.04
3118,1583,7,3,41931.29
3119,1583,14,1,117322.58
3120,1584,20,6,28635.3
3121,1584,22,8,12450.73
3122,1584,8,3,66810.18
3123,1585,24,8,44971.3
3124,1585,23,10,10028.28
3125,1585,20,6,27500.28
3126,1586,22,9,12817.83
3127,1586,1,2,84871.59
3128,1586,5,3,72854.68
3129,1587,18,3,76214.56
3130,1587,3,1,49267.74
3131,1588,9,5,24358.68
3132,1588,5,1,71623.98
3133,1589,11,2,35559.44
3134,1590,8,5,68442.35
3135,1590,29,30,11103.8
3136,1591,2,3,63660.39
3137,1591,5,3,72672.96
3138,1592,7,2,40798.27
3139,1592,28,9,7445.79
3140,1592,9,1,24637.9
3141,1593,10,4,19009.41
3142,1593,25,22,8702.08
3143,1594,23,5,9575.28
3144,1594,15,2,177979.42
3145,1595,22,8,12262.96
3146,1595,20,4,27812.85
3147,1595,23,8,9626.61
3148,1596,10,2,18775.34
3149,1597,29,25,11263.52
3150,1597,4,3,37457.96
3151,1597,25,26,8301.02
3152,1598,10,6,18269.27
3153,1598,12,4,28915.61
3154,1598,22,10,12293.15
3155,1599,1,1,82984.88
3156,1599,8,3,69163.89
3157,1600,4,3,37422.93
3158,1600,24,2,46721.52
3159,1600,2,1,61152.49
3160,1601,6,2,96899.42
3161,1601,20,6,28056.24
3162,1602,5,3,73283.66
3163,1603,1,1,86861.37
3164,1603,8,1,66261.57
3165,1604,25,8,8449.23
3166,1604,17,3,212650.75
3167,1605,19,2,32668.97
3168,1605,21,2,14685.47
3169,1605,10,4,18972.67
3170,1606,25,28,8737.06
3171,1606,30,6,14279.41
3172,1607,2,2,62007.23
3173,1608,27,22,4731.21
3174,1608,1,1,84078.18
3175,1608,2,3,61918.37
3176,1609,5,1,70727.37
3177,1609,7,1,41556.29
3178,1609,8,4,66433.31
3179,1610,19,6,32818.35
3180,1611,15,2,176774.57
3181,1612,5,3,73308.98
3182,1613,1,1,86735.95
3183,1614,27,15,4695.37
3184,1614,12,1,29474.34
3185,1615,4,2,38796.02
3186,1615,10,3,18899.81
3187,1615,1,1,85275.95
3188,1616,6,2,93869.49
3189,1617,22,3,12711.84
3190,1618,6,1,92828.13
3191,1618,1,1,86070.93
3192,1619,26,15,6033.12
3193,1620,24,4,45692.36
3194,1620,9,3,23765.47
3195,1620,14,3,117977.68
3196,1621,25,9,8567.83
3197,1621,6,1,97475.15
3198,1622,11,6,36245.34
3199,1622,9,4,23842.21
3200,1623,11,2,37039.31
3201,1623,1,3,87501.09
3202,1624,22,9,12385.9
3203,1624,23,5,9720.98
3204,1624,21,4,15316.56
3205,1625,12,1,28922.89
3206,1626,12,3,28834.86
3207,1626,4,1,37946.22
3208,1627,3,3,49212.43
3209,1627,2,1,63811.0
3210,1627,12,4,29628.39
3211,1628,6,3,94686.95
3212,1628,25,5,8738.89
3213,1629,11,1,36372.2
3214,1629,13,2,141829.51
3215,1630,4,1,37298.16
3216,1631,3,3,47024.65
3217,1631,6,1,93181.59
3218,1631,9,1,24051.91
3219,1632,8,5,66745.83
3220,1632,17,3,207444.22
3221,1633,1,3,86281.68
3222,1634,7,2,41680.02
3223,1634,24,3,47203.39
3224,1635,21,5,14836.82
3225,1635,23,4,9602.86
3226,1636,8,1,69189.51
3227,1636,7,6,42504.53
3228,1636,22,10,12860.41
3229,1637,23,5,9523.18
3230,1637,25,7,8257.1
3231,1637,11,3,36885.67
3232,1638,26,14,6042.72
3233,1638,8,5,69064.68
3234,1638,6,2,93791.09
3235,1639,10,3,18758.37
3236,1639,23,2,9609.07
3237,1639,24,5,44682.3
3238,1640,22,10,12606.86
3239,1641,20,9,28097.96
3240,1642,19,5,32621.9
3241,1643,24,9,45311.6
3242,1643,26,28,6163.73
3243,1643,9,3,24075.67
3244,1644,27,23,4820.78
3245,1644,19,10,32498.36
3246,1645,12,1,29581.36
3247,1646,17,3,204315.37
3248,1646,2,3,62400.78
3249,1646,7,4,40908.03
3250,1647,10,4,18212.06
3251,1648,21,9,15354.31
3252,1648,3,1,47839.18
3253,1649,28,26,7527.06
3254,1650,11,1,35222.43
3255,1650,1,3,83879.8
3256,1651,23,12,9467.51
3257,1651,22,7,12211.69
3258,1651,10,4,18172.75
3259,1651,1,5,83146.87
3260,1652,14,3,114154.49
3261,1652,7,2,41050.41
3262,1653,21,4,15330.22
3263,1653,10,3,18181.11
3264,1653,11,6,37245.04
3265,1653,7,8,40631.29
3266,1654,10,2,17874.98
3267,1654,16,1,128556.94
3268,1654,20,13,27004.32
3269,1654,24,7,45350.65
3270,1655,3,5,50023.79
3271,1655,16,2,126008.39
3272,1656,2,5,61597.52
3273,1657,6,5,95950.9
3274,1657,7,9,41141.06
3275,1658,20,3,27445.7
3276,1658,11,4,37458.62
3277,1659,23,5,10191.85
3278,1659,8,9,70437.38
3279,1659,4,2,39847.57
3280,1660,20,4,28949.2
3281,1660,11,2,35287.45
3282,1660,22,3,12106.18
3283,1661,12,2,27858.1
3284,1662,20,8,28333.19
3285,1662,10,3,18691.85
3286,1663,13,2,148026.63
3287,1664,10,4,17915.78
3288,1664,9,9,22953.58
3289,1664,21,12,14713.66
3290,1665,11,4,35016.86
3291,1665,15,2,168642.54
3292,1665,17,4,209274.94
3293,1665,19,7,31460.79
3294,1666,9,5,23865.45
3295,1666,19,12,31346.27
3296,1666,21,13,15171.42
3297,1667,6,4,99503.33
3298,1668,30,8,14267.97
3299,1668,12,9,29429.5
3300,1668,19,5,30484.81
3301,1668,11,3,37156.92
3302,1669,7,8,42681.16
3303,1669,23,3,9462.76
3304,1669,18,1,75170.02
3305,1670,18,4,77007.84
3306,1670,14,2,113883.79
3307,1670,19,11,31538.35
3308,1670,15,4,180577.87
3309,1671,21,9,14581.01
3310,1671,7,6,43452.37
3311,1671,20,3,26712.12
3312,1672,9,5,24167.51
3313,1672,8,5,69380.67
3314,1673,15,4,172280.14
3315,1674,8,4,71202.11
3316,1674,23,14,9562.7
3317,1674,12,5,29874.2
3318,1674,10,3,19207.41
3319,1675,5,2,68696.96
3320,1675,15,1,180504.19
3321,1675,2,4,61336.1
3322,1676,8,7,65032.57
3323,1676,14,3,115827.89
3324,1677,14,4,123312.15
3325,1677,10,7,19296.15
3326,1677,11,8,35136.64
3327,1678,11,8,34775.07
3328,1678,17,3,214371.31
3329,1678,1,3,84207.77
3330,1678,13,4,146139.62
3331,1679,11,7,37291.49
3332,1679,18,1,78784.4
3333,1679,22,9,12763.7
3334,1679,14,3,120385.41
3335,1680,8,6,69256.74
3336,1680,14,1,113645.69
3337,1680,17,3,218421.72
3338,1680,15,3,181877.14
3339,1681,12,2,28381.94
3340,1681,10,9,19162.24
3341,1681,13,5,141973.95
3342,1681,22,3,12129.51
3343,1682,16,5,134384.37
3344,1682,2,2,60097.02
3345,1683,23,14,9999.1
3346,1683,12,8,28965.89
3347,1684,14,4,119535.65
3348,1684,23,9,9506.45
3349,1684,15,2,166723.67
3350,1684,1,5,83233.51
3351,1685,15,5,169811.95
3352,1685,26,8,6416.45
3353,1685,22,3,13058.75
3354,1686,6,5,95999.89
3355,1686,12,3,29572.2
3356,1687,15,3,176865.32
3357,1687,17,5,202294.7
3358,1687,9,8,23471.84
3359,1687,19,4,33174.68
3360,1688,15,1,182141.69
3361,1688,3,1,49559.38
3362,1689,15,3,173101.33
3363,1690,11,2,36147.22
3364,1690,17,5,211618.62
3365,1690,24,3,45014.87
3366,1690,19,7,30596.59
3367,1691,16,4,137195.85
3368,1691,12,5,29967.55
3369,1692,12,3,28345.88
3370,1692,22,7,12447.6
3371,1693,8,2,68846.36
3372,1693,16,5,137694.44
3373,1693,11,3,35953.41
3374,1694,7,3,43940.68
3375,1694,20,10,28812.87
3376,1694,23,12,9826.57
3377,1694,9,9,24484.14
3378,1695,15,5,182487.25
3379,1695,11,8,34606.16
3380,1695,10,8,18386.3
3381,1695,8,5,65686.85
3382,1696,7,7,43532.32
3383,1697,29,5,10862.42
3384,1697,18,5,72709.0
3385,1697,9,9,24493.41
3386,1698,14,2,118926.33
3387,1698,11,4,35216.24
3388,1698,8,3,67783.25
3389,1699,7,3,42761.54
3390,1699,10,8,18366.35
3391,1699,9,2,24755.49
3392,1699,19,5,32923.82
3393,1700,16,2,131722.67
3394,1700,11,10,37120.03
3395,1700,15,1,177414.5
3396,1701,14,5,116473.28
3397,1702,8,2,70065.78
3398,1702,9,2,24084.41
3399,1702,12,4,30119.4
3400,1703,20,11,29022.08
3401,1704,28,9,7466.91
3402,1704,19,4,33212.22
3403,1705,14,4,119799.18
3404,1705,2,1,63737.44
3405,1705,17,1,202574.96
3406,1706,6,3,91587.72
3407,1707,22,6,12985.56
3408,1707,27,12,4792.05
3409,1707,6,4,99611.83
3410,1708,24,9,47999.51
3411,1709,15,5,173853.79
3412,1709,22,15,12444.07
3413,1709,18,5,77698.06
3414,1709,8,5,66555.49
3415,1710,17,3,202699.12
3416,1710,3,2,50334.79
3417,1710,12,7,28119.2
3418,1711,24,5,44285.05
3419,1711,13,3,141286.22
3420,1711,19,10,30468.0
3421,1711,23,13,9548.38
3422,1712,21,10,15432.89
3423,1713,15,1,179291.38
3424,1714,16,2,130931.58
3425,1715,8,8,66970.81
3426,1716,22,8,12622.34
3427,1716,2,2,60875.6
3428,1717,7,4,40352.75
3429,1717,11,3,37145.53
3430,1718,18,5,79223.37
3431,1718,28,6,7634.08
3432,1718,14,1,122443.84
3433,1718,17,2,216663.02
3434,1719,8,10,65565.51
3435,1719,10,6,19162.88
3436,1719,9,9,24407.55
3437,1719,13,1,147743.49
3438,1720,16,1,126539.96
3439,1720,22,15,11896.84
3440,1721,11,7,35207.29
3441,1722,7,8,43908.31
3442,1722,13,2,152081.1
3443,1723,6,2,93873.2
3444,1723,20,15,26636.02
3445,1723,1,1,85759.33
3446,1724,16,5,126904.25
3447,1724,15,5,183175.59
3448,1725,8,7,69353.34
3449,1725,15,5,181663.67
3450,1726,19,12,32766.7
3451,1726,15,2,177333.75
3452,1727,8,8,67278.58
3453,1727,7,10,43213.25
3454,1727,14,4,118234.97
3455,1727,11,9,37418.87
3456,1728,19,8,33316.35
3457,1728,13,1,151952.43
3458,1728,21,13,15419.63
3459,1729,17,4,209941.09
3460,1729,16,5,132050.66
3461,1730,17,1,215186.92
3462,1730,16,5,128472.7
3463,1731,21,13,14293.17
3464,1731,23,15,9786.11
3465,1731,7,10,41980.01
3466,1731,9,10,24102.46
3467,1732,8,8,68304.28
3468,1732,6,3,90483.46
3469,1733,6,2,94618.96
3470,1733,11,4,34862.67
3471,1733,10,10,19111.98
3472,1733,8,9,68976.35
3473,1734,3,2,46498.85
3474,1735,11,5,37110.32
3475,1736,15,5,174590.87
3476,1737,15,5,180879.05
3477,1737,7,10,43422.14
3478,1737,3,5,45718.26
3479,1737,13,3,139559.58
3480,1738,16,3,131773.57
3481,1738,11,3,37632.23
3482,1738,15,4,172391.08
3483,1738,18,1,77126.98
3484,1739,7,2,43566.76
3485,1739,8,2,69485.12
3486,1739,15,5,178570.11
3487,1740,10,10,19120.25
3488,1740,11,2,36455.25
3489,1741,23,6,9327.66
3490,1742,20,8,28374.14
3491,1743,22,13,11920.16
3492,1744,13,4,147342.73
3493,1744,20,5,27053.74
3494,1744,4,5,36901.12
3495,1745,19,9,30938.07
3496,1746,16,2,125661.53
3497,1747,2,4,62937.49
3498,1747,9,9,23672.35
3499,1748,6,3,99694.35
3500,1748,21,10,15576.19
3501,1748,22,7,12363.79
3502,1748,23,9,9974.72
3503,1749,18,4,76324.9
3504,1749,8,7,68992.4
3505,1749,15,2,170701.75
3506,1749,21,9,15232.97
3507,1750,11,5,36598.53
3508,1750,5,2,74063.15
3509,1750,8,7,69053.42
3510,1750,2,4,64059.17
3511,1751,10,6,18532.53
3512,1751,13,4,144605.05
3513,1752,17,5,205605.28
3514,1752,16,5,132803.26
3515,1752,24,7,45083.52
3516,1752,6,4,99719.76
3517,1753,1,3,80952.12
3518,1753,21,8,15449.56
3519,1753,12,2,29278.05
3520,1754,8,2,64947.73
3521,1754,14,5,121050.15
3522,1754,11,9,35018.2
3523,1755,5,3,70341.42
3524,1755,21,13,15193.33
3525,1755,20,11,29191.05
3526,1755,14,3,118697.32
3527,1756,13,2,147742.35
3528,1756,21,8,14284.74
3529,1756,18,1,74568.55
3530,1757,13,2,150928.41
3531,1757,12,5,29940.66
3532,1757,23,15,9634.0
3533,1758,24,4,44213.71
3534,1759,23,3,9579.28
3535,1759,4,3,36801.67
3536,1760,2,5,61591.61
3537,1760,20,15,28469.95
3538,1760,13,5,143020.42
3539,1760,15,5,178760.97
3540,1761,9,3,23422.91
3541,1761,19,15,32331.61
3542,1761,1,5,82723.28
3543,1762,18,3,74814.55
3544,1763,12,5,29547.05
3545,1763,22,5,12467.38
3546,1763,7,8,41813.64
3547,1764,10,3,19420.72
3548,1764,13,3,149791.6
3549,1765,30,4,14878.52
3550,1765,13,2,148672.23
3551,1765,16,5,126964.57
3552,1766,7,2,41680.37
3553,1766,17,4,204550.48
3554,1766,20,12,28273.6
3555,1766,4,4,39675.89
3556,1767,12,7,29641.2
3557,1767,5,2,75007.33
3558,1767,18,4,75549.42
3559,1768,2,3,63746.2
3560,1769,9,3,24378.17
3561,1770,15,5,180528.43
3562,1770,9,2,24861.65
3563,1771,12,5,27860.49
3564,1771,16,3,135525.83
3565,1772,8,3,65349.35
3566,1772,12,2,29720.61
3567,1772,20,4,28059.74
3568,1772,22,6,12419.85
3569,1773,13,1,147692.3
3570,1773,6,5,94846.19
3571,1773,14,3,112286.44
3572,1774,19,13,33395.61
3573,1774,23,15,10250.75
3574,1775,2,2,62057.25
3575,1776,17,1,215116.42
3576,1776,22,6,12900.12
3577,1776,13,5,145724.2
3578,1776,7,7,41759.15
3579,1777,10,3,19004.82
3580,1777,12,10,29529.09
3581,1777,11,6,35446.53
3582,1777,9,3,23695.58
3583,1778,15,3,167144.57
3584,1778,2,1,59711.78
3585,1779,23,6,9859.25
3586,1779,7,5,43028.06
3587,1779,10,2,17889.69
3588,1779,12,9,29757.57
3589,1780,13,3,137873.38
3590,1781,18,4,77363.59
3591,1781,13,5,148059.26
3592,1782,16,5,132065.85
3593,1782,14,5,119947.36
3594,1783,13,3,139201.87
3595,1783,17,1,201611.55
3596,1783,8,2,65270.07
3597,1783,12,4,28598.82
3598,1784,17,2,213887.97
3599,1784,16,5,127004.57
3600,1785,13,2,145543.33
3601,1785,24,4,46683.16
3602,1785,20,14,27665.05
3603,1785,18,5,77568.87
3604,1786,8,2,64890.64
3605,1786,7,6,42834.75
3606,1786,13,4,150993.21
3607,1786,12,5,28330.08
3608,1787,1,5,87872.57
3609,1787,8,5,67719.69
3610,1787,7,3,43605.04
3611,1788,24,7,45364.31
3612,1789,10,4,18716.15
3613,1789,11,3,36360.14
3614,1789,12,3,28235.35
3615,1790,19,14,32816.8
3616,1790,10,4,19140.95
3617,1790,15,4,168114.66
3618,1790,23,15,9741.81
3619,1791,3,3,47973.21
3620,1791,8,10,70353.26
3621,1792,19,5,32734.2
3622,1792,18,3,77270.85
3623,1792,27,6,4937.98
3624,1792,2,4,61530.43
3625,1793,18,1,72744.3
3626,1793,7,6,40631.29
3627,1794,9,10,23344.23
3628,1795,30,8,14075.45
3629,1795,3,4,45730.62
3630,1795,15,4,175676.34
3631,1795,11,10,37448.62
3632,1796,17,5,215867.6
3633,1797,15,5,170098.06
3634,1797,24,6,45547.2
3635,1798,19,15,31502.45
3636,1798,30,4,14905.22
3637,1799,20,10,29218.12
3638,1800,8,6,65038.01
3639,1800,1,4,87064.03
3640,1800,23,4,9390.32
3641,1800,9,10,23176.51
3642,1801,14,1,113132.56
3643,1801,18,4,77155.23
3644,1801,4,3,38673.15
3645,1801,12,10,29452.89
3646,1802,5,5,71631.33
3647,1802,21,5,15644.79
3648,1802,16,1,126857.0
3649,1802,10,7,19402.51
3650,1803,7,10,42503.21
3651,1803,19,9,30646.3
3652,1803,18,3,75288.51
3653,1804,16,2,136343.99
3654,1804,17,3,216988.86
3655,1805,6,4,91231.88
3656,1805,11,8,34984.51
3657,1805,5,1,69038.5
3658,1805,2,5,64188.26
3659,1806,8,2,65374.03
3660,1807,19,10,30645.95
3661,1807,27,5,4941.77
3662,1808,14,2,117074.78
3663,1808,15,1,174478.61
3664,1809,13,1,142251.85
3665,1809,19,6,31923.91
3666,1809,16,3,130304.74
3667,1810,9,8,24969.13
3668,1810,2,5,64585.83
3669,1810,7,4,41923.68
3670,1811,26,11,6281.91
3671,1811,15,3,168102.22
3672,1811,1,5,86704.79
3673,1812,7,6,43394.7
3674,1812,2,1,63977.18
3675,1813,22,15,11921.65
3676,1813,23,6,9870.02
3677,1814,7,5,42937.98
3678,1814,10,5,17748.56
3679,1814,8,5,64659.0
3680,1815,11,7,36990.61
3681,1815,24,12,45671.79
3682,1815,21,15,15118.94
3683,1815,9,2,24149.77
3684,1816,22,10,12670.06
3685,1816,3,1,47608.98
3686,1817,14,2,123463.29
3687,1818,16,4,125779.93
3688,1818,19,10,32501.96
3689,1818,20,14,29175.67
3690,1818,12,4,29424.38
3691,1819,17,5,217970.74
3692,1819,2,1,61453.13
3693,1819,3,2,47682.62
3694,1820,1,5,81598.96
3695,1820,21,7,14502.29
3696,1820,24,7,44414.39
3697,1821,15,2,180398.92
3698,1822,17,3,208723.58
3699,1822,7,3,42706.89
3700,1822,8,7,67432.39
3701,1823,17,3,201664.05
3702,1823,8,10,68816.28
3703,1823,14,4,112559.39
3704,1824,2,3,64100.38
3705,1824,30,12,14679.2
3706,1824,8,8,70448.53
3707,1825,14,3,116623.3
3708,1826,17,5,220291.61
3709,1826,14,2,117767.36
3710,1826,22,12,12704.96
3711,1827,8,7,66189.35
3712,1827,7,6,40290.03
3713,1827,17,2,212285.43
3714,1827,18,2,78154.16
3715,1828,18,2,74434.83
3716,1828,12,4,29035.92
3717,1828,16,2,128060.75
3718,1829,23,12,9535.47
3719,1829,14,4,116476.94
3720,1829,6,5,93871.86
3721,1830,23,9,10070.53
3722,1830,9,4,23482.27
3723,1830,20,9,29242.57
3724,1831,9,2,23879.44
3725,1831,13,5,150248.55
3726,1832,29,12,11443.76
3727,1832,11,7,36391.6
3728,1833,1,2,85589.2
3729,1833,6,4,92942.1
3730,1833,17,1,217129.64
3731,1833,9,2,23420.67
3732,1834,5,2,68432.62
3733,1835,17,5,219440.34
3734,1835,15,3,179192.51
3735,1835,22,13,12346.61
3736,1836,11,10,36400.65
3737,1836,13,4,147911.55
3738,1836,7,8,42353.82
3739,1836,16,5,131212.15
3740,1837,14,5,115176.38
3741,1838,16,4,136346.35
3742,1838,12,7,27550.15
3743,1838,11,10,35720.56
3744,1838,13,4,144875.22
3745,1839,18,2,73753.52
3746,1839,21,12,15581.39
3747,1839,29,10,10810.43
3748,1840,7,7,43182.47
3749,1840,12,5,28954.97
3750,1840,9,6,24962.98
3751,1841,18,5,76667.49
3752,1841,4,1,37242.52
3753,1841,14,3,112757.22
3754,1841,2,5,60907.1
3755,1842,8,8,70546.9
3756,1842,7,8,43094.48
3757,1842,18,3,76554.57
3758,1842,22,11,12960.22
3759,1843,17,3,204135.43
3760,1843,19,3,32863.3
3761,1843,2,4,62305.48
3762,1843,9,3,25120.41
3763,1844,15,5,181293.95
3764,1844,17,4,206855.84
3765,1845,19,6,31639.33
3766,1845,7,5,43038.9
3767,1845,15,3,169947.48
3768,1845,11,10,37011.18
3769,1846,24,6,44770.09
3770,1846,12,4,28118.91
3771,1846,10,3,18457.04
3772,1846,1,4,88253.76
3773,1847,3,3,49758.66
3774,1848,10,4,18824.12
3775,1848,4,2,39684.16
3776,1848,9,2,24022.66
3777,1848,6,5,94889.66
3778,1849,16,3,133495.24
3779,1849,24,6,48028.37
3780,1849,6,3,91564.2
3781,1849,8,9,69699.35
3782,1850,1,2,84797.68
3783,1850,11,9,35213.01
3784,1850,14,1,123407.91
3785,1851,9,3,23539.5
3786,1851,8,6,65200.21
3787,1851,12,5,29440.05
3788,1851,17,5,200721.97
3789,1852,19,12,33123.54
3790,1853,21,9,14785.6
3791,1854,15,3,172259.59
3792,1854,9,8,23677.1
3793,1855,26,12,5970.68
3794,1855,7,2,43519.14
3795,1855,16,1,136692.17
3796,1856,18,2,78393.49
3797,1857,1,1,85850.06
3798,1857,23,12,9889.74
3799,1857,9,3,23008.23
3800,1858,21,11,14572.55
3801,1859,21,9,14889.58
3802,1859,9,9,23876.83
3803,1859,5,4,72080.08
3804,1859,22,14,12451.95
3805,1860,12,8,29137.92
3806,1860,17,1,215047.86
3807,1860,21,9,14764.64
3808,1860,22,3,12533.44
3809,1861,14,2,120261.53
3810,1862,23,14,9492.22
3811,1863,1,3,83115.04
3812,1863,8,10,67471.85
3813,1863,2,3,59239.73
3814,1863,13,5,143383.97
3815,1864,9,9,24882.28
3816,1865,7,6,41805.89
3817,1865,21,5,14641.73
3818,1866,2,1,60065.46
3819,1866,21,4,14275.03
3820,1866,3,2,49358.84
3821,1867,21,4,15055.91
3822,1867,23,9,9613.89
3823,1867,4,4,37249.3
3824,1867,14,3,113000.99
3825,1868,15,5,172793.04
3826,1868,17,3,210724.75
3827,1869,11,10,36992.95
3828,1870,24,4,45949.21
3829,1870,21,12,15460.1
3830,1870,17,5,205875.36
3831,1871,5,4,70778.1
3832,1872,9,4,23316.32
3833,1873,1,5,82622.88
3834,1873,11,3,36171.83
3835,1874,20,11,26782.09
3836,1875,2,3,59688.24
3837,1875,20,7,29161.24
3838,1875,17,3,211558.9
3839,1876,25,11,8700.18
3840,1876,13,5,142308.72
3841,1877,3,1,50352.7
3842,1877,16,1,127995.67
3843,1877,15,3,169676.1
3844,1877,13,3,140990.13
3845,1878,15,3,166429.6
3846,1878,7,3,43653.55
3847,1879,11,6,36589.12
3848,1879,10,8,18946.63
3849,1879,20,14,28840.62
3850,1879,9,3,24679.41
3851,1880,7,4,41607.76
3852,1880,23,7,9644.42
3853,1881,12,3,30261.31
3854,1882,13,4,151991.93
3855,1883,19,3,30588.39
3856,1883,24,13,44309.11
3857,1883,21,15,15360.08
3858,1883,8,8,70204.74
3859,1884,13,4,142909.67
3860,1884,20,13,28790.06
3861,1885,25,10,8239.52
3862,1885,17,1,215160.86
3863,1885,18,2,73257.56
3864,1885,24,13,45317.8
3865,1886,23,13,9756.75
3866,1886,20,5,26685.42
3867,1887,3,5,47230.08
3868,1887,8,6,70074.42
3869,1887,7,4,42462.25
3870,1887,15,2,182016.93
3871,1888,11,2,36743.39
3872,1889,5,4,68514.74
3873,1889,9,10,22868.83
3874,1890,16,3,136583.02
3875,1890,3,4,50182.17
3876,1891,23,8,9350.82
3877,1891,9,3,24322.95
3878,1891,29,10,10813.53
3879,1891,10,5,17640.26
3880,1892,9,8,24732.62
3881,1892,17,4,210647.71
3882,1892,4,4,37420.86
3883,1892,23,12,10123.0
3884,1893,18,1,75366.85
3885,1894,2,5,59042.79
3886,1894,13,2,145812.18
3887,1895,4,5,37152.96
3888,1896,1,5,85980.89
3889,1896,13,2,142524.43
3890,1896,24,7,47641.45
3891,1896,9,5,24144.29
3892,1897,11,3,35134.62
3893,1897,6,1,99341.82
3894,1897,16,2,132802.48
3895,1898,6,4,94755.21
3896,1898,23,8,10024.14
3897,1898,18,4,75950.03
3898,1899,5,4,74265.79
3899,1899,10,7,18278.0
3900,1899,23,5,9670.21
3901,1900,2,5,64518.65
3902,1900,19,15,32844.61
3903,1901,15,2,166980.35
3904,1901,5,3,71475.08
3905,1902,22,10,13008.31
3906,1902,24,3,46509.73
3907,1902,9,10,23325.15
3908,1903,23,8,10124.33
3909,1903,8,3,66171.15
3910,1903,19,10,31431.61
3911,1904,24,8,46458.62
3912,1904,17,5,209759.44
3913,1904,10,6,17735.92
3914,1905,21,11,14828.66
3915,1906,9,3,24813.67
3916,1906,23,12,9793.16
3917,1907,9,8,23653.42
3918,1907,10,8,18149.76
3919,1907,16,4,132387.93
3920,1908,18,1,79142.71
3921,1908,14,3,120789.5
3922,1908,1,1,84116.02
3923,1908,13,1,148749.71
3924,1909,12,4,28050.4
3925,1909,14,5,115413.02
3926,1909,8,6,69851.59
3927,1910,10,10,17665.32
3928,1910,21,9,15232.36
3929,1911,30,10,15182.7
3930,1912,14,2,122837.87
3931,1912,7,7,43555.96
3932,1912,9,7,24706.95
3933,1913,12,9,27852.55
3934,1913,9,6,23800.39
3935,1913,14,5,113920.04
3936,1913,11,9,37280.85
3937,1914,20,10,26980.89
3938,1914,21,9,15637.77
3939,1914,3,5,48352.25
3940,1914,18,2,77600.54
3941,1915,12,4,29878.76
3942,1915,7,4,44020.68
3943,1915,3,3,49068.74
3944,1916,7,9,41806.75
3945,1916,5,2,69043.25
3946,1917,10,6,17977.46
3947,1917,22,10,12676.68
3948,1918,16,1,131284.71
3949,1918,19,10,33056.44
3950,1918,18,5,79330.0
3951,1919,9,7,22964.45
3952,1920,15,5,179913.17
3953,1920,12,3,28795.39
3954,1920,18,2,76152.1
3955,1921,12,7,29472.59
3956,1921,10,9,18378.59
3957,1922,23,3,9781.78
3958,1922,9,6,24356.74
3959,1922,21,6,15725.99
3960,1922,11,9,34566.65
3961,1923,2,2,63400.73
3962,1923,4,5,39362.66
3963,1923,16,2,129339.65
3964,1923,14,3,119106.16
3965,1924,13,1,139341.95
3966,1924,6,3,94642.26
3967,1924,3,5,50212.52
3968,1924,14,3,120291.97
3969,1925,15,3,174445.22
3970,1925,10,6,17767.15
3971,1925,11,6,34542.83
3972,1925,9,9,23313.59
3973,1926,14,5,116427.28
3974,1926,11,2,37202.36
3975,1926,23,15,10258.61
3976,1927,11,6,37198.31
3977,1927,12,3,29445.5
3978,1927,8,10,69859.2
3979,1928,19,15,31018.93
3980,1928,14,3,117339.67
3981,1928,10,3,18040.5
3982,1929,19,7,32734.51
3983,1929,11,9,36793.31
3984,1929,6,2,99504.84
3985,1929,15,3,176258.35
3986,1930,8,9,70984.04
3987,1931,22,3,12028.33
3988,1931,17,4,201616.23
3989,1931,15,5,178111.58
3990,1932,22,14,11919.08
3991,1933,12,6,29216.41
3992,1933,10,4,19321.69
3993,1933,7,8,43696.23
3994,1933,18,3,76595.09
3995,1934,23,9,9746.27
3996,1934,21,6,15435.88
3997,1935,27,12,4941.88
3998,1935,23,9,9354.57
3999,1935,14,2,118400.95
4000,1935,13,2,141092.02
4001,1936,2,5,58945.27
4002,1936,13,5,144537.39
4003,1936,3,4,48649.21
4004,1937,12,5,28459.58
4005,1937,24,12,45604.61
4006,1938,27,10,5022.37
4007,1939,24,3,46755.29
4008,1939,6,2,97893.63
4009,1940,5,2,71206.79
4010,1940,14,3,114241.4
4011,1940,28,5,7797.7
4012,1940,11,6,36747.15
4013,1941,17,5,207697.14
4014,1942,14,2,123391.59
4015,1943,18,2,74649.26
4016,1943,16,1,137587.2
4017,1944,23,12,10099.91
4018,1944,15,5,181390.07
4019,1944,9,9,25113.03
4020,1944,21,9,15622.07
4021,1945,18,3,74329.25
4022,1945,1,5,81579.22
4023,1946,16,4,127876.06
4024,1946,30,7,13984.36
4025,1946,18,1,77444.13
4026,1947,12,8,29037.67
4027,1947,23,15,10189.85
4028,1948,3,4,48819.65
4029,1948,13,3,147347.2
4030,1948,15,3,170921.85
4031,1948,14,1,114278.09
4032,1949,10,2,17936.85
4033,1949,11,6,35887.37
4034,1950,17,1,220319.08
4035,1950,22,9,12010.51
4036,1950,10,8,17842.11
4037,1950,19,10,31747.42
4038,1951,19,13,31731.32
4039,1951,28,4,7156.35
4040,1951,11,8,36219.29
4041,1951,20,11,27691.81
4042,1952,18,2,75142.13
4043,1952,15,4,170742.3
4044,1953,7,3,41585.37
4045,1953,9,2,23728.57
4046,1953,5,1,75349.84
4047,1953,22,13,11894.33
4048,1954,18,1,77559.27
4049,1954,12,2,27907.81
4050,1954,15,5,176292.69
4051,1955,11,4,36286.48
4052,1955,7,9,41064.54
4053,1956,26,3,6260.98
4054,1957,21,5,14852.29
4055,1957,14,1,117096.63
4056,1957,19,11,32665.08
4057,1957,9,10,22825.11
4058,1958,15,5,170288.83
4059,1958,9,5,24437.86
4060,1959,15,4,170437.98
4061,1960,4,3,37384.67
4062,1960,17,2,215701.25
4063,1960,19,3,33203.46
4064,1961,7,4,43725.7
4065,1962,17,3,207220.51
4066,1962,29,9,11072.89
4067,1963,3,5,47778.22
4068,1964,1,4,86693.7
4069,1964,15,4,175005.55
4070,1964,6,3,90950.28
4071,1964,17,1,206429.15
4072,1965,14,5,119069.04
4073,1965,17,4,211230.93
4074,1965,18,4,75677.04
4075,1965,4,1,36135.68
4076,1966,15,5,180233.17
4077,1966,12,5,29994.0
4078,1966,22,15,12170.42
4079,1967,15,5,180096.79
4080,1967,24,14,45775.47
4081,1968,3,3,46158.29
4082,1968,17,3,218335.01
4083,1968,6,3,96908.64
4084,1968,30,5,14998.36
4085,1969,28,2,7767.33
4086,1970,13,4,146368.1
4087,1970,3,5,49046.97
4088,1970,17,4,216971.06
4089,1971,16,5,131639.07
4090,1972,3,3,48833.33
4091,1972,9,9,23159.66
4092,1972,11,4,34799.11
4093,1973,15,3,182757.28
4094,1973,20,12,26629.17
4095,1974,28,10,7768.7
4096,1974,19,9,31612.66
4097,1974,11,4,37519.81
4098,1975,17,2,219061.25
4099,1975,22,3,12655.99
4100,1975,4,4,37768.32
4101,1975,7,5,42291.91
4102,1976,14,4,117627.54
4103,1976,17,1,213571.68
4104,1976,18,2,79711.51
4105,1976,16,5,130936.65
4106,1977,19,9,32126.85
4107,1977,2,3,60150.64
4108,1978,14,1,121395.96
4109,1978,18,2,74116.96
4110,1979,16,1,136415.64
4111,1979,28,11,7863.68
4112,1979,14,1,116806.15
4113,1979,8,5,66918.96
4114,1980,8,6,65214.34
4115,1980,9,9,24516.97
4116,1980,16,3,128750.27
4117,1980,5,3,70468.33
4118,1981,21,6,14409.95
4119,1981,30,10,14910.79
4120,1981,15,3,183104.0
4121,1981,5,1,70732.68
4122,1982,9,4,23676.39
4123,1982,4,5,39366.63
4124,1982,29,10,11151.3
4125,1982,11,2,36643.45
4126,1983,17,2,203044.46
4127,1984,4,1,39527.46
4128,1984,18,3,76457.39
4129,1985,5,5,73165.2
4130,1985,10,10,19011.96
4131,1985,17,4,203762.64
4132,1985,19,7,32964.6
4133,1986,10,4,18641.11
4134,1986,18,5,75181.49
4135,1986,11,2,35044.04
4136,1987,11,2,35895.63
4137,1987,13,1,140342.56
4138,1988,12,3,27985.18
4139,1988,18,2,77752.73
4140,1988,19,4,32714.11
4141,1988,9,7,25073.08
4142,1989,11,9,36430.25
4143,1990,15,4,173513.42
4144,1991,12,2,29811.76
4145,1991,10,9,18042.8
4146,1991,13,2,150331.96
4147,1991,11,10,37470.77
4148,1992,17,2,203734.93
4149,1992,9,10,25085.63
4150,1992,14,5,114650.78
4151,1993,7,6,41309.41
4152,1994,16,4,126396.3
4153,1994,23,8,9800.16
4154,1995,22,3,11994.57
4155,1996,23,9,9796.42
4156,1997,19,12,30813.21
4157,1997,14,1,113506.07
4158,1997,11,7,34654.78
4159,1997,15,5,174124.36
4160,1998,5,2,73828.45
4161,1999,11,3,35437.22
4162,1999,30,7,15101.0
4163,1999,1,4,87909.7
4164,2000,17,2,219945.51
4165,2000,4,3,39255.86
4166,2000,12,3,30435.27
4167,2000,26,6,6238.0
4168,2001,5,4,69540.85
4169,2001,17,1,210359.76
4170,2001,12,3,28065.67
4171,2001,22,14,12436.91
4172,2002,22,10,12089.81
4173,2002,21,6,15203.03
4174,2002,15,3,177146.13
4175,2002,10,4,18691.66
4176,2003,7,7,43696.82
4177,2003,21,6,15591.49
4178,2003,6,1,98181.72
4179,2003,24,3,47209.34
4180,2004,17,1,212954.86
4181,2004,16,5,136806.7
4182,2005,24,3,46311.07
4183,2006,22,14,12317.92
4184,2007,8,6,70577.07
4185,2007,9,4,23678.32
4186,2008,2,4,63747.72
4187,2008,17,1,214574.48
4188,2009,6,1,98917.52
4189,2009,20,10,27276.84
4190,2009,1,4,82316.95
4191,2010,7,6,41963.64
4192,2010,4,5,39784.7
4193,2011,6,1,95206.18
4194,2012,2,2,64969.13
4195,2012,24,7,45762.53
4196,2013,17,5,212884.8
4197,2013,6,3,96106.34
4198,2013,24,10,47322.58
4199,2014,26,11,5902.33
4200,2015,14,3,117586.69
4201,2015,22,8,11888.25
4202,2016,17,1,211567.64
4203,2016,24,3,45688.69
4204,2017,12,6,28423.21
4205,2017,10,5,19132.76
4206,2017,21,7,15237.99
4207,2017,15,2,177472.71
4208,2018,10,4,18914.62
4209,2019,22,8,12889.28
4210,2020,2,5,60118.01
4211,2020,30,11,14355.36
4212,2020,15,2,179188.48
4213,2021,24,8,44502.78
4214,2021,12,5,28519.68
4215,2022,17,1,218230.67
4216,2022,16,2,129059.49
4217,2023,24,6,43932.18
4218,2023,28,6,7201.1
4219,2024,16,3,125685.63
4220,2024,9,5,24514.99
4221,2025,14,2,116192.72
4222,2025,7,8,40102.43
4223,2025,15,3,167927.16
4224,2025,13,3,151484.54
4225,2026,10,2,19062.35
4226,2026,27,12,5038.88
4227,2026,14,2,122665.26
4228,2027,4,3,36370.58
4229,2027,8,7,70128.48
4230,2027,2,3,60341.94
4231,2028,5,1,72621.95
4232,2029,6,3,98832.48
4233,2029,12,5,29664.76
4234,2030,21,15,15711.16
4235,2030,23,4,9636.52
4236,2030,9,7,23990.83
4237,2031,4,4,39130.66
4238,2032,30,12,13965.62
4239,2032,14,1,122010.77
4240,2033,16,2,136558.96
4241,2033,18,3,78977.51
4242,2033,20,8,26967.99
4243,2033,1,4,84454.46
4244,2034,9,4,22931.36
4245,2035,9,8,24229.55
4246,2035,7,6,40697.36
4247,2035,16,1,137450.33
4248,2035,8,3,64900.09
4249,2036,22,14,11995.06
4250,2036,14,5,113855.83
4251,2036,5,5,72412.33
4252,2037,16,1,130493.53
4253,2037,18,1,75298.0
4254,2038,24,8,44107.54
4255,2038,3,4,50068.63
4256,2038,15,1,177814.67
4257,2038,10,10,18567.16
4258,2039,8,10,64833.07
4259,2039,9,9,23175.82
4260,2040,23,4,9969.76
4261,2041,12,5,28878.49
4262,2041,9,2,23918.66
4263,2041,18,1,79491.65
4264,2042,16,5,131253.47
4265,2042,5,5,72927.44
4266,2043,15,3,183346.49
4267,2043,20,9,27892.06
4268,2043,17,4,205032.14
4269,2044,4,5,38057.39
4270,2045,7,10,41318.03
4271,2045,8,3,67489.91
4272,2045,9,7,24405.2
4273,2045,22,6,13121.14
4274,2046,1,5,81164.92
4275,2046,22,6,12610.71
4276,2047,13,2,142817.6
4277,2047,3,4,47190.13
4278,2048,16,4,131763.86
4279,2048,14,1,116566.63
4280,2049,14,4,113371.23
4281,2049,17,2,199764.92
4282,2049,16,1,127228.14
4283,2049,9,7,23571.0
4284,2050,27,11,5036.43
4285,2051,23,11,10136.07
4286,2052,10,5,18537.79
4287,2052,9,8,23033.75
4288,2052,14,3,115035.02
4289,2052,13,1,138183.68
4290,2053,15,2,177014.04
4291,2054,28,6,7204.77
4292,2054,30,12,14373.53
4293,2055,10,4,18522.17
4294,2055,8,7,65278.48
4295,2055,22,5,12056.59
4296,2056,9,8,22933.65
4297,2056,14,1,113629.74
4298,2057,16,4,131361.22
4299,2057,1,2,83805.12
4300,2057,23,12,10031.85
4301,2058,17,2,215716.26
4302,2058,7,7,40191.69
4303,2058,8,10,70047.06
4304,2059,14,4,118321.01
4305,2059,16,4,133780.49
4306,2060,10,5,18345.13
4307,2061,16,5,129663.06
4308,2061,9,6,23527.03
4309,2061,14,3,120290.14
4310,2062,17,4,203519.25
4311,2062,16,2,131498.71
4312,2063,8,3,70295.67
4313,2063,5,1,73407.24
4314,2063,11,3,37512.31
4315,2064,20,13,28206.51
4316,2065,7,6,41807.64
4317,2066,5,1,74381.9
4318,2067,22,13,12720.68
4319,2067,15,4,173411.12
4320,2068,13,2,141546.59
4321,2068,15,1,175274.2
4322,2069,5,1,70646.76
4323,2070,6,2,91737.44
4324,2070,22,12,12710.65
4325,2070,10,2,18504.31
4326,2071,18,3,78222.13
4327,2071,4,4,36480.33
4328,2071,23,10,9826.04
4329,2071,14,1,115199.58
4330,2072,22,7,12268.38
4331,2072,14,4,115971.84
4332,2072,29,6,11319.62
4333,2073,19,6,31087.34
4334,2073,28,6,7318.7
4335,2073,24,11,45768.98
4336,2073,21,6,15162.69
4337,2074,11,6,34520.26
4338,2074,4,3,36369.07
4339,2075,14,4,121057.11
4340,2075,8,3,69379.2
4341,2075,10,9,19287.1
4342,2075,7,2,40241.1
4343,2076,21,9,15430.21
4344,2076,14,4,112541.93
4345,2076,1,1,83137.64
4346,2076,18,4,75725.48
4347,2077,4,5,39201.97
4348,2077,11,6,36060.35
4349,2077,8,8,70095.24
4350,2078,28,9,7127.95
4351,2079,8,9,66729.75
4352,2080,8,2,67620.23
4353,2080,13,4,139295.95
4354,2080,22,3,13115.88
4355,2081,20,4,27350.54
4356,2081,15,3,181111.14
4357,2081,9,5,23357.67
4358,2082,24,9,48230.66
4359,2082,3,2,46698.3
4360,2082,28,12,7144.89
4361,2083,21,6,15610.31
4362,2083,1,3,85996.1
4363,2084,10,7,17971.72
4364,2084,7,9,42619.9
4365,2085,16,2,138092.18
4366,2085,4,2,37137.58
4367,2085,12,4,30244.37
4368,2085,18,3,78628.06
4369,2086,6,2,98188.14
4370,2086,16,4,132704.99
4371,2086,21,14,14367.36
4372,2086,2,3,62474.34
4373,2087,4,5,37583.96
4374,2088,9,7,24142.12
4375,2089,8,7,67745.05
4376,2090,18,1,75153.22
4377,2090,10,10,18707.86
4378,2091,22,7,12375.81
4379,2091,5,5,71624.6
4380,2091,15,3,172560.84
4381,2092,2,5,63347.55
4382,2093,22,14,12924.91
4383,2093,17,4,207848.19
4384,2093,20,8,27502.03
4385,2094,11,4,35601.95
4386,2095,18,1,78156.66
4387,2096,24,3,44082.56
4388,2097,10,3,19140.26
4389,2097,12,6,29834.57
4390,2097,30,11,14683.86
4391,2098,13,2,137767.51
4392,2099,20,11,28990.34
4393,2099,23,12,9922.0
4394,2100,8,5,65100.32
4395,2100,15,5,168435.21
4396,2100,22,13,12181.27
4397,2100,27,7,4907.83
4398,2101,20,4,28761.88
4399,2102,1,4,82563.24
4400,2102,18,4,78446.8
4401,2103,7,5,43379.57
4402,2104,15,1,178329.86
4403,2104,8,8,68045.85
4404,2105,5,5,68876.05
4405,2105,4,3,36156.81
4406,2105,14,5,119963.82
4407,2106,21,5,15432.59
4408,2106,12,8,29884.63
4409,2107,17,2,209183.0
4410,2108,23,12,9624.46
4411,2108,2,3,60047.06
4412,2108,21,7,14701.93
4413,2109,20,15,29181.03
4414,2109,24,9,46033.56
4415,2109,1,1,83377.44
4416,2110,16,3,125720.87
4417,2110,19,8,32198.17
4418,2111,15,3,178543.41
4419,2111,12,2,29785.68
4420,2111,6,2,97659.99
4421,2111,11,2,34818.23
4422,2112,12,4,27595.85
4423,2112,22,6,12459.95
4424,2112,14,4,116764.18
4425,2113,14,3,118102.9
4426,2114,7,4,42514.45
4427,2115,23,12,10242.36
4428,2115,8,9,71197.17
4429,2115,20,12,28925.62
4430,2116,3,3,45923.75
4431,2116,26,6,6336.28
4432,2116,13,1,138683.66
4433,2116,22,10,11889.81
4434,2117,15,4,183012.23
4435,2117,10,3,17766.31
4436,2117,12,6,29667.82
4437,2117,14,1,121498.5
4438,2118,8,2,69653.18
4439,2119,8,6,71360.74
4440,2119,12,9,28197.2
4441,2120,19,10,32585.45
4442,2120,8,3,65768.0
4443,2121,16,3,135464.96
4444,2121,15,2,169468.11
4445,2121,7,3,42492.17
4446,2121,5,3,69391.63
4447,2122,18,1,75520.09
4448,2122,22,12,12747.73
4449,2122,20,13,27707.57
4450,2122,17,3,206923.13
4451,2123,19,3,33462.38
4452,2124,13,5,142151.83
4453,2125,20,9,29055.92
4454,2125,13,1,140792.16
4455,2125,17,2,202209.04
4456,2126,18,5,73954.94
4457,2126,20,13,27360.81
4458,2126,15,2,183675.88
4459,2127,5,1,75460.4
4460,2127,20,11,26684.38
4461,2127,23,14,9698.47
4462,2128,10,8,19121.87
4463,2129,21,3,14623.09
4464,2129,3,3,46936.55
4465,2129,13,4,139194.06
4466,2129,11,9,34215.42
4467,2130,18,3,76397.62
4468,2130,13,4,143654.64
4469,2130,17,2,210330.21
4470,2131,13,3,137838.03
4471,2131,6,5,99411.08
4472,2132,24,9,44154.09
4473,2132,20,4,27523.71
4474,2132,15,3,169046.45
4475,2132,14,2,119895.78
4476,2133,11,5,37742.78
4477,2134,20,8,29179.45
4478,2134,22,10,13118.82
4479,2134,15,2,176676.75
4480,2134,13,1,139429.27
4481,2135,21,8,15009.81
4482,2135,8,9,67628.19
4483,2135,12,4,28715.41
4484,2136,16,3,132416.12
4485,2136,14,1,115105.78
4486,2137,5,5,68450.35
4487,2137,22,4,12920.96
4488,2137,9,4,23227.42
4489,2138,12,7,30332.91
4490,2138,24,14,45376.54
4491,2139,18,3,76482.83
4492,2139,10,9,18684.23
4493,2140,14,4,123775.38
4494,2141,15,3,174435.38
4495,2141,28,6,7368.85
4496,2142,16,1,132653.3
4497,2143,29,9,11452.72
4498,2143,13,3,147309.81
4499,2143,26,3,6371.48
4500,2144,11,8,34418.84
4501,2144,2,3,61742.74
4502,2145,17,5,218150.57
4503,2146,16,3,130553.49
4504,2146,13,2,148342.58
4505,2147,11,4,35879.55
4506,2147,21,14,14840.92
4507,2147,14,2,118246.27
4508,2147,12,10,29512.22
4509,2148,12,10,30046.26
4510,2148,11,3,36165.95
4511,2149,23,10,9698.01
4512,2149,18,5,72265.0
4513,2149,14,4,119031.15
4514,2150,21,10,15275.99
4515,2150,22,15,12262.13
4516,2150,13,4,143593.38
4517,2151,20,9,28392.7
4518,2151,3,2,47029.05
4519,2152,5,1,73363.46
4520,2152,18,3,74096.09
4521,2152,11,5,37515.25
4522,2152,12,2,28889.98
4523,2153,9,9,24017.72
4524,2153,18,4,74706.98
4525,2153,23,4,9680.85
4526,2153,8,6,69204.9
4527,2154,6,2,90789.5
4528,2154,12,3,29888.47
4529,2154,4,4,36456.89
4530,2154,2,3,62977.05
4531,2155,11,5,35596.46
4532,2156,14,5,115894.25
4533,2156,15,4,176428.75
4534,2157,17,3,213824.48
4535,2157,14,2,113126.58
4536,2157,26,12,6386.72
4537,2158,16,2,129539.02
4538,2158,21,15,14428.32
4539,2158,20,7,28263.86
4540,2159,14,2,115260.49
4541,2160,16,5,129752.56
4542,2160,14,3,115804.77
4543,2160,10,2,19264.51
4544,2160,13,4,139396.42
4545,2161,16,3,128904.19
4546,2161,3,5,46915.65
4547,2161,10,3,18992.05
4548,2162,8,3,71104.55
4549,2163,12,2,29993.94
4550,2163,10,8,17766.23
4551,2164,14,5,119759.47
4552,2164,24,3,45377.52
4553,2165,17,3,204714.98
4554,2165,15,3,172720.04
4555,2165,3,5,47198.24
4556,2166,26,7,6155.8
4557,2166,10,10,18695.57
4558,2167,2,2,62906.23
4559,2167,8,2,66387.4
4560,2167,1,1,85166.16
4561,2168,10,4,19328.87
4562,2168,12,2,28082.85
4563,2169,17,4,207365.02
4564,2169,7,8,40337.57
4565,2170,10,2,19272.72
4566,2171,30,3,14025.33
4567,2172,14,3,115750.2
4568,2173,11,9,37418.57
4569,2174,12,3,29148.58
4570,2175,24,6,46405.56
4571,2175,19,14,32308.06
4572,2176,23,5,9420.23
4573,2176,2,1,61878.38
4574,2176,16,1,136829.78
4575,2176,3,2,48052.36
4576,2177,9,4,23889.67
4577,2177,15,5,176044.05
4578,2177,12,10,30128.5
4579,2177,23,5,9370.9
4580,2178,18,5,78512.52
4581,2178,19,4,33538.72
4582,2179,11,10,34390.86
4583,2179,16,4,130226.91
4584,2180,15,4,173396.16
4585,2180,4,1,38557.58
4586,2180,3,4,46347.03
4587,2181,3,2,47336.58
4588,2181,17,4,214092.41
4589,2181,11,10,35139.14
4590,2182,18,5,74271.64
4591,2182,10,9,19009.56
4592,2182,16,1,127278.09
4593,2182,23,12,9754.69
4594,2183,8,8,68152.68
4595,2183,20,11,28830.62
4596,2184,6,1,96970.72
4597,2184,21,4,14906.32
4598,2185,10,3,18769.13
4599,2186,16,4,132564.28
4600,2186,14,1,120241.69
4601,2186,28,8,7354.21
4602,2186,11,7,36489.52
4603,2187,11,5,37431.24
4604,2187,3,2,48271.89
4605,2188,15,3,167706.1
4606,2188,7,3,42322.56
4607,2188,18,5,77374.94
4608,2189,7,3,41879.38
4609,2190,7,7,40616.31
4610,2190,8,2,67804.81
4611,2190,15,2,170186.37
4612,2190,29,7,11255.21
4613,2191,8,6,67403.53
4614,2191,21,4,14387.39
4615,2191,5,1,68768.94
4616,2191,7,9,42232.12
4617,2192,14,1,116492.24
4618,2192,16,5,131650.93
4619,2192,24,6,46935.32
4620,2193,13,2,146741.51
4621,2193,3,5,49394.67
4622,2194,16,3,133848.05
4623,2194,4,3,38361.01
4624,2194,22,14,12261.54
4625,2194,2,3,59838.36
4626,2195,20,3,27387.59
4627,2195,7,7,43169.95
4628,2195,15,1,182720.26
4629,2196,14,2,117511.31
4630,2196,23,15,9535.17
4631,2196,10,8,18946.88
4632,2197,7,8,43121.91
4633,2197,17,3,206713.61
4634,2197,22,7,12623.39
4635,2197,15,5,171469.81
4636,2198,7,6,41046.05
4637,2198,23,3,9517.21
4638,2198,3,5,47523.69
4639,2198,13,3,144191.03
4640,2199,11,10,35772.23
4641,2199,15,2,171803.41
4642,2199,30,11,13933.46
4643,2200,13,5,143143.2
4644,2201,27,8,4885.17
4645,2202,8,3,66250.79
4646,2202,4,1,38000.3
4647,2202,18,4,77696.42
4648,2203,24,11,43738.24
4649,2203,20,5,28438.59
4650,2204,15,5,183186.6
4651,2204,8,2,66877.64
4652,2204,12,4,29935.64
4653,2204,11,10,37312.07
4654,2205,27,9,5026.44
4655,2205,18,5,74328.31
4656,2206,9,4,24201.3
4657,2206,1,4,86878.99
4658,2206,5,2,68980.35
4659,2207,14,4,116064.2
4660,2207,16,3,135968.05
4661,2207,20,9,27848.84
4662,2207,4,5,39594.03
4663,2208,11,10,35859.69
4664,2208,9,6,23590.53
4665,2208,16,3,138157.49
4666,2208,13,1,151061.98
4667,2209,23,14,10274.05
4668,2209,7,7,43942.76
4669,2210,16,3,134158.05
4670,2210,18,2,74108.88
4671,2210,5,5,68595.95
4672,2210,15,5,171261.0
4673,2211,8,8,69487.62
4674,2211,22,4,13026.4
4675,2211,15,4,175951.73
4676,2212,14,2,122340.17
4677,2212,17,1,213301.85
4678,2212,9,10,22872.61
4679,2212,8,3,67175.62
4680,2213,22,13,13029.75
4681,2213,13,2,149886.45
4682,2214,6,4,90890.35
4683,2214,12,4,28374.38
4684,2215,3,4,46502.65
4685,2215,13,2,146820.38
4686,2215,14,4,118525.46
4687,2215,18,5,77963.05
4688,2216,4,1,37312.01
4689,2217,11,7,36048.96
4690,2217,9,8,23582.65
4691,2217,1,5,88655.78
4692,2218,23,13,9821.81
4693,2218,7,4,43742.45
4694,2219,7,7,43403.56
4695,2219,22,12,13027.93
4696,2219,21,5,15055.29
4697,2219,6,5,99656.41
4698,2220,3,2,45813.39
4699,2220,14,2,121711.0
4700,2220,10,3,19041.44
4701,2220,20,6,28688.22
4702,2221,16,4,132303.0
4703,2222,16,4,132595.85
4704,2222,18,3,73614.76
4705,2222,17,4,220112.7
4706,2223,17,4,208925.55
4707,2223,15,4,183224.11
4708,2224,12,10,28209.91
4709,2225,18,3,78380.82
4710,2225,24,14,45394.1
4711,2226,10,4,17931.82
4712,2226,22,10,12680.4
4713,2227,15,2,172194.0
4714,2228,22,6,11951.12
4715,2228,16,2,135240.13
4716,2228,20,5,28142.1
4717,2229,1,3,86778.08
4718,2229,19,15,32725.83
4719,2229,15,3,171331.19
4720,2229,11,5,37731.97
4721,2230,4,1,37214.05
4722,2230,16,5,132494.17
4723,2230,27,11,4762.24
4724,2230,21,9,15554.17
4725,2231,16,3,130417.5
4726,2231,15,5,177996.06
4727,2231,6,4,94994.88
4728,2231,14,2,119458.48
4729,2232,26,6,6227.51
4730,2233,10,9,17628.66
4731,2233,22,5,12173.94
4732,2233,21,12,15510.46
4733,2234,28,6,7148.83
4734,2234,12,10,29274.46
4735,2234,13,2,151438.79
4736,2235,14,5,118137.5
4737,2236,17,4,201413.47
4738,2237,14,2,116299.07
4739,2237,7,7,43642.59
4740,2237,8,2,68277.7
4741,2237,13,3,149619.84
4742,2238,8,7,67345.16
4743,2238,18,4,75931.62
4744,2239,15,4,172651.75
4745,2239,11,7,35865.65
4746,2239,6,3,93607.81
4747,2239,12,7,29323.66
4748,2240,25,7,8350.58
4749,2240,24,13,45478.92
4750,2240,12,3,28835.02
4751,2241,9,3,24141.96
4752,2241,20,14,27476.24
4753,2241,22,5,12886.26
4754,2242,6,5,96379.76
4755,2243,19,9,32480.36
4756,2243,13,5,146872.71
4757,2244,15,4,171419.43
4758,2244,14,1,121585.21
4759,2245,24,5,45878.49
4760,2246,21,10,14553.72
4761,2246,11,4,35280.67
4762,2246,18,3,77392.34
4763,2246,13,2,148448.49
4764,2247,3,1,49136.57
4765,2247,14,4,114855.91
4766,2247,19,12,31201.65
4767,2248,19,11,33283.77
4768,2248,12,4,28575.39
4769,2249,7,2,41085.72
4770,2249,5,3,69037.49
4771,2249,2,2,60914.49
4772,2250,17,5,201326.17
4773,2250,25,5,8754.93
4774,2250,24,6,44905.14
4775,2250,9,9,22964.78
4776,2251,24,12,45689.06
4777,2251,16,4,132618.61
4778,2252,14,3,121768.76
4779,2253,20,3,28765.16
4780,2254,6,2,95023.76
4781,2255,15,5,181287.71
4782,2255,8,10,71065.36
4783,2256,12,10,29613.07
4784,2257,21,15,14790.7
4785,2257,17,1,213698.11
4786,2257,1,5,82059.68
4787,2257,20,8,27699.15
4788,2258,14,2,121072.43
4789,2258,6,4,94896.03
4790,2259,30,3,15096.36
4791,2259,18,2,77449.94
4792,2259,1,5,81728.79
4793,2260,15,1,168210.25
4794,2260,20,3,28737.64
4795,2260,27,6,4844.37
4796,2260,10,3,18048.79
4797,2261,21,3,15489.56
4798,2261,9,4,23659.45
4799,2261,4,2,36959.16
4800,2261,2,1,61345.12
4801,2262,24,11,47049.21
4802,2262,18,1,74597.48
4803,2263,25,5,8720.74
4804,2263,10,5,17686.79
4805,2263,11,2,34249.19
4806,2263,9,8,24993.59
4807,2264,11,5,37300.67
4808,2264,14,2,120242.26
4809,2264,17,1,215085.98
4810,2264,7,2,42335.99
4811,2265,13,5,143852.41
4812,2266,15,2,181026.65
4813,2266,22,8,12986.94
4814,2267,18,5,77470.52
4815,2267,11,4,35076.26
4816,2267,7,9,40683.32
4817,2267,10,10,19126.16
4818,2268,23,8,10037.84
4819,2268,7,5,42504.87
4820,2269,4,1,39762.65
4821,2270,8,5,67512.89
4822,2270,9,10,24505.04
4823,2270,17,2,202552.77
4824,2271,7,6,42818.4
4825,2271,11,7,36067.97
4826,2272,9,10,23833.75
4827,2272,10,3,18301.86
4828,2272,7,4,40062.08
4829,2272,16,3,129956.73
4830,2273,10,8,17644.04
4831,2273,17,3,199602.29
4832,2274,15,3,180236.93
4833,2275,11,3,36744.24
4834,2275,24,9,47801.51
4835,2275,17,4,201983.52
4836,2276,7,5,43585.29
4837,2276,17,5,202994.1
4838,2276,19,15,31465.11
4839,2277,21,9,15707.02
4840,2277,2,4,62004.81
4841,2277,17,3,218922.89
4842,2278,7,6,43289.21
4843,2278,18,3,77002.31
4844,2279,15,5,172448.02
4845,2279,10,2,17591.4
4846,2279,25,3,8585.83
4847,2280,20,5,27990.32
4848,2280,14,5,116541.61
4849,2280,9,4,24457.12
4850,2280,23,14,10164.84
4851,2281,11,5,36126.29
4852,2281,19,12,31439.5
4853,2282,17,2,204931.39
4854,2282,23,12,9393.33
4855,2282,21,3,15065.39
4856,2282,16,3,136700.95
4857,2283,17,3,211301.43
4858,2284,4,4,36228.92
4859,2284,20,15,27963.64
4860,2285,23,8,10168.75
4861,2285,14,5,123364.93
4862,2285,18,4,75450.88
4863,2286,13,4,149967.26
4864,2286,21,9,14445.65
4865,2286,11,2,37682.02
4866,2287,12,3,29430.25
4867,2288,15,4,176399.27
4868,2288,24,15,45167.05
4869,2288,16,1,136172.71
4870,2288,23,6,10116.85
4871,2289,18,5,76805.9
4872,2289,24,13,47620.31
4873,2289,16,1,131539.63
4874,2289,25,4,8655.62
4875,2290,21,10,14857.55
4876,2290,18,2,72511.25
4877,2290,17,3,211248.18
4878,2291,21,5,15188.27
4879,2292,9,4,24689.22
4880,2292,5,2,73007.33
4881,2293,17,4,214471.78
4882,2293,6,4,95700.89
4883,2293,12,5,27690.01
4884,2293,15,4,171043.58
4885,2294,28,3,7745.95
4886,2294,11,4,37380.71
4887,2294,19,11,33168.97
4888,2294,25,12,8831.59
4889,2295,18,1,75906.07
4890,2295,7,8,40400.89
4891,2295,11,6,35116.48
4892,2296,29,10,10715.23
4893,2297,9,4,24555.49
4894,2297,11,5,37654.63
4895,2297,6,5,98963.84
4896,2297,3,2,46757.64
4897,2298,29,12,11372.66
4898,2298,22,3,11945.63
4899,2298,7,4,41330.68
4900,2298,13,2,139004.92
4901,2299,8,4,67362.02
4902,2300,24,9,45594.9
4903,2301,16,3,137419.45
4904,2302,8,7,67723.74
4905,2302,11,10,34680.95
4906,2303,19,3,31004.52
4907,2304,18,5,78605.13
4908,2304,13,2,144817.56
4909,2304,23,13,9811.87
4910,2304,22,15,12884.48
4911,2305,16,1,132932.43
4912,2305,5,2,70365.33
4913,2306,12,8,28975.95
4914,2306,10,8,19302.66
4915,2306,16,3,126182.3
4916,2307,24,7,47435.54
4917,2307,10,4,18365.08
4918,2307,9,3,24656.19
4919,2307,7,9,44091.33
4920,2308,11,7,34212.57
4921,2308,1,2,83362.32
4922,2308,20,3,27120.53
4923,2309,8,2,66073.61
4924,2309,4,3,37412.19
4925,2310,26,5,5896.27
4926,2310,1,4,87154.63
4927,2310,2,4,60308.02
4928,2311,9,4,24353.51
4929,2312,12,9,28617.48
4930,2312,18,5,73720.8
4931,2312,23,12,10273.78
4932,2313,21,6,14849.16
4933,2314,20,6,26980.81
4934,2314,8,6,65480.73
4935,2314,10,8,17869.78
4936,2314,5,2,71750.54
4937,2315,8,4,66891.73
4938,2315,7,2,40878.93
4939,2316,24,14,46986.15
4940,2316,17,5,206056.08
4941,2317,13,2,148524.42
4942,2317,15,2,170331.38
4943,2318,24,13,46172.07
4944,2318,2,5,60641.77
4945,2319,19,5,31552.15
4946,2319,11,2,35169.78
4947,2319,13,5,145344.59
4948,2319,22,15,13044.06
4949,2320,10,8,18574.65
4950,2321,18,3,74534.44
4951,2321,24,5,44140.95
4952,2321,12,10,29845.5
4953,2321,8,8,66567.69
4954,2322,14,4,114438.98
4955,2322,29,8,11024.63
4956,2322,8,6,69535.63
4957,2323,11,5,36488.37
4958,2323,8,9,68772.54
4959,2324,6,5,98443.83
4960,2324,19,14,31591.34
4961,2324,13,5,145142.23
4962,2324,23,8,10091.91
4963,2325,24,3,44287.73
4964,2326,10,10,18323.85
4965,2327,10,5,19407.36
4966,2328,7,6,43381.12
4967,2328,12,8,28265.18
4968,2328,10,3,19222.57
4969,2328,17,3,203389.17
4970,2329,4,2,36680.28
4971,2329,11,8,35071.25
4972,2330,17,4,204284.89
4973,2330,23,8,10208.61
4974,2330,14,5,118742.01
4975,2330,12,6,28752.8
4976,2331,24,8,44612.58
4977,2331,11,9,34981.92
4978,2331,18,1,72319.32
4979,2331,16,2,130418.24
4980,2332,18,2,74867.02
4981,2332,10,5,18906.66
4982,2332,2,2,60667.5
4983,2332,9,5,24236.13
4984,2333,10,2,19049.35
4985,2334,13,3,145706.38
4986,2335,12,2,29718.59
4987,2335,18,2,75341.46
4988,2335,10,10,19215.15
4989,2335,20,13,27913.28
4990,2336,24,7,44120.28
4991,2336,25,11,8645.26
4992,2336,10,3,19274.15
4993,2337,6,3,96315.76
4994,2337,7,6,41370.29
4995,2337,9,6,23804.32
4996,2338,16,2,134490.39
4997,2338,29,9,11294.92
4998,2338,6,3,91492.3
4999,2339,22,9,12305.96
5000,2340,10,10,19052.87
5001,2341,22,4,12616.77
5002,2341,5,5,70102.0
5003,2341,8,6,67012.37
5004,2342,11,5,36012.11
5005,2342,9,2,23159.51
5006,2342,17,5,216902.66
5007,2342,12,4,28319.13
5008,2343,14,3,115063.4
5009,2343,9,4,25192.19
5010,2344,6,3,93944.32
5011,2344,5,4,68857.18
5012,2345,15,4,177133.21
5013,2346,9,2,23308.65
5014,2346,11,6,35854.4
5015,2346,23,4,9953.93
5016,2346,4,1,36807.8
5017,2347,1,2,86929.71
5018,2348,21,11,15432.98
5019,2348,19,13,32201.69
5020,2348,20,15,28919.93
5021,2348,17,5,204153.83
5022,2349,11,8,36772.74
5023,2349,19,4,33007.75
5024,2350,7,2,40602.87
5025,2350,11,5,37043.35
5026,2350,13,1,140423.21
5027,2351,4,1,39759.81
5028,2351,15,5,167208.98
5029,2351,24,15,44116.84
5030,2352,23,4,9495.9
5031,2352,12,7,27654.93
5032,2352,7,3,42721.74
5033,2353,5,4,72232.23
5034,2353,16,4,126413.8
5035,2354,12,6,29319.93
5036,2355,8,4,69708.25
5037,2355,5,3,68524.36
5038,2356,19,5,33481.08
5039,2357,14,1,121096.39
5040,2357,16,2,138094.71
5041,2358,9,2,24397.74
5042,2359,12,3,30263.34
5043,2359,9,10,24133.61
5044,2360,16,3,132539.9
5045,2360,7,3,42800.12
5046,2360,2,4,63791.76
5047,2360,24,3,46688.47
5048,2361,29,7,11487.51
5049,2362,12,3,28037.25
5050,2362,16,1,136375.3
5051,2362,13,1,147424.77
5052,2362,15,5,181015.73
5053,2363,14,3,116314.69
5054,2363,5,4,72581.83
5055,2364,14,2,113457.26
5056,2364,16,5,131082.27
5057,2365,5,4,72959.51
5058,2366,1,3,83804.14
5059,2366,7,3,40492.12
5060,2366,14,4,112169.45
5061,2366,16,1,137826.81
5062,2367,18,4,78582.74
5063,2368,22,4,12195.82
5064,2369,17,3,205035.85
5065,2369,9,2,24768.54
5066,2370,12,7,29953.04
5067,2371,8,9,66383.47
5068,2372,11,5,36663.33
5069,2372,21,12,15230.79
5070,2372,8,6,65131.58
5071,2372,17,1,205597.47
5072,2373,12,9,30182.33
5073,2373,14,5,115494.33
5074,2373,10,3,19199.55
5075,2374,13,4,151353.25
5076,2374,28,4,7518.33
5077,2374,19,10,33565.53
5078,2375,3,5,49951.86
5079,2375,18,4,73184.03
5080,2375,5,1,69270.91
5081,2375,8,10,67313.32
5082,2376,21,12,15033.14
5083,2377,4,5,38359.08
5084,2377,24,9,45922.34
5085,2377,16,3,130395.92
5086,2378,24,7,43906.1
5087,2378,15,4,182907.3
5088,2378,14,3,113845.92
5089,2378,16,3,127398.1
5090,2379,1,5,83478.75
5091,2379,6,3,95951.93
5092,2379,5,2,69177.6
5093,2379,25,7,8731.81
5094,2380,24,6,45220.11
5095,2381,13,5,141696.83
5096,2382,17,5,204328.65
5097,2382,20,5,26955.25
5098,2382,19,3,32334.5
5099,2382,5,3,74998.2
5100,2383,21,14,15211.01
5101,2383,13,5,151180.45
5102,2384,9,5,24434.19
5103,2384,22,12,12827.57
5104,2384,15,1,179485.69
5105,2384,13,4,151243.12
5106,2385,14,4,119447.96
5107,2385,12,10,27784.35
5108,2386,19,15,32579.41
5109,2387,15,2,183284.92
5110,2387,10,10,19003.86
5111,2387,22,15,12146.31
5112,2387,12,9,28859.81
5113,2388,21,5,14875.52
5114,2388,22,11,12528.35
5115,2388,8,9,70202.96
5116,2389,9,4,23107.83
5117,2389,10,3,17700.08
5118,2390,30,10,14872.98
5119,2390,9,2,25163.77
5120,2390,15,2,175945.33
5121,2390,12,9,28010.63
5122,2391,10,8,18277.43
5123,2391,7,10,40439.72
5124,2391,12,6,28480.76
5125,2392,18,2,72622.68
5126,2392,8,3,69251.3
5127,2392,6,4,95526.73
5128,2392,19,8,32886.83
5129,2393,7,2,41919.21
5130,2393,13,3,149210.11
5131,2394,18,1,72315.71
5132,2394,9,6,23653.13
5133,2394,12,8,30250.98
5134,2395,21,7,15647.36
5135,2395,17,5,217354.28
5136,2395,13,3,141038.33
5137,2396,5,4,69585.32
5138,2396,11,9,34302.57
5139,2397,24,6,47342.39
5140,2398,15,5,176743.88
5141,2398,12,10,29582.95
5142,2398,6,4,96205.54
5143,2399,4,5,37633.19
5144,2400,17,5,202722.37
5145,2400,20,10,27823.89
5146,2401,10,6,18654.24
5147,2401,14,2,113486.79
5148,2402,17,3,205044.81
5149,2402,16,1,129225.86
5150,2403,21,14,15662.7
5151,2403,24,6,47368.76
5152,2404,10,9,18048.3
5153,2404,8,8,67217.97
5154,2404,3,4,45660.1
5155,2404,22,9,13077.94
5156,2405,17,2,202023.07
5157,2405,30,12,14556.21
5158,2406,8,10,67424.3
5159,2407,9,9,23120.79
5160,2407,14,5,114530.69
5161,2408,6,3,96366.55
5162,2409,12,2,30160.39
5163,2409,10,2,19216.77
5164,2409,8,3,65835.59
5165,2409,15,2,183723.42
5166,2410,11,3,34604.87
5167,2410,9,8,23643.56
5168,2410,15,2,168321.15
5169,2411,22,11,12727.76
5170,2411,12,2,28440.1
5171,2411,20,15,27653.54
5172,2411,19,4,32605.75
5173,2412,9,10,24735.58
5174,2412,23,7,9473.58
5175,2412,22,12,12818.38
5176,2413,16,2,137406.59
5177,2414,10,4,18479.39
5178,2414,12,9,28931.1
5179,2414,8,7,69960.53
5180,2414,7,6,40275.06
5181,2415,25,11,8369.14
5182,2415,23,3,10250.73
5183,2415,21,5,14898.53
5184,2416,2,2,62668.39
5185,2416,16,4,126917.76
5186,2416,1,1,81387.46
5187,2416,13,3,142215.25
5188,2417,8,5,67406.35
5189,2418,8,3,66378.53
5190,2418,7,3,39910.65
5191,2418,22,4,12875.28
5192,2419,21,10,15306.05
5193,2419,18,5,76537.22
5194,2419,16,2,132400.17
5195,2419,4,4,38429.77
5196,2420,8,8,67674.22
5197,2420,29,12,10883.84
5198,2420,14,2,117505.22
5199,2420,9,4,22937.12
5200,2421,10,4,19232.24
5201,2421,5,4,69145.62
5202,2421,3,3,49992.03
5203,2421,8,4,69823.9
5204,2422,7,3,42761.42
5205,2422,12,3,29967.26
5206,2422,11,5,36451.26
5207,2422,16,1,136186.46
5208,2423,10,10,18595.88
5209,2423,12,8,29737.54
5210,2423,17,3,213644.56
5211,2423,9,10,23708.41
5212,2424,5,3,74370.8
5213,2424,2,4,60597.6
5214,2424,1,2,84002.77
5215,2424,16,4,134083.66
5216,2425,9,7,24043.78
5217,2425,22,9,12648.78
5218,2425,6,3,99488.25
5219,2426,12,5,28347.72
5220,2427,3,1,49041.13
5221,2427,13,3,141249.39
5222,2427,11,2,36212.97
5223,2427,18,5,75227.56
5224,2428,21,8,15566.29
5225,2428,15,3,175944.4
5226,2429,22,11,11884.11
5227,2430,8,10,67128.74
5228,2430,9,4,24531.88
5229,2431,17,4,205861.82
5230,2432,21,15,15421.2
5231,2433,14,1,123517.57
5232,2433,1,3,80761.12
5233,2433,3,2,49491.83
5234,2433,19,8,30730.75
5235,2434,11,5,37329.66
5236,2434,12,8,28147.33
5237,2435,4,3,38561.33
5238,2435,16,4,135241.48
5239,2435,14,4,114419.48
5240,2436,15,5,168816.14
5241,2436,18,3,78418.03
5242,2436,13,1,140346.07
5243,2436,7,9,43277.61
5244,2437,23,8,9422.68
5245,2438,27,11,4982.95
5246,2438,12,9,28136.34
5247,2438,14,1,117139.97
5248,2439,15,4,181338.69
5249,2439,12,9,29081.5
5250,2439,16,1,137885.05
5251,2440,24,13,44543.75
5252,2440,16,1,134985.83
5253,2440,4,3,37744.31
5254,2441,13,5,147612.9
5255,2441,15,5,169440.83
5256,2441,4,1,39378.24
5257,2441,8,5,67945.49
5258,2442,12,10,30349.64
5259,2442,25,5,8847.84
5260,2442,16,5,131285.8
5261,2443,5,1,71922.81
5262,2443,13,4,150002.82
5263,2443,7,8,41022.78
5264,2444,16,5,128105.8
5265,2444,12,6,28829.97
5266,2444,23,6,10099.42
5267,2444,18,3,75714.55
5268,2445,3,3,48912.48
5269,2445,15,3,177103.34
5270,2445,11,2,36411.62
5271,2445,17,5,217751.83
5272,2446,22,15,13107.54
5273,2446,13,4,144890.49
5274,2447,23,7,10239.2
5275,2447,25,10,8552.67
5276,2447,9,5,22857.49
5277,2448,25,9,8607.38
5278,2448,7,7,40548.96
5279,2449,15,2,169867.65
5280,2450,5,5,73140.45
5281,2451,8,2,71123.88
5282,2451,2,2,61120.94
5283,2451,27,6,5025.15
5284,2451,25,9,8582.66
5285,2452,3,1,49460.69
5286,2453,14,1,113486.21
5287,2453,6,5,93644.18
5288,2453,16,1,125690.29
5289,2453,13,5,139780.46
5290,2454,24,9,47993.09
5291,2455,1,3,85240.94
5292,2455,18,1,76506.28
5293,2456,3,3,48147.3
5294,2457,17,3,208812.77
5295,2457,5,4,74771.83
5296,2457,11,4,35175.22
5297,2457,24,13,45206.12
5298,2458,7,10,40558.62
5299,2459,2,5,64296.11
5300,2459,9,4,24208.52
5301,2460,8,7,67082.88
5302,2461,23,15,9825.43
5303,2461,21,8,15137.62
5304,2461,17,1,211578.94
5305,2461,22,7,12202.25
5306,2462,12,7,27593.19
5307,2462,21,11,15081.61
5308,2462,7,7,42995.8
5309,2462,9,6,23491.46
5310,2463,15,1,174013.35
5311,2463,5,3,70896.02
5312,2463,12,5,28617.98
5313,2464,7,2,42032.72
5314,2464,24,5,45754.53
5315,2464,21,10,15401.46
5316,2465,22,7,12340.13
5317,2465,3,3,49821.04
5318,2465,14,5,117379.05
5319,2465,6,2,94834.01
5320,2466,19,10,30598.8
5321,2466,15,3,176747.29
5322,2466,16,5,134481.45
5323,2466,9,3,23847.3
5324,2467,17,3,216049.93
5325,2467,22,4,12067.55
5326,2468,9,2,25032.31
5327,2468,22,10,12204.38
5328,2468,19,9,31363.6
5329,2469,2,4,59814.66
5330,2469,9,5,24732.65
5331,2470,1,2,83098.59
5332,2470,12,2,27712.06
5333,2470,15,3,175974.48
5334,2471,11,7,37395.83
5335,2471,10,4,19347.71
5336,2471,8,5,67136.48
5337,2472,22,9,12511.22
5338,2472,11,7,36931.06
5339,2472,12,3,27636.91
5340,2472,7,6,40743.88
5341,2473,15,4,176035.22
5342,2473,19,13,32698.23
5343,2473,8,5,67258.59
5344,2473,7,5,43555.43
5345,2474,17,5,220149.81
5346,2474,12,2,30390.6
5347,2474,15,5,169695.81
5348,2474,13,3,149947.68
5349,2475,16,3,126040.04
5350,2475,20,13,28498.02
5351,2476,23,9,9548.13
5352,2476,8,2,69126.69
5353,2477,12,9,29054.4
5354,2477,1,5,85274.51
5355,2478,9,9,24047.36
5356,2478,22,15,12441.01
5357,2479,15,2,179185.09
5358,2479,9,10,24478.46
5359,2479,14,4,117232.58
5360,2479,8,8,66687.29
5361,2480,18,5,73675.35
5362,2481,23,9,9708.34
5363,2481,12,7,29053.02
5364,2482,9,6,24262.52
5365,2482,16,5,131285.41
5366,2482,15,4,180520.33
5367,2482,17,2,201428.88
5368,2483,10,8,18150.26
5369,2483,17,3,199714.98
5370,2483,16,5,135418.86
5371,2484,17,4,207699.93
5372,2484,23,4,10249.56
5373,2484,18,2,78582.34
5374,2484,8,5,69121.93
5375,2485,17,4,202384.79
5376,2485,2,4,60188.29
5377,2486,21,3,15721.87
5378,2486,19,6,32046.98
5379,2486,9,10,25112.79
5380,2486,8,2,70912.05
5381,2487,10,7,18825.19
5382,2487,11,7,37172.43
5383,2487,12,10,29513.3
5384,2488,3,1,49678.7
5385,2489,6,4,96440.76
5386,2489,15,5,170869.43
5387,2490,2,4,59125.81
5388,2490,9,8,23652.32
5389,2490,4,2,36260.78
5390,2490,13,5,144003.76
5391,2491,7,7,40476.61
5392,2491,13,5,139093.98
5393,2491,27,12,5013.15
5394,2492,4,3,38483.93
5395,2493,17,3,200542.9
5396,2493,15,2,182217.72
5397,2494,23,10,10191.06
5398,2494,8,4,70408.62
5399,2495,20,6,27172.47
5400,2496,13,5,146676.24
5401,2497,22,3,11922.7
5402,2498,13,5,141625.43
5403,2498,12,6,29233.1
5404,2499,11,2,35401.51
5405,2499,13,2,142844.53
5406,2499,19,4,32965.67
5407,2499,18,2,72540.08
5408,2500,22,14,12996.06
5409,2501,13,4,138863.76
5410,2501,8,4,65339.4
5411,2501,11,6,35420.95
5412,2502,1,3,89235.91
5413,2502,14,1,115444.34
5414,2503,22,7,12186.14
5415,2504,16,4,130038.35
5416,2505,14,4,113120.09
5417,2506,27,10,4570.64
5418,2506,21,10,14738.79
5419,2506,10,9,19314.33
5420,2506,6,2,94099.23
5421,2507,20,10,28627.27
5422,2507,13,3,150849.6
5423,2507,6,4,95473.66
5424,2507,18,1,74625.97
5425,2508,20,4,28553.91
5426,2509,4,5,36869.92
5427,2510,27,5,4835.69
5428,2510,18,2,72326.9
5429,2511,15,5,178515.1
5430,2511,28,7,7479.81
5431,2511,17,5,205732.8
5432,2512,6,5,92408.42
5433,2512,14,4,120164.17
5434,2513,21,13,15643.28
5435,2513,7,2,40499.27
5436,2513,13,1,142433.41
5437,2513,12,2,29809.27
5438,2514,14,2,115456.31
5439,2515,20,9,27168.63
5440,2515,15,4,178651.69
5441,2515,9,5,23917.11
5442,2516,17,3,202009.88
5443,2517,16,1,133845.2
5444,2517,17,1,216897.54
5445,2517,22,3,12014.15
5446,2518,12,4,29150.22
5447,2518,20,6,29177.19
5448,2519,18,5,75043.25
5449,2519,10,8,18694.49
5450,2519,9,3,23984.59
5451,2519,24,15,46288.9
5452,2520,19,3,32594.02
5453,2521,5,1,73976.05
5454,2521,23,6,9552.4
5455,2521,22,12,12139.85
5456,2522,16,1,132252.54
5457,2522,21,14,14699.97
5458,2522,12,6,30241.42
5459,2522,2,3,62439.79
5460,2523,12,9,30022.23
5461,2523,27,2,4836.74
5462,2523,7,9,42159.54
5463,2524,12,4,28855.48
5464,2524,8,8,64777.27
5465,2524,18,4,78186.03
5466,2525,16,5,136761.78
5467,2526,19,12,33235.68
5468,2527,7,3,42376.18
5469,2527,1,5,81321.57
5470,2528,14,2,117995.21
5471,2528,8,10,64764.04
5472,2528,6,5,94637.41
5473,2528,4,1,36421.58
5474,2529,16,5,127108.64
5475,2529,25,11,8360.47
5476,2529,24,12,47880.3
5477,2529,7,9,41788.31
5478,2530,27,8,4893.77
5479,2530,7,4,40527.04
5480,2530,8,5,67105.09
5481,2531,6,5,99120.63
5482,2531,21,14,15045.97
5483,2532,7,9,41399.08
5484,2532,10,10,18344.72
5485,2533,17,1,211070.93
5486,2533,22,14,12495.8
5487,2533,9,9,23882.7
5488,2533,18,5,77266.68
5489,2534,21,6,15055.57
5490,2534,11,9,36906.21
5491,2534,14,1,122039.77
5492,2535,16,3,131020.37
5493,2535,8,8,70107.02
5494,2536,11,8,37663.79
5495,2537,14,1,114612.07
5496,2537,18,4,76431.77
5497,2538,10,10,17820.32
5498,2539,8,7,70333.1
5499,2539,18,2,72604.8
5500,2539,10,10,19343.79
5501,2539,17,1,201888.46
5502,2540,12,5,28392.11
5503,2540,10,5,18630.58
5504,2541,2,5,60270.38
5505,2541,10,10,18373.28
5506,2542,23,13,9581.36
5507,2543,12,2,28467.17
5508,2543,30,12,14492.68
5509,2543,11,3,35851.25
5510,2543,14,3,114597.86
5511,2544,14,5,123014.91
5512,2544,16,4,130042.68
5513,2544,2,4,59879.11
5514,2545,12,5,28653.55
5515,2545,21,10,15215.48
5516,2545,26,11,6049.08
5517,2546,10,10,18273.5
5518,2546,4,1,39165.03
5519,2547,10,6,17996.48
5520,2547,6,3,92777.21
5521,2547,18,1,72318.88
5522,2548,6,5,94752.46
5523,2548,21,7,15512.24
5524,2549,13,1,150086.61
5525,2549,23,11,10169.75
5526,2550,23,13,9421.35
5527,2550,30,11,14130.86
5528,2550,9,5,24068.81
5529,2550,19,4,30685.29
5530,2551,8,19,62020.34
5531,2551,24,15,43283.49
5532,2551,3,10,43531.41
5533,2551,10,39,16698.72
5534,2551,20,10,26427.58
5535,2552,3,13,44904.64
5536,2552,2,9,57440.07
5537,2553,10,36,17393.82
5538,2553,2,14,55554.18
5539,2553,19,49,30234.06
5540,2553,4,20,35262.58
5541,2553,1,18,75101.81
5542,2553,6,7,83942.28
5543,2554,27,33,4355.44
5544,2554,7,18,38819.28
5545,2554,6,10,83603.03
5546,2554,10,30,16418.17
5547,2554,8,22,62289.47
5548,2554,15,11,157100.39
5549,2555,21,27,13327.94
5550,2555,8,23,61706.23
5551,2556,9,40,22123.43
5552,2556,15,11,162533.87
5553,2557,22,49,11086.54
5554,2557,23,45,8740.92
5555,2557,9,15,22359.38
5556,2557,8,15,60247.67
5557,2558,18,15,67426.07
5558,2558,11,28,33974.43
5559,2558,7,19,37283.87
5560,2558,8,16,63722.1
5561,2558,30,70,13674.8
5562,2558,23,17,8819.17
5563,2559,20,10,26415.3
5564,2559,6,5,84318.68
5565,2559,7,14,37111.82
5566,2560,6,14,86498.33
5567,2560,29,86,9981.07
5568,2560,21,44,13277.81
5569,2560,23,21,9268.49
5570,2560,20,34,25535.84
5571,2560,5,8,67962.23
5572,2561,30,93,12885.61
5573,2561,15,8,163749.74
5574,2561,5,5,67857.85
5575,2561,7,26,37885.06
5576,2562,9,22,22512.42
5577,2562,20,25,25208.05
5578,2562,19,18,28490.52
5579,2563,22,40,11729.43
5580,2563,2,5,58878.26
5581,2563,9,15,21526.13
5582,2563,19,38,29221.95
5583,2564,8,29,64213.08
5584,2564,12,34,26606.58
5585,2565,4,14,33577.81
5586,2565,22,41,11755.35
5587,2565,10,30,16717.76
5588,2565,1,5,76234.56
5589,2565,7,38,39286.65
5590,2566,12,36,27151.91
5591,2566,22,19,11248.2
5592,2567,2,16,55760.05
5593,2567,21,14,13658.71
5594,2567,6,11,87546.96
5595,2567,23,24,9022.52
5596,2567,8,17,62484.42
5597,2568,2,11,58500.01
5598,2568,3,19,44085.58
5599,2569,22,12,11239.92
5600,2569,2,16,58482.44
5601,2569,20,15,25661.29
5602,2569,6,12,84070.66
5603,2569,10,31,17029.28
5604,2570,6,11,85719.68
5605,2570,10,33,16353.85
5606,2570,11,37,34191.58
5607,2571,21,10,13959.37
5608,2571,22,46,11247.23
5609,2572,4,11,35520.75
5610,2572,23,36,9107.18
5611,2572,19,25,29384.91
5612,2572,9,39,22092.39
5613,2572,10,27,16641.92
5614,2572,21,20,14145.24
5615,2573,7,16,39362.37
5616,2573,6,6,88537.6
5617,2573,3,14,42563.46
5618,2573,24,32,40833.34
5619,2573,1,5,78350.07
5620,2573,21,16,13906.15
5621,2574,9,33,22137.08
5622,2574,15,5,157084.66
5623,2574,22,19,11123.08
5624,2574,11,37,33449.2
5625,2574,4,6,36081.5
5626,2575,18,7,68031.67
5627,2575,1,9,77869.93
5628,2575,23,49,9072.54
5629,2576,3,14,44507.15
5630,2576,4,9,35978.22
5631,2576,8,24,63406.21
5632,2576,16,8,123158.56
5633,2576,20,14,24811.85
5634,2576,2,12,58858.91
5635,2577,17,13,190720.42
5636,2577,25,75,7915.54
5637,2578,5,13,66753.59
5638,2578,8,36,64256.23
5639,2578,7,17,39032.65
5640,2578,11,32,31913.55
5641,2579,14,6,107976.61
5642,2579,12,18,25568.18
5643,2580,20,43,25153.11
5644,2580,23,50,9001.4
5645,2581,24,22,41071.57
5646,2581,11,29,33126.33
5647,2581,13,8,134347.11
5648,2581,27,44,4440.46
5649,2581,3,11,44673.44
5650,2581,8,13,60046.53
5651,2582,7,35,37021.18
5652,2582,1,7,74871.32
5653,2582,9,13,21513.81
5654,2582,24,39,42319.34
5655,2583,10,34,17543.62
5656,2583,8,31,60944.42
5657,2583,28,79,6668.5
5658,2584,19,43,29953.65
5659,2584,24,47,42264.9
5660,2585,16,12,120073.32
5661,2585,3,7,42971.6
5662,2585,24,14,40894.71
5663,2585,11,12,33023.24
5664,2585,23,39,9065.25
5665,2585,1,13,77814.74
5666,2586,9,13,22106.04
5667,2586,12,23,27406.67
5668,2586,1,19,79728.38
5669,2587,11,27,33945.05
5670,2587,12,31,26337.56
5671,2587,7,17,38801.55
5672,2588,10,35,16693.1
5673,2588,8,39,62547.14
5674,2589,2,17,57686.07
5675,2589,9,36,21633.52
5676,2589,8,28,60709.65
5677,2589,11,18,31758.36
5678,2589,23,30,9205.34
5679,2589,13,7,137517.78
5680,2590,25,65,7597.35
5681,2590,21,21,13257.93
5682,2590,15,15,161948.79
5683,2590,2,15,55718.69
5684,2590,13,12,135302.27
5685,2591,6,18,86632.62
5686,2591,5,10,66607.5
5687,2591,14,6,110136.48
5688,2591,7,24,39252.1
5689,2591,1,13,74928.9
5690,2591,3,20,44792.98
5691,2592,26,57,5630.7
5692,2592,3,20,44045.71
5693,2593,15,6,165546.98
5694,2593,12,19,26640.46
5695,2594,23,36,8800.38
5696,2594,10,14,17276.62
5697,2594,11,11,33433.17
5698,2594,22,40,11071.89
5699,2594,1,19,77573.9
5700,2595,8,20,62045.04
5701,2595,10,31,16660.42
5702,2596,20,29,26286.61
5703,2596,5,20,66672.63
5704,2597,6,6,88619.17
5705,2597,1,13,79548.66
5706,2597,7,35,38324.27
5707,2597,3,13,43597.25
5708,2598,10,10,16645.85
5709,2598,19,22,28292.58
5710,2598,22,25,11118.91
5711,2598,9,39,21720.22
5712,2598,23,16,8973.93
5713,2598,12,21,26727.2
5714,2599,8,18,60992.08
5715,2599,3,11,44688.89
5716,2599,11,35,33400.23
5717,2599,10,16,16772.03
5718,2599,12,31,25834.32
5719,2600,9,18,21303.49
5720,2600,12,36,27387.92
5721,2601,1,17,74868.9
5722,2601,12,22,26838.72
5723,2602,7,21,39521.16
5724,2602,10,18,16492.32
5725,2602,16,15,125273.72
5726,2603,3,11,44123.41
5727,2603,4,18,33758.98
5728,2603,1,15,78775.05
5729,2604,23,29,8809.31
5730,2604,12,12,26603.9
5731,2604,15,10,156568.26
5732,2604,3,9,43588.96
5733,2604,11,21,31831.27
5734,2604,9,40,21172.75
5735,2605,9,27,21742.34
5736,2605,10,26,16352.47
5737,2605,11,38,33305.0
5738,2606,21,11,14172.36
5739,2606,19,41,29764.0
5740,2606,24,23,41641.49
5741,2606,3,9,43443.31
5742,2606,12,25,26519.45
5743,2606,22,27,11494.81
5744,2607,2,6,55888.56
5745,2607,7,11,38238.2
5746,2607,23,42,9257.81
5747,2607,24,37,40885.42
5748,2608,21,23,13721.68
5749,2608,24,32,43388.34
5750,2608,18,11,66990.11
5751,2608,7,10,39564.7
5752,2608,11,15,33846.46
5753,2609,3,11,44266.26
5754,2609,10,11,17022.69
5755,2609,26,38,5821.6
5756,2609,5,5,65579.42
5757,2610,20,33,25950.12
5758,2610,13,12,130610.98
5759,2610,10,34,16353.52
5760,2611,24,24,42893.45
5761,2611,29,58,9869.82
5762,2611,5,13,68136.59
5763,2612,23,32,8730.53
5764,2612,16,6,123425.95
5765,2612,21,46,13634.85
5766,2613,9,29,22293.73
5767,2613,18,14,68763.49
5768,2613,23,17,8742.88
5769,2613,6,8,86878.53
5770,2614,6,9,86522.34
5771,2614,8,14,63886.03
5772,2614,15,5,155977.17
5773,2614,20,35,26330.49
5774,2615,19,39,29075.39
5775,2615,6,5,88696.86
5776,2615,7,18,39101.5
5777,2616,9,13,21255.69
5778,2616,20,42,24795.73
5779,2616,7,21,36979.26
5780,2616,10,27,17210.4
5781,2616,11,34,33317.62
5782,2617,20,43,26555.51
5783,2617,16,11,120691.0
5784,2617,2,11,57272.28
5785,2617,9,16,22649.9
5786,2618,4,11,35385.55
5787,2618,10,26,17527.59
5788,2618,6,10,84130.75
5789,2619,7,14,38075.3
5790,2619,20,14,25144.62
5791,2619,18,9,71954.0
5792,2619,4,17,36023.53
5793,2620,10,12,16747.74
5794,2620,20,17,26540.4
5795,2620,19,45,29431.86
5796,2620,12,24,25970.62
5797,2621,25,80,7850.5
5798,2621,4,19,35700.98
5799,2621,13,7,133814.85
5800,2621,28,30,6989.59
5801,2621,19,20,29692.98
5802,2621,22,48,11559.04
5803,2622,22,44,11626.66
5804,2622,7,25,37403.19
5805,2623,24,40,40754.96
5806,2623,7,26,38677.97
5807,2624,8,29,64580.8
5808,2624,5,18,67253.03
5809,2624,9,12,22485.6
5810,2624,6,19,89891.41
5811,2625,22,49,11025.86
5812,2625,7,36,39711.68
5813,2626,22,10,11775.24
5814,2626,7,24,37948.49
5815,2626,10,13,17506.13
5816,2626,13,12,132809.35
5817,2626,23,32,8977.75
5818,2626,3,15,44534.11
5819,2627,13,14,131038.61
5820,2627,3,15,42384.8
5821,2627,5,10,67902.33
5822,2627,23,28,9088.53
5823,2628,23,37,9279.43
5824,2628,7,19,39215.49
5825,2628,10,35,17533.1
5826,2629,3,15,45308.7
5827,2629,4,17,33828.99
5828,2629,22,26,11579.6
5829,2630,2,14,55022.73
5830,2630,5,19,64652.3
5831,2630,11,38,33390.54
5832,2630,6,16,87143.77
5833,2631,7,40,39169.23
5834,2631,11,24,33295.59
5835,2631,27,31,4393.35
5836,2631,6,19,87177.53
5837,2631,14,12,107744.58
5838,2632,27,93,4295.49
5839,2632,4,13,34387.96
5840,2633,20,26,26565.07
5841,2633,28,89,6607.66
5842,2633,22,12,11422.16
5843,2633,24,32,40699.84
5844,2633,21,33,13613.61
5845,2633,23,47,8719.74
5846,2634,2,10,56598.16
5847,2634,9,34,21953.81
5848,2635,22,21,11865.38
5849,2635,8,10,59967.87
5850,2635,4,16,35535.21
5851,2636,20,29,24995.99
5852,2636,4,5,33458.37
5853,2637,1,15,80255.4
5854,2637,3,18,44435.3
5855,2637,8,10,60802.4
5856,2637,13,8,135941.42
5857,2637,24,22,40882.53
5858,2637,22,44,11233.6
5859,2638,28,76,7028.59
5860,2638,10,35,16336.34
5861,2638,11,18,34045.38
5862,2638,9,35,21522.55
5863,2638,13,5,135556.93
5864,2638,1,20,80701.41
5865,2639,11,24,31887.77
5866,2639,4,12,34779.93
5867,2639,5,10,67769.93
5868,2639,16,12,123551.91
5869,2640,3,16,45040.02
5870,2640,19,43,28494.3
5871,2641,3,7,43160.82
5872,2641,21,24,13859.16
5873,2641,12,33,26746.85
5874,2641,20,36,25046.19
5875,2641,11,15,31887.04
5876,2641,8,32,60881.5
5877,2642,5,10,63978.27
5878,2642,19,10,29192.7
5879,2642,2,9,57432.29
5880,2642,12,18,27444.59
5881,2642,9,23,21881.68
5882,2642,1,16,79738.78
5883,2643,10,30,17180.97
5884,2643,21,30,13638.57
5885,2643,20,46,24805.66
5886,2643,9,21,21859.49
5887,2644,24,38,42900.91
5888,2644,21,40,13955.56
5889,2644,22,40,11851.08
5890,2644,9,14,21134.15
5891,2644,3,9,44209.35
5892,2645,9,39,21430.88
5893,2645,19,28,29444.03
5894,2645,23,43,8716.17
5895,2645,24,19,41987.02
5896,2646,2,10,54581.47
5897,2646,12,27,26254.49
5898,2646,11,15,33179.18
5899,2646,24,24,42558.04
5900,2647,3,6,42447.32
5901,2647,2,14,56360.6
5902,2647,26,94,5472.24
5903,2647,7,18,37686.68
5904,2647,12,32,25905.53
5905,2648,2,12,58122.26
5906,2648,13,6,135729.86
5907,2648,24,11,41769.56
5908,2648,11,20,32544.71
5909,2648,21,18,13931.36
5910,2648,23,16,8859.71
5911,2649,11,24,34039.73
5912,2649,12,16,26164.28
5913,2649,17,13,187735.87
5914,2649,24,15,42594.67
5915,2650,10,40,16829.36
5916,2650,2,11,58066.22
5917,2650,23,32,9111.47
5918,2650,5,13,63704.19
5919,2651,15,15,158741.66
5920,2651,7,29,38767.3
5921,2651,19,37,28448.76
5922,2651,18,9,70251.93
5923,2651,21,47,13405.72
5924,2651,6,14,84513.63
5925,2652,13,12,137405.93
5926,2652,22,40,11494.02
5927,2652,1,7,79635.29
5928,2652,12,39,27177.99
5929,2652,19,48,29860.16
5930,2652,6,15,89292.81
5931,2653,2,19,55249.39
5932,2653,13,10,134064.96
5933,2653,24,27,43374.9
5934,2654,9,36,22776.86
5935,2654,8,14,60009.7
5936,2654,22,36,11189.93
5937,2654,5,11,68326.47
5938,2654,24,19,41407.2
5939,2655,21,25,13907.28
5940,2655,9,10,21514.83
5941,2655,3,15,45413.18
5942,2656,3,7,44499.81
5943,2656,13,7,136574.08
5944,2656,20,32,24736.57
5945,2656,7,34,39767.0
5946,2656,2,10,56797.23
5947,2656,18,14,71089.28
5948,2657,9,10,21627.83
5949,2657,1,5,80198.43
5950,2658,19,45,28549.51
5951,2658,6,12,89842.37
5952,2659,4,20,35114.74
5953,2659,10,21,16724.38
5954,2659,19,38,28445.09
5955,2660,20,31,25268.16
5956,2660,19,28,29208.66
5957,2660,10,23,16834.25
5958,2660,8,28,60873.66
5959,2661,2,13,55337.87
5960,2661,3,7,43401.71
5961,2661,13,8,136579.73
5962,2661,4,12,34954.59
5963,2661,22,49,11747.84
5964,2661,24,31,42103.67
5965,2662,4,11,34012.48
5966,2662,17,6,197020.79
5967,2662,6,6,85069.96
5968,2662,18,6,67667.56
5969,2663,8,28,63156.85
5970,2663,22,15,11830.32
5971,2663,1,7,77307.46
5972,2663,3,6,45039.66
5973,2663,5,7,63591.13
5974,2664,2,17,55650.15
5975,2664,9,19,21541.65
5976,2664,6,18,87511.79
5977,2664,8,32,63458.3
5978,2665,4,9,33879.3
5979,2665,16,11,122792.5
5980,2666,10,26,16340.81
5981,2666,4,15,35218.62
5982,2666,12,39,25963.15
5983,2667,2,6,54621.91
5984,2667,19,37,28634.22
5985,2667,27,85,4469.58
5986,2667,23,38,9230.91
5987,2667,9,27,21814.16
5988,2667,22,39,11572.44
5989,2668,10,30,16560.49
5990,2668,9,36,21755.95
5991,2668,6,18,89290.21
5992,2669,7,20,37832.26
5993,2669,20,31,24877.33
5994,2669,9,20,22754.42
5995,2669,5,16,63905.46
5996,2669,4,17,34953.22
5997,2669,24,33,43420.24
5998,2670,10,10,16334.1
5999,2670,14,8,107538.03
6000,2670,8,28,63852.72
6001,2670,5,13,66572.64
6002,2670,9,15,22750.88
6003,2671,12,18,26207.18
6004,2671,23,50,8876.63
6005,2671,4,9,34051.41
6006,2672,21,14,13498.98
6007,2672,15,8,154703.37
6008,2672,4,6,34890.03
6009,2672,10,14,16511.72
6010,2672,19,11,29548.65
6011,2673,20,29,26389.28
6012,2673,5,9,64197.63
6013,2673,1,7,79061.98
6014,2674,20,45,25150.19
6015,2674,23,47,9179.65
6016,2674,7,39,38564.56
6017,2674,21,28,13989.1
6018,2675,23,11,8658.5
6019,2675,29,39,9919.24
6020,2675,22,34,11531.62
6021,2675,2,18,58593.1
6022,2675,6,14,84998.9
6023,2676,24,32,43395.46
6024,2676,9,20,22093.19
6025,2676,11,15,33118.58
6026,2676,4,17,34944.4
6027,2676,14,7,106544.28
6028,2677,24,29,42791.45
6029,2677,17,14,195260.59
6030,2677,19,27,29207.26
6031,2678,6,12,85284.55
6032,2678,10,23,16795.1
6033,2678,7,39,39771.86
6034,2679,4,7,34894.61
6035,2679,29,70,9809.98
6036,2679,5,20,68110.94
6037,2679,2,13,58777.89
6038,2679,3,5,44773.14
6039,2679,6,7,87058.94
6040,2680,3,18,44928.01
6041,2680,9,18,21199.04
6042,2680,23,24,9101.05
6043,2680,7,27,37687.87
6044,2680,12,28,27024.64
6045,2681,23,14,9175.89
6046,2681,2,20,58750.51
6047,2681,3,5,42545.96
6048,2681,4,10,35914.81
6049,2682,8,13,62225.59
6050,2682,19,10,29564.89
6051,2683,21,19,13427.06
6052,2683,14,11,109102.94
6053,2683,6,7,85535.74
6054,2684,20,15,24969.2
6055,2684,8,13,62454.5
6056,2685,19,17,28569.77
6057,2685,7,38,39453.62
6058,2685,11,25,33281.72
6059,2685,24,10,40505.12
6060,2685,8,30,62609.53
6061,2686,28,63,7042.52
6062,2686,14,9,110860.47
6063,2687,8,35,63952.01
6064,2687,16,6,119603.91
6065,2687,10,33,16918.19
6066,2687,19,17,29202.04
6067,2687,6,19,83671.79
6068,2687,24,21,43397.69
6069,2688,11,17,33335.11
6070,2688,5,5,67699.68
6071,2688,24,22,41391.36
6072,2688,1,10,79782.38
6073,2689,12,31,25545.62
6074,2689,23,23,8746.07
6075,2689,5,12,64059.72
6076,2690,10,22,16487.43
6077,2690,7,38,37442.24
6078,2690,8,23,62064.45
6079,2690,11,15,33013.41
6080,2691,10,25,17160.13
6081,2691,7,22,38271.05
6082,2691,12,39,26470.61
6083,2692,20,48,24653.84
6084,2692,9,16,21972.1
6085,2692,14,11,107494.42
6086,2692,2,10,54737.05
6087,2692,19,40,29696.12
6088,2692,16,8,122080.22
6089,2693,12,10,26252.86
6090,2693,11,26,32388.15
6091,2694,9,10,21871.56
6092,2694,1,13,77785.71
6093,2695,22,41,11390.76
6094,2695,10,26,16604.4
6095,2695,23,13,9127.41
6096,2696,2,5,57382.79
6097,2696,24,28,43155.1
6098,2696,11,17,32491.27
6099,2696,1,7,77760.43
6100,2696,8,24,62892.31
6101,2696,26,37,5694.05
6102,2697,12,27,27362.78
6103,2697,9,13,21271.18
6104,2697,8,18,59971.8
6105,2697,16,13,116446.75
6106,2697,18,5,68815.82
6107,2697,7,22,37885.51
6108,2698,6,13,89291.48
6109,2698,19,15,29192.39
6110,2699,9,40,22484.15
6111,2699,22,42,11486.63
6112,2699,30,31,12925.98
6113,2699,27,27,4374.47
6114,2699,1,14,78576.58
6115,2700,2,8,57066.56
6116,2700,13,9,135932.6
6117,2700,10,25,17310.47
6118,2700,22,36,11789.35
6119,2700,21,18,13481.37
6120,2700,19,16,29244.02
6121,2701,7,24,38201.17
6122,2701,11,37,34068.03
6123,2701,1,9,80061.64
6124,2701,6,5,85273.02
6125,2701,26,59,5652.22
6126,2701,16,12,122231.78
6127,2702,18,7,67195.58
6128,2702,17,15,194938.89
6129,2702,23,46,9005.16
6130,2702,3,20,42826.83
6131,2703,29,97,10354.83
6132,2703,12,33,26209.08
6133,2703,24,50,40531.19
6134,2703,3,5,45244.78
6135,2703,6,17,88028.76
6136,2704,5,14,67219.59
6137,2704,9,18,21347.33
6138,2704,23,45,8783.51
6139,2705,3,9,44625.98
6140,2705,6,18,87999.06
6141,2705,20,40,25127.9
6142,2705,26,50,5827.89
6143,2705,16,15,117620.27
6144,2706,20,25,25169.53
6145,2706,9,32,22594.25
6146,2707,24,22,41302.47
6147,2707,3,10,45506.9
6148,2708,8,35,63975.21
6149,2708,20,23,25022.12
6150,2708,22,27,11233.05
6151,2708,19,29,28615.58
6152,2708,14,6,104480.12
6153,2709,11,18,32418.43
6154,2709,22,28,11145.86
6155,2709,6,14,84794.55
6156,2709,3,17,43038.46
6157,2709,9,12,21391.19
6158,2710,10,18,17254.4
6159,2710,2,13,57427.12
6160,2711,11,38,32942.79
6161,2711,21,38,13964.86
6162,2711,12,29,26592.47
6163,2711,24,17,41639.63
6164,2712,9,35,21320.31
6165,2712,24,14,43046.14
6166,2713,16,14,117799.38
6167,2713,2,6,56033.88
6168,2713,23,20,8802.41
6169,2714,25,84,7534.62
6170,2714,9,38,22716.24
6171,2714,5,17,68096.44
6172,2715,7,36,38828.93
6173,2715,18,11,66950.47
6174,2715,24,47,41733.41
6175,2715,4,18,34084.64
6176,2716,17,6,197749.99
6177,2716,7,26,39643.81
6178,2716,24,50,40599.06
6179,2716,11,12,33820.75
6180,2716,8,21,62607.03
6181,2717,8,20,59850.59
6182,2717,2,7,56362.47
6183,2718,13,7,136840.2
6184,2718,23,49,8995.22
6185,2719,30,37,12874.51
6186,2719,11,22,33919.18
6187,2719,12,27,26119.57
6188,2719,22,49,11345.65
6189,2719,24,50,42902.9
6190,2719,21,20,13234.04
6191,2720,3,7,43174.97
6192,2720,9,22,21143.25
6193,2721,10,15,16599.46
6194,2721,4,7,35350.95
6195,2721,21,20,13744.76
6196,2721,15,14,162681.42
6197,2721,23,30,9076.55
6198,2722,10,32,17270.53
6199,2722,23,24,8643.7
6200,2722,11,28,32862.46
6201,2722,6,11,86193.19
6202,2722,22,29,11629.9
6203,2723,11,16,33205.22
6204,2723,5,8,64954.95
6205,2724,2,6,58792.54
6206,2724,10,33,16312.91
6207,2724,9,34,22046.58
6208,2724,24,34,41850.22
6209,2725,16,8,119460.77
6210,2725,4,5,35851.97
6211,2726,2,7,54807.12
6212,2726,20,34,24963.78
6213,2726,9,36,22221.07
6214,2726,17,5,197683.8
6215,2727,15,14,157594.08
6216,2727,23,50,8784.62
6217,2727,20,31,24948.66
6218,2728,4,19,35471.67
6219,2728,15,5,164081.22
6220,2728,5,16,67258.14
6221,2728,8,25,64007.3
6222,2729,24,32,42822.29
6223,2729,3,7,42812.76
6224,2729,18,13,71292.67
6225,2729,23,50,8659.25
6226,2730,2,10,58257.32
6227,2730,24,21,42480.15
6228,2730,22,30,11767.7
6229,2730,11,22,32930.8
6230,2730,6,6,84545.69
6231,2731,3,13,42367.84
6232,2731,11,18,33594.21
6233,2731,7,40,37338.97
6234,2732,24,30,41992.71
6235,2732,12,27,26211.64
6236,2732,2,20,56188.0
6237,2733,11,19,32731.42
6238,2733,10,33,16497.01
6239,2733,9,14,21157.67
6240,2734,10,12,16369.29
6241,2734,23,41,8753.55
6242,2734,8,30,61660.21
6243,2735,26,47,5756.13
6244,2735,7,32,39766.08
6245,2735,8,35,64049.32
6246,2735,20,22,26571.41
6247,2736,9,19,21592.7
6248,2736,21,25,13640.62
6249,2736,4,6,35208.82
6250,2737,2,7,55525.73
6251,2737,17,5,195548.07
6252,2738,8,39,61817.8
6253,2738,6,18,86916.16
6254,2739,4,12,35709.81
6255,2739,10,22,16682.94
6256,2739,9,29,22607.85
6257,2739,7,29,37932.62
6258,2739,15,8,158388.3
6259,2740,7,14,38082.55
6260,2740,10,21,16546.02
6261,2741,24,18,41098.69
6262,2741,12,40,27303.92
6263,2742,24,14,41482.47
6264,2742,3,15,44748.95
6265,2742,7,14,38066.96
6266,2743,22,10,11337.32
6267,2743,7,20,38818.79
6268,2744,3,14,44978.29
6269,2744,20,16,26467.79
6270,2745,29,51,10245.77
6271,2745,8,24,63158.97
6272,2745,5,19,64616.21
6273,2745,10,11,16845.63
6274,2745,12,39,25862.82
6275,2746,2,12,57773.89
6276,2746,4,11,34647.51
6277,2746,3,16,44075.23
6278,2747,11,29,33932.91
6279,2747,24,47,43550.97
6280,2747,12,21,27451.95
6281,2747,21,49,13811.5
6282,2747,6,13,85685.22
6283,2747,3,14,43693.4
6284,2748,11,10,31756.03
6285,2748,9,15,21629.31
6286,2748,12,25,26612.84
6287,2748,8,38,59884.44
6288,2749,22,41,11524.23
6289,2749,7,13,39586.27
6290,2750,19,49,29681.12
6291,2750,10,14,17262.61
6292,2750,25,36,8020.01
6293,2750,1,14,78762.89
6294,2751,24,12,43148.27
6295,2751,21,37,13245.04
6296,2751,10,13,16566.92
6297,2751,11,28,33237.57
6298,2751,6,7,86162.52
6299,2752,21,21,13712.19
6300,2752,8,32,62233.51
6301,2752,14,7,110119.92
6302,2752,4,15,35888.33
6303,2753,4,17,34826.04
6304,2753,21,32,13979.85
6305,2753,9,21,22524.23
6306,2753,1,18,77266.77
6307,2754,13,14,130031.07
6308,2754,15,11,157073.33
6309,2754,3,16,43293.64
6310,2754,1,7,76103.55
6311,2754,22,22,11163.94
6312,2754,9,39,21245.39
6313,2755,23,35,8670.22
6314,2755,8,30,63214.95
6315,2755,16,9,121316.32
6316,2756,23,29,8984.56
6317,2756,24,50,42432.98
6318,2756,20,15,25760.44
6319,2756,13,10,129244.67
6320,2756,3,11,43545.97
6321,2757,9,36,22066.51
6322,2757,10,14,16584.4
6323,2757,14,12,106165.75
6324,2758,13,6,132551.75
6325,2758,7,34,38741.46
6326,2758,23,37,8791.19
6327,2758,30,22,13609.41
6328,2758,21,24,14052.92
6329,2758,9,15,21443.65
6330,2759,10,25,16546.88
6331,2759,4,19,34434.08
6332,2759,3,10,44814.94
6333,2759,19,10,29950.34
6334,2759,18,5,68034.91
6335,2760,19,23,29845.37
6336,2760,11,15,33467.81
6337,2760,10,16,17248.85
6338,2761,12,17,27117.7
6339,2761,1,8,78112.9
6340,2761,3,5,45483.55
6341,2761,2,18,58279.15
6342,2762,12,23,27482.16
6343,2762,5,15,64367.35
6344,2762,1,8,75358.63
6345,2762,17,6,191659.5
6346,2762,2,11,57326.96
6347,2762,22,24,11343.25
6348,2763,8,26,60190.52
6349,2763,11,40,33819.61
6350,2763,21,31,13210.68
6351,2763,12,29,25619.97
6352,2763,10,29,16640.11
6353,2763,26,82,5612.77
6354,2764,2,8,57425.05
6355,2764,9,33,21696.16
6356,2764,5,15,65449.34
6357,2764,4,6,35603.36
6358,2765,10,26,16868.93
6359,2765,7,14,39020.97
6360,2765,3,9,43194.37
6361,2766,11,29,31862.07
6362,2766,24,48,43558.96
6363,2766,12,38,25863.57
6364,2766,7,20,37315.16
6365,2766,22,41,11361.95
6366,2766,20,35,26062.73
6367,2767,16,11,123913.7
6368,2767,8,40,60477.26
6369,2767,17,6,197143.31
6370,2767,6,13,88311.09
6371,2767,19,18,29420.5
6372,2768,17,9,187588.76
6373,2768,15,10,159610.73
6374,2768,4,17,33644.35
6375,2768,18,10,70206.78
6376,2768,12,40,27309.63
6377,2768,11,37,31907.82
6378,2769,24,35,42878.3
6379,2769,20,23,25746.07
6380,2769,6,16,89979.17
6381,2769,2,17,58062.67
6382,2770,21,15,13361.95
6383,2770,23,34,8696.77
6384,2771,4,6,35316.56
6385,2771,19,38,28464.22
6386,2771,1,12,80312.18
6387,2771,2,7,55245.47
6388,2772,4,20,34580.1
6389,2772,8,40,59923.07
6390,2772,2,14,57920.66
6391,2772,22,33,11367.96
6392,2772,7,28,38809.04
6393,2772,12,31,27259.94
6394,2773,2,18,56682.77
6395,2773,9,22,22495.42
6396,2773,8,12,61708.16
6397,2773,1,15,76409.75
6398,2773,23,44,8963.68
6399,2774,1,16,77879.03
6400,2774,23,17,8663.88
6401,2774,8,13,60490.21
6402,2775,4,18,33779.89
6403,2775,10,34,16938.37
6404,2775,7,28,37923.67
6405,2775,8,37,60271.37
6406,2775,9,36,21650.01
6407,2775,1,6,74952.17
6408,2776,1,19,76047.33
6409,2776,21,26,13612.11
6410,2776,18,8,70235.88
6411,2776,4,12,35686.5
6412,2776,3,6,44103.03
6413,2776,8,13,62574.03
6414,2777,16,12,116785.4
6415,2777,7,16,39779.63
6416,2777,20,44,25889.31
6417,2777,6,10,85983.77
6418,2778,11,30,31785.46
6419,2778,5,14,67693.49
6420,2779,20,46,25194.07
6421,2779,3,19,44328.06
6422,2780,12,17,27063.48
6423,2780,11,27,33468.47
6424,2780,4,17,35707.87
6425,2780,10,36,16494.09
6426,2780,6,15,89560.21
6427,2780,2,14,54632.46
6428,2781,22,45,11190.63
6429,2781,21,22,13222.41
6430,2781,8,23,60976.77
6431,2782,6,19,88292.53
6432,2782,10,17,16940.19
6433,2782,16,6,119377.84
6434,2782,7,27,37917.57
6435,2782,8,12,63708.49
6436,2782,19,31,29140.48
6437,2783,22,41,11062.54
6438,2783,12,35,27293.92
6439,2783,5,9,67206.73
6440,2783,13,7,132986.26
6441,2783,28,60,7022.01
6442,2784,11,29,33576.05
6443,2784,7,16,38187.88
6444,2784,22,43,11421.9
6445,2784,20,27,26128.86
6446,2785,2,17,55964.55
6447,2785,5,7,64314.29
6448,2785,23,36,8950.96
6449,2785,9,13,22286.57
6450,2785,8,24,61536.46
6451,2786,24,29,43611.65
6452,2786,11,27,32048.47
6453,2786,14,11,109247.78
6454,2787,19,17,29988.67
6455,2787,20,16,26245.11
6456,2787,10,25,17436.64
6457,2787,5,16,63735.82
6458,2787,23,36,8963.19
6459,2787,9,11,22230.51
6460,2788,11,27,32189.73
6461,2788,1,12,76342.1
6462,2788,7,15,39192.64
6463,2788,12,11,26024.71
6464,2788,4,17,33979.32
6465,2788,8,34,62412.69
6466,2789,11,38,32586.11
6467,2789,9,24,21210.04
6468,2789,10,33,16889.31
6469,2790,18,7,69020.92
6470,2790,19,50,28613.67
6471,2790,9,31,22361.5
6472,2790,16,6,119648.43
6473,2790,6,17,88739.78
6474,2790,5,17,66283.23
6475,2791,27,81,4364.44
6476,2791,2,20,54666.7
6477,2791,4,13,34689.09
6478,2791,3,18,44009.41
6479,2791,20,17,26201.19
6480,2792,11,40,32386.9
6481,2792,6,10,89805.51
6482,2792,2,5,58322.96
6483,2793,8,31,62599.68
6484,2793,13,13,131259.39
6485,2793,10,12,17372.09
6486,2793,3,12,42527.41
6487,2793,1,12,76865.58
6488,2794,8,26,60557.15
6489,2794,21,29,14114.63
6490,2794,11,28,33729.58
6491,2795,27,76,4257.69
6492,2795,5,18,66657.39
6493,2795,8,34,63358.33
6494,2795,23,36,8742.42
6495,2795,24,30,41722.71
6496,2795,26,58,5646.2
6497,2796,5,10,64422.94
6498,2796,21,44,13661.33
6499,2797,24,50,41412.12
6500,2797,20,35,25050.3
6501,2797,21,11,14094.53
6502,2797,7,13,38339.12
6503,2797,2,5,55582.58
6504,2797,11,19,33213.84
6505,2798,3,20,43185.13
6506,2798,7,23,39332.62
6507,2798,9,37,22795.34
6508,2798,8,11,63235.45
6509,2798,5,18,64543.74
6510,2798,20,19,25667.36
6511,2799,3,7,43214.75
6512,2799,12,20,26441.04
6513,2799,16,7,117664.65
6514,2799,19,16,29579.83
6515,2800,10,12,16327.12
6516,2800,4,6,35407.8
6517,2800,2,17,58426.98
6518,2800,12,10,26813.4
6519,2800,23,31,8760.69
6520,2800,1,17,80102.69
6521,2801,15,6,165813.95
6522,2801,24,41,42237.12
6523,2801,10,37,17484.22
6524,2802,16,10,116677.24
6525,2802,12,18,25830.34
6526,2802,11,28,32171.51
6527,2803,1,19,75253.77
6528,2803,7,31,38324.32
6529,2803,12,21,25568.68
6530,2803,8,21,62880.18
6531,2804,4,19,33690.8
6532,2804,20,24,25927.83
6533,2805,19,26,29179.38
6534,2805,3,13,44711.42
6535,2806,11,32,32097.9
6536,2806,5,10,64149.34
6537,2807,24,45,40712.56
6538,2807,2,6,56769.11
6539,2807,18,10,67617.84
6540,2808,17,5,186566.91
6541,2808,4,18,33882.21
6542,2808,27,27,4384.35
6543,2808,12,14,26085.47
6544,2808,13,8,136607.12
6545,2809,8,36,64429.66
6546,2809,3,6,44732.68
6547,2809,10,29,16794.68
6548,2809,9,27,21506.99
6549,2810,12,36,25990.9
6550,2810,3,13,42947.24
6551,2810,21,19,14085.13
6552,2810,22,43,11016.76
6553,2811,29,72,10173.24
6554,2811,3,18,44442.01
6555,2811,6,6,87027.03
6556,2812,7,34,39399.83
6557,2812,17,12,194513.63
6558,2813,21,17,13784.95
6559,2813,16,12,117734.45
6560,2813,7,25,37704.22
6561,2813,12,32,25989.95
6562,2814,4,8,34728.57
6563,2814,12,10,25580.01
6564,2815,23,42,9095.83
6565,2815,17,11,189644.44
6566,2815,14,12,106266.55
6567,2815,10,22,16768.26
6568,2816,20,35,25381.75
6569,2816,9,37,22601.17
6570,2817,8,10,62497.65
6571,2817,20,37,25652.85
6572,2817,9,21,22531.53
6573,2817,11,10,32451.46
6574,2817,22,17,11351.88
6575,2818,24,31,42035.75
6576,2818,20,37,25460.72
6577,2818,11,39,31809.33
6578,2819,22,40,11457.83
6579,2819,20,26,26275.09
6580,2820,9,17,21938.97
6581,2820,14,14,110695.5
6582,2820,15,14,156697.62
6583,2820,12,34,27505.5
6584,2820,10,14,17238.94
6585,2820,18,5,69656.61
6586,2821,26,43,5716.44
6587,2821,22,25,11253.99
6588,2821,13,6,130177.68
6589,2821,4,14,34651.09
6590,2821,12,25,25929.46
6591,2821,17,12,185343.03
6592,2822,25,93,8064.84
6593,2822,19,48,28854.47
6594,2822,4,15,34969.4
6595,2822,14,14,107019.65
6596,2822,1,11,79401.22
6597,2822,9,25,21465.4
6598,2823,24,47,40790.96
6599,2823,12,10,26115.48
6600,2823,10,40,17424.34
6601,2823,21,23,13233.28
6602,2823,14,6,111256.18
6603,2824,5,19,66695.25
6604,2824,4,8,34469.97
6605,2824,20,24,25443.95
6606,2824,7,13,37054.23
6607,2824,22,38,11872.14
6608,2824,16,12,124781.33
6609,2825,16,10,123637.16
6610,2825,5,7,66148.26
6611,2826,5,8,64197.88
6612,2826,23,49,9063.96
6613,2826,21,20,13471.17
6614,2827,10,10,17106.44
6615,2827,9,31,22798.97
6616,2827,3,11,43803.07
6617,2827,11,16,32828.45
6618,2827,19,43,28878.74
6619,2827,23,11,8962.23
6620,2828,23,26,8799.11
6621,2828,1,13,79260.92
6622,2829,12,33,26071.61
6623,2829,3,18,42391.66
6624,2830,1,6,79123.18
6625,2830,7,24,39220.07
6626,2830,3,18,44000.82
6627,2831,11,26,33347.54
6628,2831,9,14,21881.8
6629,2831,10,18,17568.38
6630,2832,24,48,40960.43
6631,2832,13,15,136934.96
6632,2832,20,36,25439.42
6633,2832,3,13,43736.39
6634,2832,18,12,71329.2
6635,2833,28,28,7077.89
6636,2833,3,11,45512.37
6637,2833,2,16,57370.41
6638,2834,10,32,17324.53
6639,2834,23,30,8757.8
6640,2834,19,40,28808.43
6641,2834,7,18,37140.13
6642,2834,15,11,165687.62
6643,2834,11,13,32186.46
6644,2835,22,41,11406.74
6645,2835,7,24,37284.87
6646,2836,17,12,186308.01
6647,2836,24,30,40509.85
6648,2836,15,7,166244.87
6649,2837,12,29,27381.05
6650,2837,2,8,56673.93
6651,2837,5,17,64042.89
6652,2837,16,5,117489.05
6653,2837,8,40,60182.07
6654,2838,21,42,13524.43
6655,2838,23,18,8854.13
6656,2838,9,22,22475.59
6657,2839,12,11,26904.57
6658,2839,19,35,29713.9
6659,2839,9,11,22234.05
6660,2839,7,17,37716.66
6661,2839,4,12,33688.97
6662,2839,11,11,33735.15
6663,2840,22,35,11848.87
6664,2840,7,20,37648.88
6665,2840,3,10,44347.43
6666,2840,5,13,64475.12
6667,2840,9,40,22743.41
6668,2841,16,13,122309.49
6669,2841,19,25,30346.23
6670,2841,22,38,11196.31
6671,2841,10,34,17324.36
6672,2841,18,11,68457.98
6673,2842,2,18,55038.33
6674,2842,10,10,17565.81
6675,2842,9,25,21134.11
6676,2842,26,99,5866.68
6677,2843,23,41,9234.19
6678,2843,7,14,39230.97
6679,2844,17,14,197109.35
6680,2844,29,95,10014.19
6681,2844,9,27,21787.21
6682,2844,11,17,32470.38
6683,2845,12,15,26199.49
6684,2845,9,12,21930.72
6685,2846,16,10,116858.14
6686,2846,22,43,11219.16
6687,2846,7,36,39839.02
6688,2846,20,27,26139.85
6689,2846,10,26,17117.04
6690,2846,5,20,65492.48
6691,2847,9,23,22402.33
6692,2847,24,34,40727.76
6693,2847,11,34,32525.17
6694,2848,2,13,58478.79
6695,2848,1,8,80632.34
6696,2848,9,26,22280.86
6697,2849,22,14,11538.5
6698,2849,19,45,29506.44
6699,2849,27,51,4374.34
6700,2850,24,17,43086.58
6701,2850,17,6,191966.74
6702,2850,14,5,109851.86
6703,2850,19,30,29313.57
6704,2851,1,15,79873.94
6705,2851,17,5,192833.64
6706,2851,8,16,61185.27
6707,2851,4,6,34910.62
6708,2851,2,15,56194.68
6709,2851,14,10,111746.44
6710,2852,6,18,88988.89
6711,2852,19,50,28573.01
6712,2852,8,12,60302.74
6713,2852,5,14,65466.82
6714,2852,18,6,67735.26
6715,2852,27,75,4547.5
6716,2853,2,8,55206.8
6717,2853,4,11,34494.79
6718,2853,10,36,17327.3
6719,2853,5,15,66378.04
6720,2853,3,5,45136.25
6721,2854,8,12,63286.21
6722,2854,11,21,32731.48
6723,2854,4,8,35458.97
6724,2855,23,50,8690.23
6725,2855,11,29,32550.32
6726,2855,8,39,62226.23
6727,2855,4,14,35166.99
6728,2855,21,12,13754.78
6729,2856,18,14,71548.34
6730,2856,8,34,60444.89
6731,2856,11,14,34182.91
6732,2857,16,9,117028.79
6733,2857,7,38,37599.66
6734,2857,15,10,160002.59
6735,2857,11,13,32950.04
6736,2857,10,37,16932.68
6737,2857,21,12,13743.98
6738,2858,9,36,21356.47
6739,2858,5,16,66205.58
6740,2858,13,14,129345.64
6741,2858,22,33,11333.28
6742,2859,12,39,26733.74
6743,2859,4,18,35270.98
6744,2859,10,27,16585.56
6745,2860,20,26,24880.62
6746,2860,12,29,26948.55
6747,2860,27,80,4504.57
6748,2861,8,38,62286.27
6749,2861,11,25,31883.28
6750,2862,23,28,8872.92
6751,2862,14,11,109296.06
6752,2863,10,17,17286.14
6753,2863,3,8,45579.78
6754,2863,4,12,35092.62
6755,2863,8,15,64360.96
6756,2863,1,18,79785.98
6757,2863,5,6,67837.72
6758,2864,6,13,86730.12
6759,2864,2,6,57651.95
6760,2864,12,37,25644.88
6761,2864,8,26,61031.54
6762,2864,3,17,42299.95
6763,2865,4,20,35332.78
6764,2865,3,12,42872.99
6765,2866,9,16,22113.67
6766,2866,14,7,106017.98
6767,2866,22,40,11394.64
6768,2866,11,18,32592.52
6769,2867,7,31,39325.3
6770,2867,21,21,13297.9
6771,2867,15,13,157785.4
6772,2867,26,68,5538.29
6773,2868,22,44,11428.04
6774,2868,3,10,44966.09
6775,2868,12,35,26874.32
6776,2869,12,30,26924.65
6777,2869,23,25,8876.8
6778,2869,24,29,41919.58
6779,2869,22,46,11613.87
6780,2869,2,10,56843.81
6781,2870,12,11,25824.93
6782,2870,27,59,4360.85
6783,2870,18,15,70625.69
6784,2871,21,36,13983.44
6785,2871,23,43,9079.85
6786,2871,11,26,33664.24
6787,2871,10,33,17470.76
6788,2871,17,10,193890.48
6789,2872,3,9,44606.32
6790,2872,12,27,26200.69
6791,2872,20,50,25291.09
6792,2872,1,13,77540.73
6793,2873,22,18,11350.9
6794,2873,11,22,33906.02
6795,2873,24,49,43306.71
6796,2873,5,7,66928.32
6797,2873,20,18,24679.84
6798,2874,1,5,79494.52
6799,2874,9,15,21967.74
6800,2874,22,48,11050.5
6801,2874,7,20,38396.02
6802,2874,19,26,30102.17
6803,2874,2,17,56492.62
6804,2875,1,5,79043.38
6805,2875,4,20,35834.56
6806,2876,8,25,63923.17
6807,2876,15,14,165742.91
6808,2876,24,18,42473.68
6809,2876,2,6,58682.35
6810,2877,7,28,38326.36
6811,2877,1,10,78682.58
6812,2877,15,8,163296.14
6813,2877,9,40,21845.79
6814,2878,6,20,86909.75
6815,2878,12,35,27186.18
6816,2878,21,44,14096.92
6817,2878,8,31,60171.29
6818,2879,5,19,66380.3
6819,2879,10,39,16898.21
6820,2879,2,5,58707.18
6821,2879,24,46,42400.18
6822,2880,4,17,35800.46
6823,2880,29,83,10321.04
6824,2880,8,35,63860.69
6825,2880,13,12,128815.03
6826,2880,16,8,119562.65
6827,2881,20,13,25067.33
6828,2881,8,22,64267.92
6829,2881,5,16,66964.25
6830,2881,15,13,159457.24
6831,2881,4,20,33990.3
6832,2882,23,15,9135.84
6833,2882,2,12,57391.67
6834,2883,4,13,35959.78
6835,2883,24,14,41070.59
6836,2883,21,49,13932.55
6837,2883,2,17,57468.58
6838,2884,11,22,32123.66
6839,2884,28,62,6807.09
6840,2884,8,28,63969.25
6841,2885,19,50,29515.55
6842,2885,10,16,17573.49
6843,2886,2,17,55189.7
6844,2886,13,10,134490.05
6845,2887,10,26,16878.71
6846,2887,6,6,89392.78
6847,2887,5,8,63815.65
6848,2887,3,11,45175.45
6849,2887,2,12,57182.89
6850,2888,16,15,124354.39
6851,2888,5,15,66286.95
6852,2888,22,39,11410.21
6853,2888,9,19,21988.27
6854,2889,1,20,75330.57
6855,2889,11,39,33204.99
6856,2889,6,8,85765.63
6857,2889,3,20,42271.8
6858,2889,5,12,64453.13
6859,2889,2,11,58815.84
6860,2890,20,40,26238.13
6861,2890,21,14,13462.2
6862,2890,5,14,63741.74
6863,2890,19,18,29821.74
6864,2890,29,54,9813.04
6865,2891,11,21,33687.17
6866,2891,4,18,35212.71
6867,2891,15,13,161350.42
6868,2891,9,21,22603.29
6869,2892,10,31,16313.45
6870,2892,28,44,6603.01
6871,2892,2,10,57200.25
6872,2892,8,21,64364.5
6873,2892,22,43,11535.91
6874,2892,9,21,22468.75
6875,2893,3,20,45409.22
6876,2893,24,29,43218.59
6877,2893,22,27,11591.4
6878,2893,10,31,16475.4
6879,2893,19,10,30228.19
6880,2893,12,40,26237.45
6881,2894,19,44,29235.61
6882,2894,22,32,11656.4
6883,2895,24,10,41510.59
6884,2895,7,27,39619.17
6885,2895,22,41,11520.22
6886,2895,3,13,43918.48
6887,2896,22,44,11709.9
6888,2896,4,17,33955.67
6889,2897,3,17,44802.99
6890,2897,8,17,61269.66
6891,2897,21,46,13628.85
6892,2897,11,28,33933.29
6893,2897,12,39,27331.84
6894,2898,7,21,36961.52
6895,2898,10,16,16991.49
6896,2898,2,14,58843.33
6897,2898,9,13,22128.48
6898,2898,12,10,26032.57
6899,2898,11,10,33253.27
6900,2899,23,14,8809.0
6901,2899,16,12,118342.88
6902,2899,28,22,6900.37
6903,2899,3,8,44277.83
6904,2899,9,25,22761.33
6905,2899,11,21,32196.56
6906,2900,5,16,66000.82
6907,2900,6,16,89606.0
6908,2900,16,6,118421.4
6909,2900,3,13,43126.86
6910,2900,4,17,33611.62
6911,2901,11,20,32136.35
6912,2901,22,40,11422.95
6913,2901,8,12,60514.03
6914,2901,24,39,41910.89
6915,2901,19,49,28342.3
6916,2902,5,20,65033.84
6917,2902,24,44,43211.67
6918,2902,12,15,27172.37
6919,2902,7,39,37135.62
6920,2902,21,28,13568.21
6921,2902,9,22,21661.1
6922,2903,9,33,22073.02
6923,2903,21,29,14171.84
6924,2903,8,37,62970.69
6925,2903,13,7,129512.7
6926,2904,7,34,39838.28
6927,2904,20,22,25368.84
6928,2904,6,16,87673.34
6929,2905,11,31,33045.09
6930,2905,20,42,25004.37
6931,2905,5,17,67977.78
6932,2905,24,41,42939.78
6933,2905,10,26,17123.87
6934,2906,12,35,26486.47
6935,2906,10,17,16341.39
6936,2906,16,8,121528.85
6937,2906,6,12,89369.8
6938,2906,4,5,34954.12
6939,2906,5,15,68046.86
6940,2907,1,14,76450.78
6941,2907,19,38,29737.53
6942,2908,23,11,9094.78
6943,2908,10,29,16579.56
6944,2908,8,22,61533.1
6945,2908,20,32,25207.71
6946,2908,11,29,32446.81
6947,2908,9,23,21959.79
6948,2909,21,23,13813.26
6949,2909,6,19,84694.53
6950,2910,24,47,43012.61
6951,2910,4,6,36052.7
6952,2910,3,5,43902.68
6953,2910,2,5,56142.22
6954,2911,12,25,25808.13
6955,2911,23,33,8646.8
6956,2911,19,32,28343.84
6957,2911,7,23,38741.67
6958,2911,20,18,25688.07
6959,2912,20,45,25521.81
6960,2912,8,25,63957.65
6961,2912,22,24,11393.57
6962,2912,17,7,186441.09
6963,2913,7,17,38351.01
6964,2913,19,37,29702.22
6965,2913,24,33,42188.84
6966,2913,12,18,26907.44
6967,2913,23,43,9261.2
6968,2913,20,22,25690.03
6969,2914,10,11,17489.93
6970,2914,21,32,13792.33
6971,2914,20,30,25209.6
6972,2914,3,19,43857.47
6973,2914,4,5,34221.15
6974,2915,12,27,26841.5
6975,2915,5,7,63489.99
6976,2915,21,30,13755.03
6977,2916,10,26,16658.09
6978,2916,22,50,11130.36
6979,2916,20,28,26484.75
6980,2917,1,16,75152.64
6981,2917,21,47,13456.93
6982,2918,23,17,8917.69
6983,2918,1,7,76842.49
6984,2918,22,37,11078.17
6985,2918,2,13,56471.56
6986,2918,3,6,42379.21
6987,2919,9,11,22714.26
6988,2919,20,18,25867.34
6989,2919,12,29,26904.0
6990,2919,16,9,121768.51
6991,2920,3,18,44421.06
6992,2920,6,6,89720.09
6993,2920,12,22,25948.67
6994,2920,9,25,21355.38
6995,2921,9,34,21976.78
6996,2921,4,6,34833.78
6997,2921,10,12,17293.14
6998,2922,18,7,68266.58
6999,2922,5,18,65382.94
7000,2922,11,11,33621.44
7001,2922,3,16,42951.38
7002,2923,12,37,27351.46
7003,2923,23,36,8964.13
7004,2923,9,13,21626.67
7005,2923,4,8,35405.05
7006,2923,11,16,31865.26
7007,2923,6,8,89502.14
7008,2924,29,33,9851.62
7009,2924,12,27,26116.94
7010,2924,6,10,87254.28
7011,2924,19,34,28725.34
7012,2924,10,22,17568.95
7013,2925,19,19,30100.02
7014,2925,7,14,38257.64
7015,2925,23,35,8742.14
7016,2925,17,10,198439.86
7017,2926,16,9,119522.07
7018,2926,24,46,42565.15
7019,2926,4,8,34680.22
7020,2926,8,12,63450.2
7021,2926,1,18,75019.1
7022,2926,11,40,34058.22
7023,2927,9,24,21267.11
7024,2927,19,26,28747.98
7025,2928,22,26,11248.44
7026,2928,12,26,27021.91
7027,2929,22,48,11250.08
7028,2929,27,31,4445.71
7029,2929,1,12,80345.56
7030,2930,21,48,13731.28
7031,2930,2,5,57176.76
7032,2930,3,19,43068.34
7033,2930,22,20,11273.4
7034,2930,10,31,16819.88
7035,2931,12,13,26151.32
7036,2931,9,10,22458.55
7037,2931,19,22,28949.16
7038,2931,10,21,16722.23
7039,2931,7,14,39362.73
7040,2932,1,11,77973.51
7041,2932,18,10,68713.68
7042,2932,6,16,85416.58
7043,2932,12,21,27088.65
7044,2932,15,5,158505.44
7045,2933,19,42,30186.61
7046,2933,5,10,66873.5
7047,2933,23,14,8727.79
7048,2933,9,11,22283.01
7049,2933,12,16,26512.09
7050,2933,18,8,67685.69
7051,2934,8,17,60576.14
7052,2934,22,38,11801.4
7053,2934,21,37,14126.19
7054,2934,12,35,26552.66
7055,2934,10,34,16778.32
7056,2935,4,14,34992.3
7057,2935,11,19,32356.59
7058,2935,1,11,77281.64
7059,2935,10,15,17559.71
7060,2935,6,18,86955.81
7061,2936,25,62,7616.8
7062,2936,4,11,35470.26
7063,2936,7,22,37322.92
7064,2936,2,8,56659.1
7065,2936,21,25,13517.53
7066,2936,17,15,192649.97
7067,2937,12,20,27134.84
7068,2937,6,8,87005.4
7069,2937,10,18,16980.01
7070,2938,10,14,16976.38
7071,2938,17,8,192160.78
7072,2939,3,11,42481.79
7073,2939,24,25,42294.04
7074,2939,19,33,29245.7
7075,2939,7,37,37893.51
7076,2939,1,17,79410.66
7077,2939,11,37,32142.04
7078,2940,21,35,13239.77
7079,2940,12,15,27163.77
7080,2940,10,27,17107.63
7081,2940,9,13,22192.39
7082,2940,20,37,26524.87
7083,2941,14,10,104196.11
7084,2941,19,13,29345.78
7085,2942,10,37,17074.55
7086,2942,24,11,41750.88
7087,2943,13,5,133327.96
7088,2943,6,16,84823.17
7089,2943,29,70,10002.17
7090,2943,23,23,8911.26
7091,2943,10,27,17484.34
7092,2943,2,8,55822.55
7093,2944,28,45,6628.31
7094,2944,4,7,35896.59
7095,2944,6,5,84896.82
7096,2944,8,10,64187.84
7097,2944,11,15,32682.47
7098,2945,24,21,43651.53
7099,2945,16,9,120906.27
7100,2946,16,14,120996.55
7101,2946,23,49,8741.84
7102,2946,10,17,16970.17
7103,2946,14,7,108763.41
7104,2947,11,24,33369.96
7105,2947,9,18,21182.45
7106,2947,8,27,63095.53
7107,2948,21,28,13446.46
7108,2948,11,22,33664.28
7109,2948,22,39,11477.82
7110,2948,12,15,27014.98
7111,2949,2,17,56344.13
7112,2949,23,25,8951.94
7113,2949,21,11,13494.15
7114,2949,17,8,192733.04
7115,2950,12,25,27037.78
7116,2950,29,94,9721.74
7117,2950,10,35,16467.53
7118,2950,1,12,79357.01
7119,2951,1,14,75948.03
7120,2951,9,31,21826.63
7121,2951,19,17,28269.22
7122,2951,7,12,39566.77
7123,2951,3,15,42863.59
7124,2951,6,10,90158.35
7125,2952,11,16,31874.7
7126,2952,21,18,13998.56
7127,2952,20,24,24869.26
7128,2952,7,38,38576.22
7129,2952,8,10,60143.72
7130,2953,1,14,76682.79
7131,2953,15,5,158097.0
7132,2954,6,16,83791.79
7133,2954,12,10,25531.53
7134,2955,22,24,11557.98
7135,2955,10,17,16752.42
7136,2955,23,37,8787.7
7137,2955,7,17,38877.35
7138,2956,8,35,64259.45
7139,2956,22,40,11869.97
7140,2957,21,37,13222.79
7141,2957,8,40,60759.96
7142,2958,21,15,13897.51
7143,2958,22,40,11074.77
7144,2958,8,14,63235.57
7145,2958,17,14,197251.49
7146,2958,23,20,8894.12
7147,2959,10,40,17461.93
7148,2959,5,8,65381.26
7149,2960,13,12,137453.67
7150,2960,7,12,37156.07
7151,2960,10,13,16483.59
7152,2960,5,14,68369.76
7153,2960,17,12,187987.45
7154,2960,15,12,154910.85
7155,2961,18,9,67371.61
7156,2961,13,15,131760.15
7157,2961,21,30,13887.39
7158,2961,23,10,8755.75
7159,2961,7,30,39842.6
7160,2962,16,6,120424.32
7161,2962,20,12,24862.18
7162,2963,23,24,9211.96
7163,2963,5,7,65653.59
7164,2963,8,40,61353.21
7165,2964,22,26,11010.69
7166,2964,7,31,39237.31
7167,2964,6,15,85533.62
7168,2964,11,33,31824.27
7169,2964,16,13,123735.92
7170,2964,10,12,16439.25
7171,2965,12,15,26135.0
7172,2965,1,8,76308.2
7173,2965,27,57,4445.38
7174,2965,14,9,111353.08
7175,2966,8,40,63852.48
7176,2966,3,9,44734.27
7177,2966,5,13,65377.67
7178,2966,12,35,26225.84
7179,2966,4,9,34073.26
7180,2966,16,11,119103.88
7181,2967,4,14,34569.67
7182,2967,8,13,64345.63
7183,2968,21,10,13651.66
7184,2968,6,14,84287.61
7185,2968,2,20,58814.93
7186,2968,13,8,134114.89
7187,2969,6,12,87807.7
7188,2969,1,20,78032.77
7189,2969,2,20,56884.19
7190,2969,24,30,41938.24
7191,2970,11,35,33610.22
7192,2970,7,18,37273.04
7193,2970,6,13,87847.53
7194,2970,22,25,11208.35
7195,2970,3,20,43075.33
7196,2971,19,37,29284.4
7197,2971,22,25,11066.94
7198,2971,6,20,88900.17
7199,2971,9,10,22455.87
7200,2971,7,12,39641.09
7201,2971,11,29,32682.53
7202,2972,3,5,44718.85
7203,2972,23,11,8848.7
7204,2972,4,6,35033.24
7205,2972,24,19,42097.05
7206,2972,22,19,11341.75
7207,2972,20,23,26092.38
7208,2973,2,14,54894.03
7209,2973,13,6,133657.79
7210,2973,14,15,110689.23
7211,2973,3,20,43963.01
7212,2973,15,13,165969.16
7213,2973,30,26,13159.66
7214,2974,7,14,39782.48
7215,2974,4,15,35043.12
7216,2974,14,7,105571.85
7217,2975,10,25,16925.39
7218,2975,8,26,63892.25
7219,2976,8,32,62031.95
7220,2976,10,12,16525.38
7221,2976,4,20,33941.75
7222,2976,12,17,26940.06
7223,2976,14,6,109425.69
7224,2977,1,13,75901.56
7225,2977,20,40,25151.37
7226,2977,24,39,40690.93
7227,2977,4,9,34350.73
7228,2978,26,62,5554.18
7229,2978,18,5,71473.9
7230,2978,21,45,13716.28
7231,2978,6,12,86229.28
7232,2979,22,47,11304.71
7233,2979,11,33,33259.63
7234,2979,19,18,29465.91
7235,2980,7,13,38899.53
7236,2980,2,11,54780.15
7237,2981,20,33,26493.26
7238,2981,2,13,56317.72
7239,2982,11,36,33636.01
7240,2982,7,15,37580.72
7241,2982,2,10,55550.16
7242,2982,8,27,62144.3
7243,2982,10,38,17191.51
7244,2982,1,14,76032.84
7245,2983,7,26,39826.34
7246,2983,22,43,11179.46
7247,2984,8,40,64540.2
7248,2984,24,45,41078.29
7249,2984,19,43,28174.61
7250,2984,29,46,10023.71
7251,2984,21,14,14171.68
7252,2984,3,13,44640.28
7253,2985,20,44,24646.1
7254,2985,22,38,11776.91
7255,2985,5,8,63842.42
7256,2985,4,6,35225.24
7257,2985,24,20,41465.96
7258,2985,21,11,13661.6
7259,2986,13,5,130856.86
7260,2986,9,20,22212.02
7261,2986,20,23,26437.75
7262,2986,19,17,29905.08
7263,2986,12,35,25883.77
7264,2987,21,13,14046.27
7265,2987,11,18,32920.23
7266,2987,24,20,43576.12
7267,2988,21,24,13687.72
7268,2988,28,57,6652.67
7269,2988,14,8,109981.35
7270,2988,19,34,29080.56
7271,2988,4,6,35154.72
7272,2988,5,11,67218.38
7273,2989,11,35,34167.03
7274,2989,6,7,90242.68
7275,2989,29,62,9939.46
7276,2990,8,25,60818.47
7277,2990,9,18,22271.1
7278,2990,12,29,25676.66
7279,2991,8,25,62563.85
7280,2991,1,18,75380.26
7281,2991,20,13,26396.47
7282,2991,10,26,16447.82
7283,2991,19,35,28568.83
7284,2992,24,29,40888.87
7285,2992,21,40,13456.03
7286,2992,22,13,11671.8
7287,2992,14,14,109296.31
7288,2993,8,22,63681.64
7289,2993,17,15,186558.81
7290,2994,2,6,57256.87
7291,2994,24,48,40553.07
7292,2995,12,20,25542.68
7293,2995,25,92,7839.67
7294,2995,4,13,34178.63
7295,2996,12,24,27547.76
7296,2996,6,7,89082.07
7297,2996,21,21,13235.3
7298,2996,7,39,39775.78
7299,2996,19,33,30228.06
7300,2997,21,10,13792.18
7301,2997,7,33,38117.06
7302,2997,22,48,11644.28
7303,2997,1,5,75225.75
7304,2998,13,9,136462.24
7305,2998,12,27,25625.89
7306,2998,1,7,79815.28
7307,2998,4,18,34395.87
7308,2999,7,10,37078.19
7309,2999,8,19,63234.88
7310,2999,11,18,33250.64
7311,2999,20,28,26074.32
7312,2999,23,32,8740.89
7313,2999,22,45,11508.34
7314,3000,16,11,117403.25
7315,3000,19,15,30324.26
7316,3000,23,48,8851.34
