shipment_id,order_id,shipment_date,expected_delivery_date,actual_delivery_date,shipment_status
1,1,2025-09-18,2025-09-26,2025-09-29,Delivered
2,2,2025-05-01,2025-05-09,2025-05-07,Delivered
3,3,2025-12-22,2025-12-25,2025-12-25,Delivered
4,5,2025-07-09,2025-07-18,2025-07-18,Delivered
5,6,2025-11-08,2025-11-18,2025-11-18,Delivered
6,7,2025-06-24,2025-06-29,2025-06-28,Delivered
7,8,2026-05-19,2026-05-25,2026-05-24,Delivered
8,9,2025-11-20,2025-11-26,2025-11-26,Delivered
9,10,2025-03-24,2025-03-28,2025-03-28,Delivered
10,11,2026-07-05,2026-07-10,2026-07-09,Delivered
11,12,2026-07-26,2026-07-29,2026-07-28,Delivered
12,13,2026-03-18,2026-03-26,2026-03-25,Delivered
13,14,2026-02-19,2026-03-02,2026-03-01,Delivered
14,15,2026-06-20,2026-06-27,2026-06-25,Delivered
15,16,2025-12-23,2025-12-30,2026-01-02,Delivered
16,17,2025-08-20,2025-08-23,2025-08-24,Delivered
17,18,2025-09-02,2025-09-05,2025-09-05,Delivered
18,19,2025-03-23,2025-04-02,2025-03-31,Delivered
19,20,2025-08-14,2025-08-22,2025-08-25,Delivered
20,21,2026-05-04,2026-05-18,2026-05-17,Delivered
21,22,2026-11-09,2026-11-19,2026-11-18,Delivered
22,23,2025-03-07,2025-03-16,2025-03-17,Delivered
23,24,2025-12-20,2026-01-02,2025-12-31,Delivered
24,25,2025-07-20,2025-07-28,2025-07-26,Delivered
25,26,2025-10-17,2025-10-27,2025-10-25,Delivered
26,28,2025-01-26,2025-02-09,2025-02-07,Delivered
27,29,2026-05-22,2026-05-28,2026-05-26,Delivered
28,30,2025-06-27,2025-07-03,2025-07-01,Delivered
29,32,2026-08-02,2026-08-08,2026-08-08,Delivered
30,33,2025-11-07,2025-11-11,2025-11-11,Delivered
31,34,2026-07-17,2026-07-20,2026-07-18,Delivered
32,35,2026-08-31,2026-09-05,2026-09-03,Delivered
33,36,2026-06-14,2026-06-19,2026-06-18,Delivered
34,37,2025-03-19,2025-03-27,2025-03-26,Delivered
35,38,2026-08-09,2026-08-16,2026-08-16,Delivered
36,39,2025-03-30,2025-04-06,2025-04-05,Delivered
37,40,2025-08-02,2025-08-09,2025-08-07,Delivered
38,41,2026-02-15,2026-02-18,2026-02-16,Delivered
39,42,2025-11-29,2025-12-06,2025-12-05,Delivered
40,43,2026-10-07,2026-10-21,2026-10-21,Delivered
41,44,2025-08-09,2025-08-19,2025-08-17,Delivered
42,45,2025-03-20,2025-03-30,2025-03-28,Delivered
43,46,2026-04-02,2026-04-16,2026-04-15,Delivered
44,47,2026-11-07,2026-11-15,,In Transit
45,48,2025-04-26,2025-05-10,2025-05-20,Delivered
46,49,2025-04-22,2025-04-29,2025-04-28,Delivered
47,50,2026-09-14,2026-09-18,2026-10-01,Delivered
48,51,2026-10-14,2026-10-22,2026-10-21,Delivered
49,52,2025-02-28,2025-03-07,2025-03-05,Delivered
50,53,2025-02-25,2025-03-02,2025-03-01,Delivered
51,54,2025-09-30,2025-10-05,2025-10-03,Delivered
52,55,2026-03-19,2026-03-27,2026-03-26,Delivered
53,57,2026-08-30,2026-09-06,2026-09-04,Delivered
54,58,2025-11-19,2025-11-25,2025-11-23,Delivered
55,59,2025-08-12,2025-08-18,2025-08-17,Delivered
56,61,2025-06-14,2025-06-23,2025-06-22,Delivered
57,62,2025-07-03,2025-07-15,2025-07-22,Delivered
58,63,2025-12-11,2025-12-25,2025-12-28,Delivered
59,64,2025-09-16,2025-09-22,2025-09-21,Delivered
60,65,2025-02-19,2025-03-05,2025-03-03,Delivered
61,66,2026-04-27,2026-05-04,2026-05-09,Delivered
62,67,2026-11-15,2026-11-21,2026-11-20,Delivered
63,68,2025-03-21,2025-03-28,2025-03-30,Delivered
64,69,2026-06-14,2026-06-19,2026-06-19,Delivered
65,70,2025-02-04,2025-02-08,2025-02-08,Delivered
66,71,2025-10-01,2025-10-07,2025-10-06,Delivered
67,72,2025-11-21,2025-11-29,2025-11-28,Delivered
68,73,2026-08-23,2026-08-29,2026-08-28,Delivered
69,74,2025-01-06,2025-01-13,2025-01-12,Delivered
70,75,2025-03-19,2025-03-27,2025-03-26,Delivered
71,76,2026-11-16,2026-11-29,2026-11-29,Delivered
72,77,2026-11-23,2026-11-27,2026-11-27,Delivered
73,78,2026-07-29,2026-08-01,2026-07-30,Delivered
74,79,2026-01-27,2026-02-03,2026-02-02,Delivered
75,80,2025-11-15,2025-11-18,2025-11-16,Delivered
76,81,2025-08-08,2025-08-14,2025-08-12,Delivered
77,82,2026-03-31,2026-04-05,2026-04-05,Delivered
78,83,2025-06-28,2025-07-08,2025-07-06,Delivered
79,84,2026-10-13,2026-10-19,2026-10-18,Delivered
80,85,2025-09-04,2025-09-10,2025-09-09,Delivered
81,87,2026-09-22,2026-10-03,2026-10-03,Delivered
82,88,2026-10-17,2026-10-22,2026-10-21,Delivered
83,89,2025-09-14,2025-09-21,2025-09-21,Delivered
84,90,2025-04-24,2025-05-05,2025-05-04,Delivered
85,91,2026-12-16,2026-12-22,,In Transit
86,92,2025-05-08,2025-05-13,2025-05-11,Delivered
87,93,2026-08-05,2026-08-14,2026-08-16,Delivered
88,94,2026-06-08,2026-06-13,2026-06-14,Delivered
89,95,2026-05-07,2026-05-13,2026-05-11,Delivered
90,96,2025-10-13,2025-10-25,2025-10-24,Delivered
91,97,2025-10-17,2025-10-27,2025-10-25,Delivered
92,98,2025-12-16,2025-12-20,2025-12-19,Delivered
93,99,2025-06-09,2025-06-16,2025-06-14,Delivered
94,100,2025-08-17,2025-08-22,2025-08-20,Delivered
95,101,2026-04-29,2026-05-05,2026-05-04,Delivered
96,102,2026-02-11,2026-02-21,2026-02-20,Delivered
97,103,2026-08-18,2026-08-23,2026-08-21,Delivered
98,104,2025-11-09,2025-11-14,2025-11-14,Delivered
99,105,2026-07-18,2026-08-01,2026-08-01,Delivered
100,106,2025-10-10,2025-10-18,2025-10-18,Delivered
101,107,2026-11-24,2026-11-30,2026-11-29,Delivered
102,108,2026-05-01,2026-05-11,2026-05-10,Delivered
103,109,2026-09-03,2026-09-10,2026-09-12,Delivered
104,110,2026-03-25,2026-03-29,2026-03-29,Delivered
105,111,2025-10-02,2025-10-09,2025-10-07,Delivered
106,112,2025-12-21,2025-12-30,2026-01-05,Delivered
107,113,2026-03-11,2026-03-15,2026-03-14,Delivered
108,114,2026-07-16,2026-07-20,2026-07-19,Delivered
109,115,2025-03-18,2025-04-01,2025-03-31,Delivered
110,116,2025-09-14,2025-09-17,2025-09-16,Delivered
111,117,2025-09-10,2025-09-14,2025-09-12,Delivered
112,118,2025-08-20,2025-08-27,2025-08-25,Delivered
113,119,2025-06-27,2025-07-02,2025-07-01,Delivered
114,120,2025-06-22,2025-06-30,2025-06-30,Delivered
115,121,2025-11-20,2025-11-25,2025-11-24,Delivered
116,122,2025-07-26,2025-07-29,2025-07-29,Delivered
117,123,2025-09-09,2025-09-13,2025-09-12,Delivered
118,124,2026-09-12,2026-09-22,2026-09-22,Delivered
119,125,2026-03-23,2026-03-30,2026-03-30,Delivered
120,126,2025-12-22,2025-12-29,2025-12-28,Delivered
121,127,2025-04-26,2025-05-01,2025-05-01,Delivered
122,128,2026-04-23,2026-04-29,2026-04-30,Delivered
123,129,2026-06-22,2026-07-04,2026-07-03,Delivered
124,130,2026-07-14,2026-07-22,2026-07-30,Delivered
125,131,2026-09-04,2026-09-10,2026-09-10,Delivered
126,132,2025-04-02,2025-04-08,2025-04-08,Delivered
127,133,2026-04-24,2026-05-02,2026-05-02,Delivered
128,134,2026-05-31,2026-06-10,2026-06-10,Delivered
129,135,2026-01-08,2026-01-18,2026-01-18,Delivered
130,136,2026-09-12,2026-09-22,2026-09-22,Delivered
131,137,2026-06-16,2026-06-24,2026-06-23,Delivered
132,138,2026-02-25,2026-03-05,2026-03-03,Delivered
133,139,2026-10-28,2026-11-03,2026-11-05,Delivered
134,140,2025-04-08,2025-04-11,2025-04-11,Delivered
135,141,2025-11-20,2025-11-28,2025-11-26,Delivered
136,142,2026-07-06,2026-07-12,2026-07-10,Delivered
137,143,2026-01-03,2026-01-08,2026-01-10,Delivered
138,144,2025-09-04,2025-09-07,2025-09-06,Delivered
139,145,2026-07-06,2026-07-14,2026-07-18,Delivered
140,147,2026-06-24,2026-07-01,2026-07-01,Delivered
141,148,2025-11-07,2025-11-11,2025-11-17,Delivered
142,149,2027-01-04,2027-01-09,2027-01-09,Delivered
143,150,2025-03-06,2025-03-14,2025-03-14,Delivered
144,151,2026-05-24,2026-05-30,2026-06-01,Delivered
145,152,2026-04-28,2026-05-05,2026-05-03,Delivered
146,153,2025-03-01,2025-03-07,2025-03-06,Delivered
147,154,2025-03-15,2025-03-18,2025-03-18,Delivered
148,156,2025-11-12,2025-11-17,2025-11-16,Delivered
149,157,2026-03-05,2026-03-13,2026-03-12,Delivered
150,158,2026-02-04,2026-02-12,2026-02-10,Delivered
151,159,2026-09-04,2026-09-16,2026-09-21,Delivered
152,160,2025-03-12,2025-03-20,2025-03-20,Delivered
153,161,2025-08-07,2025-08-16,2025-08-16,Delivered
154,162,2025-06-18,2025-06-21,2025-06-19,Delivered
155,163,2025-01-05,2025-01-08,2025-01-06,Delivered
156,164,2025-11-02,2025-11-07,2025-11-08,Delivered
157,165,2026-12-29,2027-01-12,,In Transit
158,166,2025-10-08,2025-10-21,2025-10-22,Delivered
159,167,2026-07-18,2026-07-23,2026-07-23,Delivered
160,168,2025-06-01,2025-06-06,2025-06-04,Delivered
161,169,2026-09-08,2026-09-14,2026-09-13,Delivered
162,170,2026-04-27,2026-05-06,2026-05-04,Delivered
163,171,2026-06-04,2026-06-09,2026-06-09,Delivered
164,172,2025-02-15,2025-03-01,2025-02-27,Delivered
165,173,2025-02-04,2025-02-08,2025-02-07,Delivered
166,175,2026-11-29,2026-12-06,2026-12-05,Delivered
167,176,2025-07-02,2025-07-10,2025-07-08,Delivered
168,177,2025-07-15,2025-07-23,2025-07-23,Delivered
169,178,2026-05-28,2026-06-10,2026-06-10,Delivered
170,179,2025-12-17,2025-12-20,2025-12-18,Delivered
171,180,2025-12-07,2025-12-12,2025-12-11,Delivered
172,181,2026-02-24,2026-03-05,2026-03-05,Delivered
173,183,2026-02-27,2026-03-12,2026-03-12,Delivered
174,184,2026-07-12,2026-07-19,2026-07-18,Delivered
175,185,2026-01-09,2026-01-16,2026-01-15,Delivered
176,186,2025-03-02,2025-03-05,2025-03-04,Delivered
177,187,2025-10-29,2025-11-03,2025-11-01,Delivered
178,188,2026-10-10,2026-10-15,2026-10-21,Delivered
179,189,2025-11-19,2025-11-28,2025-11-27,Delivered
180,190,2025-05-04,2025-05-12,2025-05-10,Delivered
181,191,2025-06-15,2025-06-23,2025-06-23,Delivered
182,193,2025-09-15,2025-09-23,2025-09-21,Delivered
183,194,2026-09-09,2026-09-18,2026-09-18,Delivered
184,195,2025-10-20,2025-10-30,2025-10-30,Delivered
185,196,2026-06-10,2026-06-14,2026-06-12,Delivered
186,197,2025-11-06,2025-11-14,2025-11-13,Delivered
187,198,2026-04-07,2026-04-17,2026-04-16,Delivered
188,199,2026-07-21,2026-07-25,2026-07-24,Delivered
189,200,2026-12-22,2026-12-25,2026-12-26,Delivered
190,201,2026-03-01,2026-03-04,2026-03-02,Delivered
191,202,2026-02-01,2026-02-06,2026-02-04,Delivered
192,204,2025-05-18,2025-05-27,2025-05-25,Delivered
193,205,2026-04-06,2026-04-09,2026-04-07,Delivered
194,206,2025-06-01,2025-06-08,2025-06-08,Delivered
195,207,2025-10-01,2025-10-08,2025-10-08,Delivered
196,209,2026-10-06,2026-10-15,,In Transit
197,210,2025-02-16,2025-02-21,2025-02-20,Delivered
198,211,2025-10-24,2025-11-01,2025-11-06,Delivered
199,212,2025-04-13,2025-04-23,2025-04-21,Delivered
200,213,2026-12-17,2026-12-23,2026-12-22,Delivered
201,214,2025-03-06,2025-03-13,2025-03-11,Delivered
202,215,2025-09-11,2025-09-18,2025-09-17,Delivered
203,216,2025-03-30,2025-04-04,2025-04-03,Delivered
204,217,2025-09-08,2025-09-17,2025-09-16,Delivered
205,218,2026-10-26,2026-11-01,2026-11-08,Delivered
206,219,2026-04-24,2026-05-03,2026-05-05,Delivered
207,220,2025-12-30,2026-01-13,2026-01-13,Delivered
208,221,2026-03-13,2026-03-22,2026-03-21,Delivered
209,222,2025-07-29,2025-08-10,2025-08-08,Delivered
210,224,2025-11-01,2025-11-07,2025-11-07,Delivered
211,225,2025-01-18,2025-01-27,2025-01-26,Delivered
212,226,2026-05-29,2026-06-12,2026-06-17,Delivered
213,227,2025-08-30,2025-09-04,2025-09-04,Delivered
214,228,2025-07-16,2025-07-24,2025-07-22,Delivered
215,229,2026-10-11,2026-10-20,2026-10-20,Delivered
216,230,2025-02-09,2025-02-14,2025-02-13,Delivered
217,231,2025-11-07,2025-11-10,2025-11-09,Delivered
218,232,2025-05-24,2025-05-31,2025-05-29,Delivered
219,233,2025-10-16,2025-10-23,2025-10-21,Delivered
220,234,2026-05-14,2026-05-28,2026-05-28,Delivered
221,236,2025-05-31,2025-06-07,2025-06-05,Delivered
222,237,2026-11-24,2026-12-06,2026-12-06,Delivered
223,238,2026-02-11,2026-02-16,2026-02-16,Delivered
224,239,2026-01-22,2026-02-01,2026-02-01,Delivered
225,240,2026-10-20,2026-11-03,2026-11-02,Delivered
226,241,2026-05-01,2026-05-05,2026-05-05,Delivered
227,242,2026-09-24,2026-09-27,2026-09-30,Delivered
228,243,2026-05-01,2026-05-13,2026-05-15,Delivered
229,244,2025-05-05,2025-05-12,2025-05-12,Delivered
230,245,2026-05-30,2026-06-04,2026-06-03,Delivered
231,246,2025-05-21,2025-05-27,2025-05-27,Delivered
232,247,2026-12-25,2027-01-06,,In Transit
233,248,2025-06-10,2025-06-24,2025-06-23,Delivered
234,249,2026-09-28,2026-10-04,2026-10-02,Delivered
235,251,2026-01-11,2026-01-18,2026-01-17,Delivered
236,252,2026-10-30,2026-11-02,2026-11-01,Delivered
237,253,2025-05-10,2025-05-21,2025-05-21,Delivered
238,254,2025-08-15,2025-08-24,2025-08-22,Delivered
239,255,2025-12-15,2025-12-18,2025-12-18,Delivered
240,256,2025-08-04,2025-08-11,2025-08-11,Delivered
241,257,2025-08-20,2025-08-31,2025-08-31,Delivered
242,258,2025-06-08,2025-06-16,2025-06-17,Delivered
243,259,2025-05-31,2025-06-14,2025-06-14,Delivered
244,260,2025-04-29,2025-05-09,2025-05-11,Delivered
245,261,2026-01-07,2026-01-17,2026-01-19,Delivered
246,262,2025-01-21,2025-01-27,2025-01-25,Delivered
247,263,2026-03-14,2026-03-22,2026-03-21,Delivered
248,264,2026-01-11,2026-01-16,2026-01-16,Delivered
249,265,2025-08-22,2025-08-31,2025-09-02,Delivered
250,266,2026-11-08,2026-11-15,2026-11-14,Delivered
251,267,2025-02-03,2025-02-09,2025-02-08,Delivered
252,268,2026-03-16,2026-03-22,2026-03-20,Delivered
253,269,2026-04-06,2026-04-13,2026-04-11,Delivered
254,270,2025-06-08,2025-06-15,2025-06-16,Delivered
255,271,2026-08-31,2026-09-08,2026-09-08,Delivered
256,272,2026-09-12,2026-09-19,2026-09-18,Delivered
257,273,2026-03-24,2026-03-28,2026-03-27,Delivered
258,274,2026-11-09,2026-11-19,2026-11-29,Delivered
259,275,2025-08-29,2025-09-06,2025-09-06,Delivered
260,276,2025-04-15,2025-04-18,2025-04-16,Delivered
261,277,2026-01-26,2026-02-03,2026-02-04,Delivered
262,278,2025-04-01,2025-04-08,2025-04-06,Delivered
263,279,2026-01-26,2026-02-08,2026-02-08,Delivered
264,280,2026-08-01,2026-08-07,2026-08-06,Delivered
265,281,2026-11-17,2026-11-27,,In Transit
266,282,2025-02-27,2025-03-09,2025-03-07,Delivered
267,283,2026-08-20,2026-08-25,2026-08-24,Delivered
268,284,2025-08-20,2025-08-29,2025-08-27,Delivered
269,285,2026-01-16,2026-01-22,2026-01-22,Delivered
270,286,2026-03-18,2026-03-29,2026-03-27,Delivered
271,287,2026-11-13,2026-11-26,2026-11-25,Delivered
272,288,2025-10-16,2025-10-21,2025-10-19,Delivered
273,289,2025-12-30,2026-01-05,2026-01-05,Delivered
274,290,2026-02-24,2026-03-01,2026-02-27,Delivered
275,291,2025-02-09,2025-02-15,2025-02-13,Delivered
276,292,2026-03-08,2026-03-15,2026-03-14,Delivered
277,293,2025-12-04,2025-12-11,2025-12-16,Delivered
278,294,2025-06-14,2025-06-18,2025-06-18,Delivered
279,295,2025-04-03,2025-04-06,2025-04-04,Delivered
280,296,2026-09-24,2026-09-30,2026-09-29,Delivered
281,297,2026-06-11,2026-06-17,2026-06-15,Delivered
282,298,2026-12-04,2026-12-10,2026-12-08,Delivered
283,300,2025-03-08,2025-03-14,2025-03-13,Delivered
284,301,2025-05-30,2025-06-08,2025-06-11,Delivered
285,302,2025-01-11,2025-01-19,2025-01-17,Delivered
286,303,2026-02-02,2026-02-07,2026-02-06,Delivered
287,304,2026-11-26,2026-12-04,2026-12-07,Delivered
288,305,2025-02-15,2025-02-22,2025-02-22,Delivered
289,306,2025-11-24,2025-11-30,2025-11-29,Delivered
290,307,2026-03-12,2026-03-17,2026-03-17,Delivered
291,308,2025-12-07,2025-12-14,2025-12-12,Delivered
292,309,2026-12-17,2026-12-26,2026-12-25,Delivered
293,310,2025-04-22,2025-04-29,2025-04-28,Delivered
294,311,2025-03-31,2025-04-03,2025-04-03,Delivered
295,312,2025-08-25,2025-08-28,2025-08-27,Delivered
296,313,2026-10-21,2026-10-24,2026-10-23,Delivered
297,314,2025-12-30,2026-01-04,2026-01-16,Delivered
298,315,2025-09-01,2025-09-06,2025-09-04,Delivered
299,316,2026-09-14,2026-09-18,2026-09-17,Delivered
300,317,2026-10-16,2026-10-24,2026-10-27,Delivered
301,318,2026-08-06,2026-08-14,2026-08-14,Delivered
302,319,2026-10-10,2026-10-13,2026-10-11,Delivered
303,320,2026-03-31,2026-04-08,2026-04-06,Delivered
304,321,2026-01-04,2026-01-11,2026-01-09,Delivered
305,322,2025-02-17,2025-02-22,2025-02-22,Delivered
306,323,2025-04-13,2025-04-21,2025-04-21,Delivered
307,324,2026-07-27,2026-08-10,2026-08-08,Delivered
308,325,2026-08-16,2026-08-26,2026-08-27,Delivered
309,326,2026-06-02,2026-06-08,2026-06-06,Delivered
310,327,2025-12-28,2026-01-11,2026-01-11,Delivered
311,328,2025-07-03,2025-07-08,2025-07-06,Delivered
312,329,2026-03-29,2026-04-04,2026-04-03,Delivered
313,330,2025-10-22,2025-10-25,2025-10-25,Delivered
314,331,2025-02-26,2025-03-12,2025-03-11,Delivered
315,332,2025-04-11,2025-04-18,2025-04-16,Delivered
316,333,2026-11-10,2026-11-21,2026-11-21,Delivered
317,334,2026-08-29,2026-09-07,2026-09-07,Delivered
318,335,2026-11-05,2026-11-12,2026-11-10,Delivered
319,336,2027-01-05,2027-01-18,,In Transit
320,337,2026-10-29,2026-11-07,2026-11-06,Delivered
321,338,2026-12-05,2026-12-19,,In Transit
322,339,2026-03-20,2026-03-27,2026-03-26,Delivered
323,340,2025-07-10,2025-07-17,2025-07-16,Delivered
324,341,2026-05-22,2026-05-28,2026-05-27,Delivered
325,342,2025-11-03,2025-11-11,2025-11-09,Delivered
326,343,2026-07-16,2026-07-28,2026-07-29,Delivered
327,344,2026-10-02,2026-10-07,2026-10-06,Delivered
328,345,2025-07-09,2025-07-20,2025-07-19,Delivered
329,346,2025-02-22,2025-02-28,2025-02-28,Delivered
330,347,2026-04-02,2026-04-10,2026-04-08,Delivered
331,348,2025-09-10,2025-09-16,2025-09-16,Delivered
332,350,2026-04-26,2026-05-06,2026-05-05,Delivered
333,351,2026-03-11,2026-03-19,2026-03-19,Delivered
334,352,2025-05-31,2025-06-10,2025-06-08,Delivered
335,353,2026-01-26,2026-02-04,2026-02-04,Delivered
336,354,2026-06-17,2026-06-27,2026-06-30,Delivered
337,355,2025-06-24,2025-06-30,2025-06-29,Delivered
338,356,2026-03-30,2026-04-05,2026-04-03,Delivered
339,357,2026-01-01,2026-01-10,2026-01-09,Delivered
340,359,2026-01-22,2026-01-25,2026-01-24,Delivered
341,360,2026-11-04,2026-11-10,2026-11-08,Delivered
342,361,2025-10-23,2025-11-03,2025-11-01,Delivered
343,362,2025-05-26,2025-06-05,2025-06-03,Delivered
344,363,2025-01-10,2025-01-23,2025-01-23,Delivered
345,364,2025-06-10,2025-06-15,2025-06-15,Delivered
346,365,2025-10-25,2025-10-28,2025-10-27,Delivered
347,366,2026-03-14,2026-03-21,2026-03-19,Delivered
348,367,2026-05-29,2026-06-07,2026-06-07,Delivered
349,368,2026-08-18,2026-08-25,2026-08-23,Delivered
350,369,2025-01-05,2025-01-10,2025-01-10,Delivered
351,370,2025-07-19,2025-07-27,2025-07-25,Delivered
352,371,2026-01-12,2026-01-17,2026-01-16,Delivered
353,372,2026-06-09,2026-06-14,2026-06-13,Delivered
354,373,2025-02-24,2025-03-03,2025-03-03,Delivered
355,374,2025-01-26,2025-01-31,2025-01-29,Delivered
356,375,2026-11-08,2026-11-13,2026-11-16,Delivered
357,376,2025-12-31,2026-01-07,2026-01-05,Delivered
358,377,2026-12-13,2026-12-21,,In Transit
359,378,2025-05-24,2025-05-27,2025-05-27,Delivered
360,379,2025-07-30,2025-08-02,2025-08-01,Delivered
361,381,2026-07-18,2026-07-26,2026-07-26,Delivered
362,382,2025-07-17,2025-07-23,2025-07-21,Delivered
363,383,2025-12-14,2025-12-17,2025-12-16,Delivered
364,384,2026-02-17,2026-02-23,2026-02-22,Delivered
365,385,2025-07-13,2025-07-23,2025-07-23,Delivered
366,386,2026-06-18,2026-06-24,2026-06-24,Delivered
367,387,2025-03-31,2025-04-08,2025-04-10,Delivered
368,388,2025-12-01,2025-12-07,2025-12-06,Delivered
369,389,2025-11-17,2025-11-22,2025-11-22,Delivered
370,390,2026-04-06,2026-04-12,2026-04-10,Delivered
371,391,2026-01-03,2026-01-08,2026-01-07,Delivered
372,392,2025-03-02,2025-03-06,2025-03-04,Delivered
373,394,2025-06-03,2025-06-13,2025-06-11,Delivered
374,395,2025-03-20,2025-03-26,2025-03-24,Delivered
375,396,2026-02-07,2026-02-21,2026-02-24,Delivered
376,397,2026-12-01,2026-12-06,2026-12-06,Delivered
377,398,2025-03-27,2025-04-03,2025-04-01,Delivered
378,399,2026-11-01,2026-11-05,2026-11-05,Delivered
379,400,2025-07-18,2025-07-25,2025-07-25,Delivered
380,401,2025-05-06,2025-05-10,2025-05-09,Delivered
381,402,2025-08-17,2025-08-28,2025-08-27,Delivered
382,403,2026-05-23,2026-05-27,2026-05-27,Delivered
383,404,2026-04-14,2026-04-19,2026-04-17,Delivered
384,405,2025-04-08,2025-04-22,2025-04-20,Delivered
385,406,2027-01-03,2027-01-06,2027-01-05,Delivered
386,407,2025-11-13,2025-11-22,2025-11-20,Delivered
387,408,2026-06-13,2026-06-18,2026-06-21,Delivered
388,409,2025-09-10,2025-09-20,2025-09-19,Delivered
389,410,2026-08-13,2026-08-20,2026-08-19,Delivered
390,412,2026-05-15,2026-05-25,2026-05-26,Delivered
391,413,2025-03-19,2025-03-22,2025-03-21,Delivered
392,414,2026-04-16,2026-04-23,2026-04-23,Delivered
393,415,2026-07-29,2026-08-04,2026-08-04,Delivered
394,416,2025-05-16,2025-05-24,2025-05-24,Delivered
395,417,2026-06-18,2026-06-22,2026-06-21,Delivered
396,420,2025-10-16,2025-10-23,2025-10-21,Delivered
397,421,2025-04-15,2025-04-20,2025-04-25,Delivered
398,422,2026-08-24,2026-08-31,2026-08-31,Delivered
399,423,2026-09-19,2026-09-24,2026-09-22,Delivered
400,424,2025-02-02,2025-02-07,2025-02-05,Delivered
401,425,2025-10-05,2025-10-11,2025-10-10,Delivered
402,426,2025-02-09,2025-02-16,2025-02-17,Delivered
403,427,2025-11-12,2025-11-18,2025-11-21,Delivered
404,428,2025-03-25,2025-04-04,2025-04-04,Delivered
405,429,2026-05-19,2026-05-29,2026-05-27,Delivered
406,430,2025-11-22,2025-12-04,2025-12-03,Delivered
407,431,2025-12-25,2026-01-06,2026-01-09,Delivered
408,432,2026-06-18,2026-06-25,2026-06-23,Delivered
409,433,2025-05-15,2025-05-19,2025-05-23,Delivered
410,434,2025-02-25,2025-03-04,2025-03-02,Delivered
411,435,2026-03-08,2026-03-11,2026-03-10,Delivered
412,436,2026-08-19,2026-08-24,2026-08-26,Delivered
413,437,2026-06-01,2026-06-12,2026-06-10,Delivered
414,438,2025-11-22,2025-12-01,2025-11-30,Delivered
415,439,2026-06-11,2026-06-16,2026-06-15,Delivered
416,440,2025-12-30,2026-01-05,2026-01-04,Delivered
417,441,2026-11-03,2026-11-13,2026-11-13,Delivered
418,442,2025-04-29,2025-05-09,2025-05-08,Delivered
419,443,2026-02-25,2026-03-01,2026-03-06,Delivered
420,444,2026-08-03,2026-08-09,2026-08-09,Delivered
421,445,2026-02-02,2026-02-10,2026-02-10,Delivered
422,446,2026-10-07,2026-10-17,2026-10-16,Delivered
423,447,2025-04-20,2025-04-27,2025-05-02,Delivered
424,448,2026-01-19,2026-01-28,2026-01-31,Delivered
425,449,2026-02-23,2026-03-01,2026-02-27,Delivered
426,450,2025-12-13,2025-12-26,2025-12-29,Delivered
427,451,2026-06-15,2026-06-22,2026-06-21,Delivered
428,452,2026-02-13,2026-02-21,2026-02-26,Delivered
429,453,2026-06-14,2026-06-26,2026-06-24,Delivered
430,454,2025-11-07,2025-11-16,2025-11-16,Delivered
431,455,2026-11-23,2026-11-26,2026-11-25,Delivered
432,456,2026-12-09,2026-12-16,2026-12-14,Delivered
433,457,2026-11-10,2026-11-19,2026-11-18,Delivered
434,458,2026-08-30,2026-09-08,2026-09-07,Delivered
435,459,2026-12-02,2026-12-07,,In Transit
436,460,2025-04-30,2025-05-04,2025-05-04,Delivered
437,461,2025-06-08,2025-06-18,2025-06-18,Delivered
438,462,2026-09-22,2026-10-02,2026-10-01,Delivered
439,465,2026-04-23,2026-05-06,2026-05-08,Delivered
440,466,2026-11-27,2026-12-11,2026-12-09,Delivered
441,467,2025-07-18,2025-07-27,2025-07-27,Delivered
442,468,2025-08-21,2025-08-28,2025-08-26,Delivered
443,469,2026-12-31,2027-01-05,2027-01-03,Delivered
444,470,2026-05-14,2026-05-21,2026-05-20,Delivered
445,471,2025-05-07,2025-05-12,2025-05-10,Delivered
446,472,2026-02-13,2026-02-25,2026-02-23,Delivered
447,473,2025-10-24,2025-11-06,2025-11-04,Delivered
448,474,2026-03-31,2026-04-07,2026-04-14,Delivered
449,475,2026-07-11,2026-07-15,2026-07-14,Delivered
450,476,2025-05-25,2025-05-31,2025-05-30,Delivered
451,477,2025-09-10,2025-09-14,2025-09-12,Delivered
452,478,2025-09-05,2025-09-10,2025-09-10,Delivered
453,479,2026-05-06,2026-05-10,2026-05-10,Delivered
454,480,2026-07-28,2026-08-11,2026-08-09,Delivered
455,481,2026-05-05,2026-05-13,2026-05-11,Delivered
456,482,2025-10-27,2025-10-30,2025-10-28,Delivered
457,483,2025-04-08,2025-04-15,2025-04-14,Delivered
458,484,2025-02-11,2025-02-24,2025-02-23,Delivered
459,486,2026-02-19,2026-02-28,2026-02-26,Delivered
460,487,2025-10-29,2025-11-09,2025-11-07,Delivered
461,488,2026-09-14,2026-09-20,2026-09-18,Delivered
462,489,2026-10-22,2026-10-29,,In Transit
463,490,2025-05-27,2025-06-06,2025-06-05,Delivered
464,491,2025-05-06,2025-05-11,2025-05-10,Delivered
465,492,2025-09-23,2025-09-30,2025-09-28,Delivered
466,493,2025-11-03,2025-11-10,2025-11-10,Delivered
467,494,2026-10-19,2026-10-29,2026-10-27,Delivered
468,495,2025-04-07,2025-04-13,2025-04-13,Delivered
469,496,2025-06-02,2025-06-09,2025-06-08,Delivered
470,498,2025-11-12,2025-11-22,2025-11-21,Delivered
471,499,2026-01-07,2026-01-16,2026-01-15,Delivered
472,500,2026-05-01,2026-05-07,2026-05-07,Delivered
473,501,2026-12-29,2027-01-05,,In Transit
474,502,2025-11-05,2025-11-09,2025-11-09,Delivered
475,503,2025-05-20,2025-05-25,2025-05-27,Delivered
476,504,2026-09-20,2026-09-26,2026-09-25,Delivered
477,505,2026-05-07,2026-05-14,2026-05-12,Delivered
478,506,2026-12-06,2026-12-13,2026-12-13,Delivered
479,507,2026-06-29,2026-07-08,2026-07-07,Delivered
480,508,2025-05-01,2025-05-04,2025-05-03,Delivered
481,509,2025-07-29,2025-08-06,2025-08-04,Delivered
482,510,2026-06-19,2026-06-29,2026-06-29,Delivered
483,511,2026-05-18,2026-05-25,2026-05-24,Delivered
484,512,2025-03-02,2025-03-07,2025-03-06,Delivered
485,513,2025-03-03,2025-03-11,2025-03-10,Delivered
486,514,2026-02-17,2026-02-21,2026-02-20,Delivered
487,515,2026-08-21,2026-08-24,2026-08-23,Delivered
488,516,2025-03-11,2025-03-20,2025-03-19,Delivered
489,517,2025-03-22,2025-03-30,2025-03-29,Delivered
490,518,2026-02-27,2026-03-06,2026-03-04,Delivered
491,520,2026-02-04,2026-02-09,2026-02-09,Delivered
492,521,2026-12-10,2026-12-18,,In Transit
493,522,2025-12-25,2025-12-31,2025-12-30,Delivered
494,523,2025-05-13,2025-05-19,2025-05-18,Delivered
495,524,2025-01-26,2025-02-07,2025-02-06,Delivered
496,525,2026-07-15,2026-07-20,2026-07-18,Delivered
497,526,2025-09-20,2025-09-28,2025-09-26,Delivered
498,527,2025-05-01,2025-05-04,2025-05-03,Delivered
499,528,2025-01-25,2025-01-31,2025-01-29,Delivered
500,529,2025-02-12,2025-02-22,2025-02-21,Delivered
501,530,2025-02-21,2025-02-28,2025-02-28,Delivered
502,531,2025-03-03,2025-03-07,2025-03-05,Delivered
503,532,2026-08-18,2026-08-21,2026-08-20,Delivered
504,534,2026-06-28,2026-07-05,2026-07-04,Delivered
505,535,2026-08-03,2026-08-12,2026-08-12,Delivered
506,537,2026-10-30,2026-11-06,2026-11-04,Delivered
507,538,2026-03-03,2026-03-10,2026-03-10,Delivered
508,539,2026-07-14,2026-07-21,2026-07-24,Delivered
509,541,2026-08-04,2026-08-07,2026-08-07,Delivered
510,542,2025-05-27,2025-05-30,2025-06-01,Delivered
511,543,2026-11-01,2026-11-04,2026-11-04,Delivered
512,544,2025-04-10,2025-04-18,2025-04-18,Delivered
513,545,2026-01-25,2026-01-30,2026-01-29,Delivered
514,546,2025-07-21,2025-07-29,2025-07-27,Delivered
515,547,2025-12-11,2025-12-18,2025-12-17,Delivered
516,548,2025-07-22,2025-08-02,2025-08-03,Delivered
517,549,2026-05-11,2026-05-25,2026-05-24,Delivered
518,550,2025-09-05,2025-09-14,2025-09-12,Delivered
519,551,2026-07-05,2026-07-15,2026-07-15,Delivered
520,552,2026-06-13,2026-06-25,2026-06-26,Delivered
521,553,2026-05-05,2026-05-14,2026-05-14,Delivered
522,554,2026-01-18,2026-01-25,2026-01-25,Delivered
523,555,2025-08-25,2025-09-04,2025-09-04,Delivered
524,556,2026-08-30,2026-09-08,2026-09-08,Delivered
525,557,2025-07-26,2025-08-01,2025-07-31,Delivered
526,558,2025-09-17,2025-09-27,2025-09-25,Delivered
527,559,2026-05-22,2026-05-29,2026-05-27,Delivered
528,560,2026-01-06,2026-01-09,2026-01-07,Delivered
529,561,2025-07-13,2025-07-24,2025-07-27,Delivered
530,562,2025-03-21,2025-03-29,2025-03-27,Delivered
531,563,2026-03-03,2026-03-09,2026-03-07,Delivered
532,564,2026-12-28,2026-12-31,,In Transit
533,565,2026-01-28,2026-02-03,2026-02-05,Delivered
534,566,2026-10-04,2026-10-12,2026-10-18,Delivered
535,567,2026-07-02,2026-07-10,2026-07-13,Delivered
536,568,2025-10-17,2025-10-22,2025-10-21,Delivered
537,569,2026-12-20,2026-12-29,2026-12-29,Delivered
538,570,2025-04-17,2025-04-25,2025-04-25,Delivered
539,571,2026-07-01,2026-07-08,2026-07-07,Delivered
540,572,2026-02-21,2026-02-25,2026-02-23,Delivered
541,573,2025-09-09,2025-09-20,2025-09-19,Delivered
542,574,2025-04-02,2025-04-12,2025-04-10,Delivered
543,575,2026-01-31,2026-02-06,2026-02-06,Delivered
544,576,2025-01-12,2025-01-18,2025-01-18,Delivered
545,577,2026-03-28,2026-04-02,2026-03-31,Delivered
546,578,2025-04-16,2025-04-24,2025-04-22,Delivered
547,579,2026-12-20,2027-01-02,2027-01-02,Delivered
548,580,2025-03-24,2025-04-02,2025-04-01,Delivered
549,581,2026-08-09,2026-08-16,2026-08-16,Delivered
550,582,2025-11-25,2025-12-02,2025-12-05,Delivered
551,583,2027-01-05,2027-01-14,2027-01-17,Delivered
552,584,2026-08-03,2026-08-06,2026-08-05,Delivered
553,585,2026-07-13,2026-07-17,2026-07-15,Delivered
554,586,2026-12-11,2026-12-17,2026-12-16,Delivered
555,587,2026-04-02,2026-04-05,2026-04-03,Delivered
556,589,2025-12-07,2025-12-11,2025-12-11,Delivered
557,590,2026-04-12,2026-04-21,2026-04-20,Delivered
558,591,2026-01-27,2026-02-01,2026-01-31,Delivered
559,592,2026-01-31,2026-02-07,2026-02-07,Delivered
560,593,2025-09-15,2025-09-24,2025-09-24,Delivered
561,594,2026-01-28,2026-02-04,2026-02-03,Delivered
562,595,2025-11-30,2025-12-06,2025-12-06,Delivered
563,596,2025-11-19,2025-11-24,2025-11-22,Delivered
564,597,2025-04-07,2025-04-12,2025-04-12,Delivered
565,598,2026-06-13,2026-06-17,2026-06-17,Delivered
566,599,2026-08-01,2026-08-05,2026-08-05,Delivered
567,600,2026-02-02,2026-02-08,2026-02-08,Delivered
568,601,2025-04-04,2025-04-10,2025-04-08,Delivered
569,602,2025-06-28,2025-07-04,2025-07-03,Delivered
570,603,2025-11-09,2025-11-12,2025-11-10,Delivered
571,604,2026-03-29,2026-04-04,2026-04-03,Delivered
572,605,2025-03-27,2025-04-02,2025-04-02,Delivered
573,606,2026-06-01,2026-06-07,2026-06-08,Delivered
574,607,2025-05-27,2025-06-01,2025-05-31,Delivered
575,608,2026-10-05,2026-10-12,2026-10-11,Delivered
576,609,2026-03-27,2026-04-05,2026-04-04,Delivered
577,610,2026-09-12,2026-09-26,2026-09-29,Delivered
578,611,2025-07-09,2025-07-18,2025-07-17,Delivered
579,612,2026-12-23,2026-12-31,2026-12-29,Delivered
580,613,2025-10-20,2025-11-03,2025-11-02,Delivered
581,614,2026-08-05,2026-08-10,2026-08-09,Delivered
582,615,2026-07-23,2026-07-29,2026-07-29,Delivered
583,617,2025-03-19,2025-03-31,2025-03-29,Delivered
584,618,2025-05-27,2025-06-04,2025-06-04,Delivered
585,619,2025-06-10,2025-06-18,2025-06-19,Delivered
586,620,2026-09-08,2026-09-13,2026-09-13,Delivered
587,622,2026-01-13,2026-01-23,2026-01-23,Delivered
588,623,2025-09-18,2025-09-23,2025-09-22,Delivered
589,624,2026-09-29,2026-10-05,2026-10-12,Delivered
590,626,2026-03-22,2026-03-28,2026-03-27,Delivered
591,627,2026-06-17,2026-06-25,2026-06-25,Delivered
592,628,2026-02-12,2026-02-18,2026-02-16,Delivered
593,629,2025-02-05,2025-02-15,2025-02-20,Delivered
594,630,2025-04-03,2025-04-10,2025-04-09,Delivered
595,631,2025-11-25,2025-11-30,2025-11-28,Delivered
596,632,2026-01-01,2026-01-09,2026-01-08,Delivered
597,633,2026-04-16,2026-04-19,2026-04-18,Delivered
598,634,2027-01-06,2027-01-10,,In Transit
599,635,2026-11-29,2026-12-08,2026-12-06,Delivered
600,636,2026-07-25,2026-07-30,2026-07-29,Delivered
601,637,2026-04-25,2026-04-29,2026-04-27,Delivered
602,638,2025-07-18,2025-07-23,2025-07-23,Delivered
603,639,2026-09-30,2026-10-08,2026-10-07,Delivered
604,640,2026-02-05,2026-02-11,2026-02-09,Delivered
605,641,2026-12-27,2027-01-07,,In Transit
606,642,2026-07-11,2026-07-14,2026-07-13,Delivered
607,643,2025-05-07,2025-05-11,2025-05-11,Delivered
608,644,2026-10-21,2026-10-24,2026-10-22,Delivered
609,645,2026-09-04,2026-09-10,2026-09-08,Delivered
610,646,2026-09-29,2026-10-05,2026-10-03,Delivered
611,647,2025-11-10,2025-11-18,2025-11-18,Delivered
612,648,2025-11-25,2025-11-29,2025-11-28,Delivered
613,649,2026-01-26,2026-02-04,2026-02-02,Delivered
614,650,2025-05-30,2025-06-05,2025-06-05,Delivered
615,651,2026-10-21,2026-10-30,2026-10-30,Delivered
616,652,2026-05-22,2026-05-27,2026-05-25,Delivered
617,655,2026-06-12,2026-06-21,2026-06-21,Delivered
618,656,2026-03-12,2026-03-21,2026-03-19,Delivered
619,657,2025-04-03,2025-04-08,2025-04-08,Delivered
620,658,2025-10-11,2025-10-17,2025-10-15,Delivered
621,659,2026-04-18,2026-04-24,2026-04-24,Delivered
622,660,2025-05-01,2025-05-09,2025-05-07,Delivered
623,661,2026-01-18,2026-01-27,2026-01-26,Delivered
624,662,2026-04-03,2026-04-10,2026-04-09,Delivered
625,663,2026-11-05,2026-11-10,,In Transit
626,664,2025-02-08,2025-02-14,2025-02-12,Delivered
627,665,2025-04-09,2025-04-17,2025-04-17,Delivered
628,666,2025-09-10,2025-09-14,2025-09-14,Delivered
629,667,2025-12-29,2026-01-05,2026-01-07,Delivered
630,668,2025-05-28,2025-06-04,2025-06-03,Delivered
631,669,2026-08-16,2026-08-21,2026-08-24,Delivered
632,670,2025-06-28,2025-07-02,2025-07-02,Delivered
633,673,2026-03-08,2026-03-15,2026-03-13,Delivered
634,674,2025-05-19,2025-05-26,2025-05-24,Delivered
635,676,2026-11-27,2026-12-01,2026-12-01,Delivered
636,677,2025-10-11,2025-10-18,2025-10-17,Delivered
637,678,2026-10-17,2026-10-30,2026-10-30,Delivered
638,679,2025-10-16,2025-10-26,2025-10-26,Delivered
639,680,2026-05-18,2026-05-24,2026-05-23,Delivered
640,681,2025-04-08,2025-04-15,2025-04-15,Delivered
641,683,2026-02-16,2026-02-22,2026-02-20,Delivered
642,684,2026-06-01,2026-06-08,2026-06-08,Delivered
643,685,2026-08-25,2026-08-30,2026-08-30,Delivered
644,686,2026-12-02,2026-12-15,2026-12-14,Delivered
645,687,2026-04-19,2026-04-25,2026-04-24,Delivered
646,688,2025-01-05,2025-01-18,2025-01-16,Delivered
647,689,2026-12-10,2026-12-17,2026-12-17,Delivered
648,690,2025-10-11,2025-10-14,2025-10-14,Delivered
649,691,2026-01-25,2026-02-03,2026-02-03,Delivered
650,692,2026-10-10,2026-10-13,2026-10-11,Delivered
651,693,2026-03-20,2026-03-26,2026-03-24,Delivered
652,694,2026-05-06,2026-05-09,2026-05-08,Delivered
653,695,2026-11-30,2026-12-06,2026-12-04,Delivered
654,696,2025-05-14,2025-05-22,2025-05-23,Delivered
655,697,2026-05-11,2026-05-17,2026-05-17,Delivered
656,698,2025-04-20,2025-04-26,2025-04-25,Delivered
657,699,2025-05-30,2025-06-03,2025-06-06,Delivered
658,700,2026-12-01,2026-12-06,2026-12-04,Delivered
659,701,2026-09-27,2026-10-02,2026-10-02,Delivered
660,702,2025-08-14,2025-08-20,2025-08-20,Delivered
661,703,2026-09-30,2026-10-05,2026-10-04,Delivered
662,704,2025-04-17,2025-04-23,2025-04-23,Delivered
663,705,2026-01-31,2026-02-05,2026-02-03,Delivered
664,706,2025-05-30,2025-06-05,2025-06-06,Delivered
665,707,2026-07-28,2026-08-07,2026-08-05,Delivered
666,709,2025-08-06,2025-08-11,2025-08-09,Delivered
667,710,2025-11-03,2025-11-08,2025-11-07,Delivered
668,711,2025-05-01,2025-05-04,2025-05-02,Delivered
669,713,2025-11-25,2025-11-30,2025-12-01,Delivered
670,715,2025-03-21,2025-03-26,2025-03-24,Delivered
671,716,2025-08-17,2025-08-23,2025-08-23,Delivered
672,717,2026-02-14,2026-02-20,2026-02-20,Delivered
673,718,2026-02-26,2026-03-03,2026-03-03,Delivered
674,719,2025-06-11,2025-06-18,2025-06-17,Delivered
675,720,2025-08-07,2025-08-14,2025-08-14,Delivered
676,721,2026-02-15,2026-02-22,2026-02-22,Delivered
677,722,2026-04-01,2026-04-09,2026-04-09,Delivered
678,723,2025-04-05,2025-04-18,2025-04-16,Delivered
679,724,2026-09-19,2026-09-24,2026-09-24,Delivered
680,725,2025-07-01,2025-07-05,2025-07-03,Delivered
681,726,2025-01-19,2025-01-24,2025-01-22,Delivered
682,727,2025-09-29,2025-10-05,2025-10-04,Delivered
683,728,2025-10-07,2025-10-12,2025-10-12,Delivered
684,729,2025-02-02,2025-02-06,2025-02-06,Delivered
685,730,2025-03-10,2025-03-16,2025-03-19,Delivered
686,731,2026-06-03,2026-06-12,2026-06-10,Delivered
687,732,2026-08-06,2026-08-13,2026-08-12,Delivered
688,733,2025-04-23,2025-04-30,2025-04-29,Delivered
689,734,2026-06-09,2026-06-16,2026-06-18,Delivered
690,735,2026-05-08,2026-05-13,2026-05-12,Delivered
691,736,2025-02-14,2025-02-19,2025-02-22,Delivered
692,737,2025-09-16,2025-09-26,2025-09-24,Delivered
693,738,2025-03-27,2025-04-02,2025-03-31,Delivered
694,740,2026-02-23,2026-02-28,2026-02-26,Delivered
695,741,2025-11-25,2025-12-01,2025-12-01,Delivered
696,742,2026-01-15,2026-01-19,2026-01-18,Delivered
697,743,2026-10-10,2026-10-16,2026-10-16,Delivered
698,744,2026-05-26,2026-06-08,2026-06-10,Delivered
699,745,2026-07-23,2026-07-31,2026-07-31,Delivered
700,746,2026-03-02,2026-03-07,2026-03-05,Delivered
701,747,2026-12-21,2026-12-29,2026-12-27,Delivered
702,748,2026-11-14,2026-11-19,2026-11-19,Delivered
703,749,2025-04-23,2025-04-28,2025-04-27,Delivered
704,750,2025-03-05,2025-03-12,2025-03-10,Delivered
705,751,2025-04-08,2025-04-14,2025-04-13,Delivered
706,752,2026-06-23,2026-07-01,2026-06-30,Delivered
707,753,2025-04-05,2025-04-12,2025-04-11,Delivered
708,754,2026-02-12,2026-02-19,2026-02-18,Delivered
709,755,2026-11-13,2026-11-20,2026-11-23,Delivered
710,756,2025-11-29,2025-12-08,2025-12-08,Delivered
711,757,2025-12-11,2025-12-14,2025-12-13,Delivered
712,758,2025-08-02,2025-08-08,2025-08-08,Delivered
713,759,2025-04-27,2025-04-30,2025-04-30,Delivered
714,760,2025-05-13,2025-05-18,2025-05-18,Delivered
715,761,2026-04-24,2026-04-28,2026-04-27,Delivered
716,762,2026-12-11,2026-12-15,,In Transit
717,763,2025-02-14,2025-02-18,2025-02-18,Delivered
718,764,2027-01-08,2027-01-14,2027-01-14,Delivered
719,765,2025-03-02,2025-03-07,2025-03-08,Delivered
720,766,2025-07-07,2025-07-12,2025-07-12,Delivered
721,767,2026-07-27,2026-08-04,2026-08-03,Delivered
722,768,2025-04-17,2025-04-29,2025-04-28,Delivered
723,769,2025-03-15,2025-03-24,2025-03-23,Delivered
724,770,2026-02-20,2026-02-27,2026-02-25,Delivered
725,771,2025-04-05,2025-04-14,2025-04-14,Delivered
726,772,2025-03-20,2025-03-27,2025-03-25,Delivered
727,773,2026-11-01,2026-11-11,2026-11-10,Delivered
728,774,2025-12-14,2025-12-17,2025-12-17,Delivered
729,775,2026-08-19,2026-08-26,2026-08-24,Delivered
730,776,2026-02-04,2026-02-12,2026-02-11,Delivered
731,777,2025-07-21,2025-07-26,2025-07-25,Delivered
732,778,2025-02-07,2025-02-16,2025-02-15,Delivered
733,779,2026-05-28,2026-06-07,2026-06-05,Delivered
734,780,2025-10-20,2025-10-24,2025-10-22,Delivered
735,781,2026-06-27,2026-07-02,2026-07-02,Delivered
736,782,2026-01-31,2026-02-13,2026-02-13,Delivered
737,783,2026-05-22,2026-05-27,2026-05-27,Delivered
738,784,2026-02-08,2026-02-12,2026-02-12,Delivered
739,785,2025-08-20,2025-08-25,2025-08-25,Delivered
740,787,2025-04-17,2025-04-24,2025-04-23,Delivered
741,788,2025-03-02,2025-03-11,2025-03-11,Delivered
742,789,2026-02-12,2026-02-15,2026-02-15,Delivered
743,790,2026-09-09,2026-09-13,2026-09-13,Delivered
744,791,2026-09-05,2026-09-09,2026-09-08,Delivered
745,792,2026-08-14,2026-08-20,2026-08-25,Delivered
746,793,2026-05-22,2026-05-28,2026-05-26,Delivered
747,794,2025-04-09,2025-04-12,2025-04-11,Delivered
748,795,2026-07-03,2026-07-11,2026-07-09,Delivered
749,796,2025-07-30,2025-08-07,2025-08-05,Delivered
750,797,2025-12-01,2025-12-04,2025-12-03,Delivered
751,799,2026-01-21,2026-01-30,2026-01-28,Delivered
752,801,2026-03-31,2026-04-14,2026-04-13,Delivered
753,802,2025-07-05,2025-07-15,2025-07-14,Delivered
754,803,2026-08-30,2026-09-10,2026-09-09,Delivered
755,804,2026-12-15,2026-12-21,,In Transit
756,806,2026-08-10,2026-08-17,2026-08-17,Delivered
757,807,2026-09-22,2026-09-27,2026-09-26,Delivered
758,808,2026-06-01,2026-06-07,2026-06-06,Delivered
759,809,2025-12-31,2026-01-09,2026-01-09,Delivered
760,810,2025-04-09,2025-04-19,2025-04-18,Delivered
761,811,2025-10-04,2025-10-08,2025-10-15,Delivered
762,812,2025-09-22,2025-10-02,2025-09-30,Delivered
763,813,2026-03-28,2026-04-06,2026-04-06,Delivered
764,814,2026-05-27,2026-06-09,2026-06-08,Delivered
765,815,2025-04-17,2025-04-28,2025-04-28,Delivered
766,816,2025-03-23,2025-04-02,2025-04-01,Delivered
767,817,2025-12-01,2025-12-08,2025-12-08,Delivered
768,818,2025-06-28,2025-07-12,2025-07-10,Delivered
769,819,2026-07-25,2026-08-02,2026-07-31,Delivered
770,820,2026-09-29,2026-10-06,2026-10-10,Delivered
771,821,2026-11-04,2026-11-10,2026-11-10,Delivered
772,822,2025-04-20,2025-04-24,2025-04-23,Delivered
773,823,2026-07-27,2026-08-04,2026-08-02,Delivered
774,824,2025-11-06,2025-11-12,2025-11-12,Delivered
775,825,2026-07-20,2026-07-30,2026-08-01,Delivered
776,826,2025-01-09,2025-01-14,2025-01-13,Delivered
777,827,2026-10-12,2026-10-22,2026-10-21,Delivered
778,829,2026-05-10,2026-05-19,2026-05-19,Delivered
779,830,2026-05-01,2026-05-11,2026-05-12,Delivered
780,831,2026-07-14,2026-07-20,2026-07-19,Delivered
781,832,2026-01-24,2026-01-30,2026-01-30,Delivered
782,833,2026-04-29,2026-05-04,2026-05-03,Delivered
783,834,2025-06-11,2025-06-19,2025-06-20,Delivered
784,836,2026-08-30,2026-09-02,2026-08-31,Delivered
785,837,2026-06-30,2026-07-07,2026-07-06,Delivered
786,838,2025-09-07,2025-09-13,2025-09-11,Delivered
787,839,2025-02-07,2025-02-12,2025-02-10,Delivered
788,841,2025-07-27,2025-08-03,2025-08-01,Delivered
789,843,2025-09-27,2025-09-30,2025-09-28,Delivered
790,844,2025-03-17,2025-03-23,2025-03-23,Delivered
791,845,2025-12-08,2025-12-20,2025-12-23,Delivered
792,846,2025-01-15,2025-01-26,2025-01-29,Delivered
793,847,2025-06-05,2025-06-09,2025-06-08,Delivered
794,848,2025-04-17,2025-04-26,2025-04-25,Delivered
795,849,2026-07-08,2026-07-19,2026-07-19,Delivered
796,850,2026-11-12,2026-11-20,2026-11-19,Delivered
797,851,2025-10-15,2025-10-18,2025-10-18,Delivered
798,853,2025-12-09,2025-12-18,2025-12-17,Delivered
799,854,2025-10-07,2025-10-16,2025-10-16,Delivered
800,855,2025-11-17,2025-11-20,2025-11-20,Delivered
801,856,2026-12-08,2026-12-11,2026-12-09,Delivered
802,857,2026-04-09,2026-04-19,2026-04-17,Delivered
803,858,2026-03-06,2026-03-16,2026-03-15,Delivered
804,859,2025-08-14,2025-08-27,2025-08-27,Delivered
805,860,2026-06-22,2026-07-02,2026-07-01,Delivered
806,861,2025-06-22,2025-06-25,2025-06-25,Delivered
807,862,2025-05-28,2025-06-06,2025-06-08,Delivered
808,863,2025-08-04,2025-08-12,2025-08-11,Delivered
809,864,2025-02-28,2025-03-10,2025-03-10,Delivered
810,865,2026-04-28,2026-05-08,2026-05-08,Delivered
811,866,2025-09-07,2025-09-11,2025-09-10,Delivered
812,867,2026-05-10,2026-05-15,2026-05-13,Delivered
813,868,2025-09-27,2025-10-03,2025-10-03,Delivered
814,869,2026-02-09,2026-02-16,2026-02-16,Delivered
815,870,2025-08-12,2025-08-26,2025-08-26,Delivered
816,871,2025-10-12,2025-10-18,2025-10-16,Delivered
817,872,2026-12-06,2026-12-13,2026-12-13,Delivered
818,873,2026-09-15,2026-09-22,2026-09-22,Delivered
819,874,2025-11-17,2025-11-25,2025-11-25,Delivered
820,875,2026-01-31,2026-02-10,2026-02-08,Delivered
821,876,2026-04-28,2026-05-05,2026-05-04,Delivered
822,877,2026-02-16,2026-02-21,2026-02-21,Delivered
823,878,2026-11-14,2026-11-28,2026-11-26,Delivered
824,879,2026-09-04,2026-09-11,2026-09-10,Delivered
825,880,2026-05-14,2026-05-21,2026-05-20,Delivered
826,882,2026-11-09,2026-11-13,2026-11-13,Delivered
827,883,2025-09-06,2025-09-20,2025-09-19,Delivered
828,884,2026-12-09,2026-12-15,2026-12-13,Delivered
829,885,2025-11-02,2025-11-07,2025-11-05,Delivered
830,886,2025-02-10,2025-02-16,2025-02-23,Delivered
831,887,2025-08-25,2025-09-03,2025-09-01,Delivered
832,888,2026-11-25,2026-12-01,2026-12-01,Delivered
833,889,2026-11-11,2026-11-19,2026-11-20,Delivered
834,890,2026-05-04,2026-05-09,2026-05-09,Delivered
835,891,2026-07-29,2026-08-07,2026-08-06,Delivered
836,892,2025-12-14,2025-12-21,2025-12-20,Delivered
837,893,2025-11-21,2025-11-28,2025-11-28,Delivered
838,894,2026-09-01,2026-09-08,2026-09-06,Delivered
839,895,2026-10-20,2026-10-30,2026-10-30,Delivered
840,896,2025-07-23,2025-07-31,2025-07-30,Delivered
841,897,2026-03-02,2026-03-08,2026-03-11,Delivered
842,898,2025-08-01,2025-08-04,2025-08-03,Delivered
843,899,2026-04-24,2026-05-01,2026-05-01,Delivered
844,900,2025-04-01,2025-04-08,2025-04-07,Delivered
845,901,2025-03-04,2025-03-10,2025-03-09,Delivered
846,902,2025-06-27,2025-07-05,2025-07-03,Delivered
847,903,2025-04-06,2025-04-10,2025-04-09,Delivered
848,904,2026-02-26,2026-03-01,2026-03-03,Delivered
849,906,2025-12-01,2025-12-08,2025-12-07,Delivered
850,907,2025-01-14,2025-01-23,2025-01-23,Delivered
851,908,2025-12-25,2025-12-30,2025-12-29,Delivered
852,909,2026-08-29,2026-09-05,2026-09-10,Delivered
853,910,2025-11-11,2025-11-22,2025-11-20,Delivered
854,911,2026-09-07,2026-09-13,2026-09-12,Delivered
855,912,2025-05-20,2025-05-25,2025-05-24,Delivered
856,913,2025-07-19,2025-07-22,2025-07-21,Delivered
857,914,2025-08-27,2025-09-06,2025-09-06,Delivered
858,915,2025-02-01,2025-02-10,2025-02-09,Delivered
859,916,2027-01-09,2027-01-18,2027-01-22,Delivered
860,917,2026-10-20,2026-10-24,2026-10-23,Delivered
861,918,2026-09-06,2026-09-15,2026-09-15,Delivered
862,919,2025-01-26,2025-02-02,2025-02-06,Delivered
863,920,2026-01-31,2026-02-04,2026-02-04,Delivered
864,921,2025-06-10,2025-06-16,2025-06-14,Delivered
865,922,2025-11-07,2025-11-16,2025-11-15,Delivered
866,923,2025-10-11,2025-10-16,2025-10-15,Delivered
867,924,2025-04-21,2025-04-30,2025-04-29,Delivered
868,925,2025-04-21,2025-04-29,2025-04-27,Delivered
869,926,2026-06-30,2026-07-10,2026-07-10,Delivered
870,927,2025-11-02,2025-11-06,2025-11-05,Delivered
871,928,2025-08-03,2025-08-09,2025-08-08,Delivered
872,929,2025-01-09,2025-01-13,2025-01-13,Delivered
873,930,2026-08-14,2026-08-22,2026-08-21,Delivered
874,931,2026-06-15,2026-06-20,2026-06-18,Delivered
875,933,2025-11-08,2025-11-12,2025-11-10,Delivered
876,934,2025-07-01,2025-07-08,2025-07-06,Delivered
877,935,2026-12-04,2026-12-07,2026-12-06,Delivered
878,936,2025-02-18,2025-02-23,2025-02-26,Delivered
879,938,2025-10-08,2025-10-16,2025-10-15,Delivered
880,939,2025-12-19,2025-12-22,2025-12-21,Delivered
881,940,2026-04-16,2026-04-22,2026-04-20,Delivered
882,941,2026-05-08,2026-05-20,2026-05-20,Delivered
883,942,2026-12-23,2026-12-31,2026-12-29,Delivered
884,943,2026-09-01,2026-09-08,2026-09-07,Delivered
885,944,2026-02-01,2026-02-15,2026-02-15,Delivered
886,945,2025-05-24,2025-05-29,2025-05-29,Delivered
887,946,2026-03-06,2026-03-15,2026-03-17,Delivered
888,947,2025-11-25,2025-11-30,2025-11-30,Delivered
889,949,2026-11-25,2026-12-05,2026-12-05,Delivered
890,950,2025-09-20,2025-09-25,2025-09-25,Delivered
891,951,2026-08-05,2026-08-14,2026-08-17,Delivered
892,952,2025-06-18,2025-06-27,2025-06-25,Delivered
893,953,2025-06-21,2025-06-28,2025-06-26,Delivered
894,954,2025-12-08,2025-12-22,2025-12-20,Delivered
895,955,2026-07-28,2026-08-02,2026-08-01,Delivered
896,956,2025-03-24,2025-03-30,2025-03-30,Delivered
897,958,2026-11-07,2026-11-14,2026-11-13,Delivered
898,959,2026-07-28,2026-08-03,2026-08-02,Delivered
899,960,2026-09-29,2026-10-08,2026-10-12,Delivered
900,961,2026-04-17,2026-04-26,2026-04-24,Delivered
901,962,2025-08-22,2025-08-29,2025-08-27,Delivered
902,963,2026-10-03,2026-10-10,2026-10-10,Delivered
903,964,2025-05-01,2025-05-04,2025-05-03,Delivered
904,966,2025-11-02,2025-11-09,2025-11-07,Delivered
905,967,2025-02-18,2025-02-25,2025-02-24,Delivered
906,968,2026-03-04,2026-03-10,2026-03-08,Delivered
907,969,2025-05-13,2025-05-22,2025-05-25,Delivered
908,970,2025-07-20,2025-07-28,2025-07-26,Delivered
909,971,2025-02-22,2025-03-08,2025-03-06,Delivered
910,973,2025-01-12,2025-01-17,2025-01-18,Delivered
911,974,2026-03-25,2026-04-07,2026-04-06,Delivered
912,975,2025-07-09,2025-07-17,2025-07-15,Delivered
913,976,2025-05-17,2025-05-21,2025-05-21,Delivered
914,977,2025-12-02,2025-12-11,2025-12-11,Delivered
915,978,2026-09-25,2026-10-03,2026-10-02,Delivered
916,979,2025-12-25,2026-01-06,2026-01-04,Delivered
917,980,2025-05-25,2025-05-31,2025-05-29,Delivered
918,981,2026-07-21,2026-08-02,2026-08-02,Delivered
919,982,2026-10-06,2026-10-15,,In Transit
920,983,2025-05-22,2025-06-02,2025-05-31,Delivered
921,985,2026-08-09,2026-08-15,2026-08-13,Delivered
922,986,2026-07-10,2026-07-16,2026-07-16,Delivered
923,987,2026-06-25,2026-07-01,2026-06-30,Delivered
924,988,2026-11-28,2026-12-05,2026-12-03,Delivered
925,989,2025-06-22,2025-06-29,2025-06-28,Delivered
926,990,2025-03-15,2025-03-23,2025-03-23,Delivered
927,991,2026-07-15,2026-07-18,2026-07-18,Delivered
928,992,2026-11-30,2026-12-09,2026-12-07,Delivered
929,993,2026-08-04,2026-08-11,2026-08-10,Delivered
930,994,2026-12-20,2026-12-25,2026-12-25,Delivered
931,995,2026-02-04,2026-02-07,2026-02-06,Delivered
932,996,2026-07-26,2026-07-31,2026-07-31,Delivered
933,997,2026-10-07,2026-10-20,2026-10-18,Delivered
934,998,2026-10-18,2026-10-25,2026-10-23,Delivered
935,999,2026-07-18,2026-07-27,2026-07-27,Delivered
936,1001,2025-03-27,2025-04-01,2025-04-06,Delivered
937,1002,2025-05-06,2025-05-11,2025-05-11,Delivered
938,1003,2025-10-03,2025-10-09,2025-10-07,Delivered
939,1004,2025-01-08,2025-01-12,2025-01-10,Delivered
940,1005,2025-02-13,2025-02-16,2025-02-14,Delivered
941,1006,2026-10-10,2026-10-19,2026-10-18,Delivered
942,1007,2026-08-12,2026-08-22,2026-08-22,Delivered
943,1008,2025-11-25,2025-12-01,2025-11-29,Delivered
944,1009,2026-06-07,2026-06-14,2026-06-13,Delivered
945,1010,2025-04-13,2025-04-19,2025-04-18,Delivered
946,1012,2026-10-02,2026-10-12,2026-10-12,Delivered
947,1014,2026-12-03,2026-12-17,,In Transit
948,1015,2025-05-06,2025-05-09,2025-05-09,Delivered
949,1016,2025-02-03,2025-02-16,2025-02-14,Delivered
950,1017,2026-06-15,2026-06-23,2026-06-23,Delivered
951,1018,2026-11-04,2026-11-11,2026-11-09,Delivered
952,1019,2025-04-12,2025-04-16,2025-04-16,Delivered
953,1020,2026-10-08,2026-10-14,2026-10-12,Delivered
954,1021,2025-08-17,2025-08-30,2025-08-28,Delivered
955,1022,2025-08-05,2025-08-13,2025-08-12,Delivered
956,1023,2025-03-24,2025-04-01,2025-03-31,Delivered
957,1024,2025-12-11,2025-12-17,2025-12-17,Delivered
958,1025,2025-09-21,2025-09-30,2025-09-29,Delivered
959,1026,2026-02-25,2026-03-01,2026-02-28,Delivered
960,1027,2025-11-28,2025-12-02,2025-11-30,Delivered
961,1028,2025-01-09,2025-01-14,2025-01-12,Delivered
962,1029,2026-08-28,2026-09-02,2026-09-03,Delivered
963,1030,2026-06-01,2026-06-08,2026-06-08,Delivered
964,1031,2025-04-06,2025-04-10,2025-04-09,Delivered
965,1032,2026-11-10,2026-11-15,2026-11-14,Delivered
966,1034,2025-06-07,2025-06-13,2025-06-11,Delivered
967,1035,2025-01-14,2025-01-19,2025-01-20,Delivered
968,1036,2025-01-11,2025-01-16,2025-01-15,Delivered
969,1037,2025-04-02,2025-04-07,2025-04-06,Delivered
970,1038,2025-12-22,2025-12-27,2025-12-26,Delivered
971,1039,2025-06-05,2025-06-10,2025-06-10,Delivered
972,1040,2025-09-25,2025-10-01,2025-10-01,Delivered
973,1041,2026-08-08,2026-08-22,2026-08-20,Delivered
974,1042,2025-03-21,2025-03-25,2025-03-24,Delivered
975,1044,2026-01-09,2026-01-16,2026-01-16,Delivered
976,1045,2025-10-21,2025-10-26,2025-10-25,Delivered
977,1046,2026-04-14,2026-04-20,2026-04-19,Delivered
978,1047,2026-08-25,2026-08-31,2026-08-29,Delivered
979,1048,2025-11-24,2025-12-06,2025-12-05,Delivered
980,1049,2025-09-16,2025-09-24,2025-09-24,Delivered
981,1050,2026-01-14,2026-01-19,2026-01-17,Delivered
982,1051,2026-05-16,2026-05-22,2026-05-20,Delivered
983,1052,2026-05-22,2026-05-29,2026-05-29,Delivered
984,1053,2025-03-31,2025-04-13,2025-04-12,Delivered
985,1054,2025-07-27,2025-08-02,2025-08-02,Delivered
986,1055,2025-03-21,2025-03-31,2025-03-29,Delivered
987,1056,2026-08-22,2026-08-28,2026-08-28,Delivered
988,1057,2025-02-15,2025-02-22,2025-02-22,Delivered
989,1058,2025-06-05,2025-06-12,2025-06-17,Delivered
990,1059,2026-09-06,2026-09-15,2026-09-14,Delivered
991,1060,2026-06-03,2026-06-10,2026-06-13,Delivered
992,1061,2025-01-17,2025-01-23,2025-01-21,Delivered
993,1062,2025-06-01,2025-06-07,2025-06-05,Delivered
994,1063,2026-08-11,2026-08-21,2026-08-20,Delivered
995,1064,2026-05-21,2026-05-29,2026-06-01,Delivered
996,1065,2026-05-21,2026-05-27,2026-05-27,Delivered
997,1066,2025-02-18,2025-02-28,2025-02-28,Delivered
998,1068,2025-12-07,2025-12-12,2025-12-10,Delivered
999,1069,2025-10-15,2025-10-22,2025-10-20,Delivered
1000,1070,2026-08-11,2026-08-16,2026-08-15,Delivered
1001,1071,2026-09-01,2026-09-08,2026-09-07,Delivered
1002,1072,2026-01-24,2026-02-02,2026-01-31,Delivered
1003,1073,2025-12-30,2026-01-12,2026-01-10,Delivered
1004,1074,2026-05-16,2026-05-30,2026-05-29,Delivered
1005,1075,2025-05-27,2025-06-03,2025-06-03,Delivered
1006,1076,2026-10-26,2026-10-29,2026-10-28,Delivered
1007,1077,2026-01-14,2026-01-21,2026-01-19,Delivered
1008,1078,2026-03-07,2026-03-18,2026-03-22,Delivered
1009,1079,2026-05-13,2026-05-20,2026-05-20,Delivered
1010,1080,2026-03-01,2026-03-05,2026-03-04,Delivered
1011,1081,2026-09-01,2026-09-07,2026-09-07,Delivered
1012,1082,2026-08-12,2026-08-17,2026-08-15,Delivered
1013,1083,2025-07-06,2025-07-11,2025-07-10,Delivered
1014,1084,2026-08-06,2026-08-12,2026-08-12,Delivered
1015,1085,2025-08-18,2025-08-24,2025-08-23,Delivered
1016,1086,2025-07-01,2025-07-06,2025-07-04,Delivered
1017,1087,2026-08-28,2026-09-06,2026-09-08,Delivered
1018,1088,2026-06-15,2026-06-21,2026-06-19,Delivered
1019,1089,2026-04-19,2026-04-28,2026-04-28,Delivered
1020,1090,2026-02-04,2026-02-11,2026-02-10,Delivered
1021,1091,2026-06-06,2026-06-11,2026-06-09,Delivered
1022,1092,2025-07-08,2025-07-13,2025-07-15,Delivered
1023,1093,2026-07-08,2026-07-17,2026-07-17,Delivered
1024,1094,2026-11-17,2026-11-20,2026-11-18,Delivered
1025,1095,2025-01-09,2025-01-23,2025-01-21,Delivered
1026,1096,2026-01-20,2026-02-03,2026-02-03,Delivered
1027,1097,2026-05-12,2026-05-25,2026-05-28,Delivered
1028,1098,2026-12-25,2027-01-01,2026-12-30,Delivered
1029,1099,2026-05-06,2026-05-14,2026-05-13,Delivered
1030,1100,2026-07-19,2026-07-23,2026-07-21,Delivered
1031,1101,2025-01-16,2025-01-26,2025-01-26,Delivered
1032,1102,2026-01-24,2026-02-01,2026-01-30,Delivered
1033,1103,2025-04-30,2025-05-06,2025-05-05,Delivered
1034,1104,2025-10-02,2025-10-09,2025-10-07,Delivered
1035,1105,2026-09-21,2026-09-25,2026-09-24,Delivered
1036,1106,2025-08-01,2025-08-04,2025-08-02,Delivered
1037,1107,2026-01-17,2026-01-25,2026-01-26,Delivered
1038,1108,2025-11-19,2025-11-26,2025-11-28,Delivered
1039,1109,2026-11-12,2026-11-19,2026-11-19,Delivered
1040,1110,2026-12-24,2027-01-04,2027-01-08,Delivered
1041,1111,2026-02-24,2026-03-06,2026-03-04,Delivered
1042,1112,2026-10-23,2026-10-26,2026-10-29,Delivered
1043,1113,2026-04-30,2026-05-08,2026-05-08,Delivered
1044,1114,2025-10-02,2025-10-08,2025-10-08,Delivered
1045,1115,2026-02-01,2026-02-14,2026-02-12,Delivered
1046,1116,2026-06-24,2026-06-28,2026-07-01,Delivered
1047,1117,2025-07-07,2025-07-15,2025-07-14,Delivered
1048,1118,2026-11-13,2026-11-21,2026-11-24,Delivered
1049,1119,2026-09-11,2026-09-18,2026-09-17,Delivered
1050,1120,2026-11-30,2026-12-05,2026-12-03,Delivered
1051,1121,2025-06-13,2025-06-20,2025-06-18,Delivered
1052,1122,2026-01-02,2026-01-07,2026-01-07,Delivered
1053,1123,2026-06-23,2026-06-26,2026-06-24,Delivered
1054,1124,2025-04-08,2025-04-14,2025-04-14,Delivered
1055,1125,2025-10-13,2025-10-16,2025-10-15,Delivered
1056,1126,2026-02-24,2026-03-01,2026-02-28,Delivered
1057,1127,2026-06-11,2026-06-16,2026-06-16,Delivered
1058,1128,2025-12-25,2026-01-07,2026-01-06,Delivered
1059,1130,2026-08-04,2026-08-13,2026-08-13,Delivered
1060,1131,2026-04-18,2026-04-26,2026-04-26,Delivered
1061,1132,2025-09-26,2025-10-01,2025-09-29,Delivered
1062,1133,2025-08-20,2025-08-27,2025-08-27,Delivered
1063,1134,2026-03-07,2026-03-14,2026-03-16,Delivered
1064,1135,2025-10-02,2025-10-08,2025-10-11,Delivered
1065,1136,2025-12-21,2025-12-24,2025-12-22,Delivered
1066,1137,2026-01-01,2026-01-04,2026-01-04,Delivered
1067,1138,2026-12-03,2026-12-14,2026-12-12,Delivered
1068,1139,2025-07-26,2025-07-29,2025-07-28,Delivered
1069,1140,2025-08-02,2025-08-07,2025-08-06,Delivered
1070,1141,2026-01-09,2026-01-15,2026-01-13,Delivered
1071,1142,2025-03-29,2025-04-06,2025-04-05,Delivered
1072,1143,2026-07-11,2026-07-21,2026-07-24,Delivered
1073,1144,2025-11-28,2025-12-08,2025-12-06,Delivered
1074,1145,2026-06-14,2026-06-20,2026-07-04,Delivered
1075,1146,2025-05-14,2025-05-21,2025-05-19,Delivered
1076,1147,2026-07-13,2026-07-19,2026-07-17,Delivered
1077,1149,2026-12-25,2027-01-01,,In Transit
1078,1150,2025-01-17,2025-01-23,2025-01-21,Delivered
1079,1151,2025-12-02,2025-12-07,2025-12-07,Delivered
1080,1153,2025-12-23,2025-12-28,2025-12-28,Delivered
1081,1154,2026-03-12,2026-03-21,2026-03-21,Delivered
1082,1155,2026-02-17,2026-02-23,2026-02-23,Delivered
1083,1156,2026-08-15,2026-08-21,2026-08-20,Delivered
1084,1157,2025-09-06,2025-09-13,2025-09-12,Delivered
1085,1158,2025-06-08,2025-06-18,2025-06-17,Delivered
1086,1159,2026-06-02,2026-06-05,2026-06-06,Delivered
1087,1160,2025-11-27,2025-12-05,2025-12-05,Delivered
1088,1161,2026-08-10,2026-08-13,2026-08-12,Delivered
1089,1162,2025-03-13,2025-03-17,2025-03-17,Delivered
1090,1163,2026-10-15,2026-10-19,2026-10-19,Delivered
1091,1164,2026-01-15,2026-01-18,2026-01-16,Delivered
1092,1165,2025-09-27,2025-10-04,2025-10-08,Delivered
1093,1166,2026-12-07,2026-12-20,2026-12-21,Delivered
1094,1168,2025-10-26,2025-11-02,2025-11-01,Delivered
1095,1169,2026-04-08,2026-04-15,2026-04-14,Delivered
1096,1170,2026-04-29,2026-05-07,2026-05-07,Delivered
1097,1171,2026-10-22,2026-11-05,2026-11-04,Delivered
1098,1172,2026-09-30,2026-10-05,2026-10-03,Delivered
1099,1173,2025-12-21,2025-12-27,2026-01-01,Delivered
1100,1174,2027-01-05,2027-01-09,2027-01-09,Delivered
1101,1175,2026-04-09,2026-04-23,2026-04-21,Delivered
1102,1176,2026-06-27,2026-07-05,2026-07-04,Delivered
1103,1177,2025-01-26,2025-02-01,2025-01-30,Delivered
1104,1178,2026-12-27,2027-01-03,2027-01-01,Delivered
1105,1179,2025-04-22,2025-04-25,2025-04-25,Delivered
1106,1180,2025-02-03,2025-02-12,2025-02-11,Delivered
1107,1181,2026-10-05,2026-10-12,2026-10-10,Delivered
1108,1182,2026-02-13,2026-02-18,2026-02-20,Delivered
1109,1183,2026-04-08,2026-04-16,2026-04-19,Delivered
1110,1184,2025-07-03,2025-07-09,2025-07-09,Delivered
1111,1186,2026-07-15,2026-07-23,2026-07-22,Delivered
1112,1187,2026-12-18,2026-12-24,,In Transit
1113,1188,2026-10-18,2026-10-28,2026-10-26,Delivered
1114,1189,2026-10-19,2026-10-24,2026-10-22,Delivered
1115,1190,2025-08-23,2025-09-04,2025-09-04,Delivered
1116,1191,2026-03-08,2026-03-11,2026-03-11,Delivered
1117,1192,2026-06-28,2026-07-08,2026-07-08,Delivered
1118,1193,2026-05-02,2026-05-10,2026-05-13,Delivered
1119,1194,2026-05-12,2026-05-15,2026-05-14,Delivered
1120,1195,2026-09-11,2026-09-15,2026-09-13,Delivered
1121,1196,2025-07-19,2025-07-22,2025-07-20,Delivered
1122,1197,2025-09-15,2025-09-21,2025-09-19,Delivered
1123,1198,2026-02-02,2026-02-05,2026-02-03,Delivered
1124,1199,2025-09-11,2025-09-19,2025-09-19,Delivered
1125,1200,2026-07-01,2026-07-08,2026-07-08,Delivered
1126,1201,2025-03-22,2025-03-26,2025-03-26,Delivered
1127,1202,2026-04-18,2026-04-27,2026-04-27,Delivered
1128,1203,2026-05-26,2026-06-01,2026-05-30,Delivered
1129,1204,2026-07-12,2026-07-18,2026-07-16,Delivered
1130,1205,2025-05-14,2025-05-21,2025-05-20,Delivered
1131,1206,2025-06-10,2025-06-13,2025-06-12,Delivered
1132,1208,2026-04-28,2026-05-04,2026-05-02,Delivered
1133,1209,2025-06-08,2025-06-13,2025-06-11,Delivered
1134,1210,2026-05-05,2026-05-10,2026-05-10,Delivered
1135,1211,2025-01-18,2025-01-22,2025-01-22,Delivered
1136,1212,2026-04-05,2026-04-12,2026-04-10,Delivered
1137,1213,2025-04-11,2025-04-20,2025-04-20,Delivered
1138,1214,2026-12-07,2026-12-16,2026-12-14,Delivered
1139,1215,2025-02-15,2025-02-24,2025-02-23,Delivered
1140,1216,2026-10-26,2026-10-30,,In Transit
1141,1217,2026-11-22,2026-11-26,2026-11-26,Delivered
1142,1218,2026-03-26,2026-03-29,2026-03-29,Delivered
1143,1219,2026-08-29,2026-09-05,2026-09-03,Delivered
1144,1220,2025-02-23,2025-03-03,2025-03-02,Delivered
1145,1221,2025-06-13,2025-06-18,2025-06-18,Delivered
1146,1222,2026-06-05,2026-06-10,2026-06-09,Delivered
1147,1223,2026-10-11,2026-10-16,2026-10-16,Delivered
1148,1224,2026-12-26,2027-01-03,2027-01-02,Delivered
1149,1225,2025-09-06,2025-09-11,2025-09-14,Delivered
1150,1226,2025-12-26,2026-01-03,2026-01-03,Delivered
1151,1227,2025-01-31,2025-02-05,2025-02-03,Delivered
1152,1228,2025-09-18,2025-09-29,2025-09-27,Delivered
1153,1229,2026-08-05,2026-08-08,2026-08-07,Delivered
1154,1230,2026-08-06,2026-08-09,2026-08-08,Delivered
1155,1231,2026-05-01,2026-05-06,2026-05-06,Delivered
1156,1232,2026-07-31,2026-08-06,2026-08-04,Delivered
1157,1233,2025-11-08,2025-11-19,2025-11-17,Delivered
1158,1234,2026-10-21,2026-10-26,,In Transit
1159,1235,2026-10-01,2026-10-15,2026-10-14,Delivered
1160,1236,2025-03-16,2025-03-22,2025-03-20,Delivered
1161,1237,2026-12-07,2026-12-16,,In Transit
1162,1238,2025-12-01,2025-12-05,2025-12-07,Delivered
1163,1239,2026-06-30,2026-07-09,2026-07-09,Delivered
1164,1240,2025-05-18,2025-05-23,2025-05-22,Delivered
1165,1241,2026-05-16,2026-05-22,2026-05-21,Delivered
1166,1242,2026-02-08,2026-02-16,2026-02-15,Delivered
1167,1243,2025-08-18,2025-08-23,2025-08-21,Delivered
1168,1244,2025-08-05,2025-08-10,2025-08-09,Delivered
1169,1245,2026-10-26,2026-10-30,2026-10-28,Delivered
1170,1246,2026-03-05,2026-03-14,2026-03-17,Delivered
1171,1247,2025-10-05,2025-10-12,2025-10-11,Delivered
1172,1248,2025-03-31,2025-04-07,2025-04-07,Delivered
1173,1249,2025-09-03,2025-09-11,2025-09-10,Delivered
1174,1250,2026-11-13,2026-11-16,,In Transit
1175,1251,2026-08-02,2026-08-10,2026-08-09,Delivered
1176,1252,2026-10-21,2026-10-30,2026-10-28,Delivered
1177,1253,2026-03-17,2026-03-31,2026-03-30,Delivered
1178,1254,2026-07-24,2026-07-27,2026-07-28,Delivered
1179,1255,2026-07-03,2026-07-12,2026-07-10,Delivered
1180,1256,2025-11-21,2025-11-29,2025-11-29,Delivered
1181,1257,2026-03-07,2026-03-14,2026-03-13,Delivered
1182,1258,2025-11-30,2025-12-06,2025-12-06,Delivered
1183,1259,2026-07-27,2026-08-09,2026-08-09,Delivered
1184,1260,2026-04-17,2026-04-27,2026-04-26,Delivered
1185,1261,2025-02-09,2025-02-16,2025-02-18,Delivered
1186,1262,2025-11-13,2025-11-19,2025-11-18,Delivered
1187,1263,2025-11-21,2025-11-24,2025-11-23,Delivered
1188,1264,2026-07-31,2026-08-05,2026-08-05,Delivered
1189,1265,2026-04-27,2026-05-04,2026-05-04,Delivered
1190,1266,2026-08-25,2026-08-28,2026-08-28,Delivered
1191,1267,2025-04-14,2025-04-23,2025-04-22,Delivered
1192,1268,2025-12-09,2025-12-23,2025-12-21,Delivered
1193,1269,2026-12-12,2026-12-17,,In Transit
1194,1270,2025-11-09,2025-11-12,2025-11-12,Delivered
1195,1271,2025-03-09,2025-03-17,2025-03-20,Delivered
1196,1272,2026-03-25,2026-03-31,2026-03-29,Delivered
1197,1273,2025-08-30,2025-09-07,2025-09-08,Delivered
1198,1274,2026-10-17,2026-10-22,2026-10-20,Delivered
1199,1275,2025-11-26,2025-12-05,2025-12-06,Delivered
1200,1276,2026-12-20,2026-12-26,,In Transit
1201,1277,2026-02-11,2026-02-20,2026-02-22,Delivered
1202,1278,2025-10-28,2025-11-10,2025-11-08,Delivered
1203,1279,2025-03-31,2025-04-07,2025-04-05,Delivered
1204,1280,2025-10-04,2025-10-08,2025-10-06,Delivered
1205,1281,2026-12-26,2027-01-01,2026-12-31,Delivered
1206,1282,2025-07-29,2025-08-05,2025-08-05,Delivered
1207,1283,2026-06-25,2026-06-29,2026-07-02,Delivered
1208,1284,2026-03-27,2026-04-01,2026-04-01,Delivered
1209,1285,2026-11-29,2026-12-03,2026-12-01,Delivered
1210,1286,2025-11-30,2025-12-07,2025-12-07,Delivered
1211,1287,2025-11-17,2025-11-20,2025-11-20,Delivered
1212,1288,2026-04-05,2026-04-12,2026-04-14,Delivered
1213,1289,2025-09-02,2025-09-05,2025-09-05,Delivered
1214,1290,2025-04-06,2025-04-09,2025-04-07,Delivered
1215,1291,2026-09-30,2026-10-11,2026-10-10,Delivered
1216,1292,2026-12-19,2026-12-28,2026-12-28,Delivered
1217,1293,2025-02-02,2025-02-09,2025-02-07,Delivered
1218,1294,2025-07-31,2025-08-07,2025-08-06,Delivered
1219,1295,2026-10-10,2026-10-15,2026-10-13,Delivered
1220,1296,2026-11-19,2026-11-25,,In Transit
1221,1297,2026-06-28,2026-07-05,2026-07-03,Delivered
1222,1298,2025-07-31,2025-08-14,2025-08-13,Delivered
1223,1299,2026-11-04,2026-11-11,2026-11-11,Delivered
1224,1300,2025-10-13,2025-10-19,2025-10-17,Delivered
1225,1301,2025-01-28,2025-02-02,2025-02-02,Delivered
1226,1302,2026-02-03,2026-02-13,2026-02-13,Delivered
1227,1303,2026-05-14,2026-05-21,2026-05-21,Delivered
1228,1304,2026-05-31,2026-06-14,2026-06-14,Delivered
1229,1305,2026-07-04,2026-07-10,2026-07-10,Delivered
1230,1306,2025-06-14,2025-06-19,2025-06-17,Delivered
1231,1307,2026-10-10,2026-10-16,2026-10-14,Delivered
1232,1308,2025-03-15,2025-03-22,2025-03-20,Delivered
1233,1309,2025-02-02,2025-02-09,2025-02-07,Delivered
1234,1310,2025-12-26,2026-01-03,2026-01-03,Delivered
1235,1311,2026-02-04,2026-02-10,2026-02-10,Delivered
1236,1312,2026-08-16,2026-08-23,2026-08-21,Delivered
1237,1313,2025-12-10,2025-12-18,2025-12-18,Delivered
1238,1314,2025-05-26,2025-06-02,2025-05-31,Delivered
1239,1315,2025-11-15,2025-11-23,2025-11-24,Delivered
1240,1316,2025-06-04,2025-06-14,2025-06-13,Delivered
1241,1317,2026-07-27,2026-08-05,2026-08-12,Delivered
1242,1318,2025-06-08,2025-06-14,2025-06-12,Delivered
1243,1319,2026-03-09,2026-03-23,2026-03-22,Delivered
1244,1320,2026-10-20,2026-10-27,2026-10-29,Delivered
1245,1321,2025-07-21,2025-07-25,2025-07-23,Delivered
1246,1322,2026-09-21,2026-09-30,2026-09-28,Delivered
1247,1323,2025-08-27,2025-09-01,2025-08-31,Delivered
1248,1324,2026-05-09,2026-05-14,2026-05-13,Delivered
1249,1325,2026-10-31,2026-11-07,2026-11-06,Delivered
1250,1326,2025-05-25,2025-05-28,2025-05-28,Delivered
1251,1327,2025-01-21,2025-01-28,2025-01-26,Delivered
1252,1328,2026-11-28,2026-12-10,2026-12-10,Delivered
1253,1329,2026-04-03,2026-04-12,2026-04-19,Delivered
1254,1330,2026-04-21,2026-05-05,2026-05-04,Delivered
1255,1331,2025-02-19,2025-02-25,2025-02-24,Delivered
1256,1332,2026-02-18,2026-02-25,2026-03-03,Delivered
1257,1333,2026-04-10,2026-04-20,2026-04-26,Delivered
1258,1335,2025-02-20,2025-02-28,2025-02-26,Delivered
1259,1336,2026-04-04,2026-04-09,2026-04-07,Delivered
1260,1337,2025-10-29,2025-11-03,2025-11-03,Delivered
1261,1338,2025-02-27,2025-03-05,2025-03-04,Delivered
1262,1339,2026-11-01,2026-11-11,2026-11-11,Delivered
1263,1340,2026-08-28,2026-09-08,2026-09-06,Delivered
1264,1341,2025-12-05,2025-12-11,2025-12-09,Delivered
1265,1342,2027-01-10,2027-01-21,2027-01-21,Delivered
1266,1343,2025-12-04,2025-12-09,2025-12-08,Delivered
1267,1344,2025-05-14,2025-05-17,2025-05-15,Delivered
1268,1345,2026-01-15,2026-01-19,2026-01-18,Delivered
1269,1346,2026-06-10,2026-06-18,2026-06-17,Delivered
1270,1347,2026-01-28,2026-01-31,2026-01-29,Delivered
1271,1348,2026-08-11,2026-08-19,2026-08-17,Delivered
1272,1349,2025-06-07,2025-06-12,2025-06-11,Delivered
1273,1350,2025-11-19,2025-11-26,2025-11-26,Delivered
1274,1352,2025-01-14,2025-01-19,2025-01-19,Delivered
1275,1353,2026-05-29,2026-06-09,2026-06-07,Delivered
1276,1354,2026-05-30,2026-06-05,2026-06-05,Delivered
1277,1355,2026-04-20,2026-04-25,2026-05-02,Delivered
1278,1356,2025-01-16,2025-01-22,2025-01-22,Delivered
1279,1357,2026-10-14,2026-10-19,2026-10-17,Delivered
1280,1358,2025-06-03,2025-06-10,2025-06-08,Delivered
1281,1359,2025-02-07,2025-02-15,2025-02-14,Delivered
1282,1362,2026-08-21,2026-08-27,2026-08-26,Delivered
1283,1363,2025-11-12,2025-11-17,2025-11-20,Delivered
1284,1364,2026-03-20,2026-04-03,2026-04-01,Delivered
1285,1365,2025-05-28,2025-06-04,2025-06-02,Delivered
1286,1366,2026-03-08,2026-03-13,2026-03-11,Delivered
1287,1367,2025-04-25,2025-05-05,2025-05-07,Delivered
1288,1368,2026-12-15,2026-12-22,2026-12-25,Delivered
1289,1370,2025-12-31,2026-01-11,2026-01-09,Delivered
1290,1371,2026-10-18,2026-10-28,,In Transit
1291,1372,2025-09-03,2025-09-09,2025-09-07,Delivered
1292,1373,2025-02-03,2025-02-12,2025-02-10,Delivered
1293,1374,2025-08-03,2025-08-15,2025-08-15,Delivered
1294,1375,2025-12-12,2025-12-18,2025-12-17,Delivered
1295,1376,2026-10-27,2026-11-01,2026-10-30,Delivered
1296,1377,2025-03-21,2025-03-26,2025-03-29,Delivered
1297,1378,2025-01-16,2025-01-22,2025-01-21,Delivered
1298,1379,2026-08-09,2026-08-19,2026-08-17,Delivered
1299,1380,2025-07-21,2025-07-25,2025-07-23,Delivered
1300,1381,2026-05-11,2026-05-25,2026-05-28,Delivered
1301,1382,2026-05-14,2026-05-19,2026-05-18,Delivered
1302,1383,2026-07-07,2026-07-16,2026-07-14,Delivered
1303,1384,2026-03-06,2026-03-18,2026-03-18,Delivered
1304,1385,2025-11-08,2025-11-14,2025-11-12,Delivered
1305,1386,2025-01-30,2025-02-02,2025-02-04,Delivered
1306,1387,2026-01-05,2026-01-11,2026-01-11,Delivered
1307,1388,2025-02-09,2025-02-13,2025-02-12,Delivered
1308,1389,2025-06-25,2025-07-01,2025-06-30,Delivered
1309,1390,2025-05-04,2025-05-17,2025-05-16,Delivered
1310,1391,2025-11-21,2025-11-27,2025-11-26,Delivered
1311,1392,2026-05-30,2026-06-06,2026-06-04,Delivered
1312,1393,2025-11-09,2025-11-12,2025-11-15,Delivered
1313,1394,2026-01-28,2026-02-10,2026-02-09,Delivered
1314,1395,2026-04-06,2026-04-12,2026-04-10,Delivered
1315,1396,2025-06-15,2025-06-18,2025-06-16,Delivered
1316,1397,2026-06-29,2026-07-03,2026-07-02,Delivered
1317,1398,2025-04-19,2025-04-30,2025-04-29,Delivered
1318,1399,2025-02-11,2025-02-20,2025-02-18,Delivered
1319,1400,2025-02-24,2025-03-01,2025-02-28,Delivered
1320,1401,2025-02-21,2025-02-24,2025-02-22,Delivered
1321,1402,2025-01-27,2025-02-03,2025-02-01,Delivered
1322,1403,2025-08-08,2025-08-13,2025-08-13,Delivered
1323,1404,2026-07-09,2026-07-13,2026-07-11,Delivered
1324,1405,2025-10-15,2025-10-22,2025-10-21,Delivered
1325,1406,2026-10-06,2026-10-15,2026-10-14,Delivered
1326,1407,2025-12-27,2026-01-06,2026-01-09,Delivered
1327,1408,2026-12-28,2027-01-09,2027-01-08,Delivered
1328,1409,2025-11-19,2025-11-25,2025-11-24,Delivered
1329,1410,2025-02-28,2025-03-04,2025-03-03,Delivered
1330,1411,2025-02-24,2025-02-27,2025-02-28,Delivered
1331,1412,2026-02-12,2026-02-17,2026-02-15,Delivered
1332,1413,2026-10-11,2026-10-25,2026-10-23,Delivered
1333,1414,2025-11-20,2025-11-24,2025-11-22,Delivered
1334,1416,2026-05-01,2026-05-06,2026-05-05,Delivered
1335,1417,2026-12-27,2027-01-06,2027-01-05,Delivered
1336,1418,2026-10-29,2026-11-05,2026-11-03,Delivered
1337,1419,2025-08-25,2025-09-01,2025-08-30,Delivered
1338,1420,2026-01-12,2026-01-19,2026-01-19,Delivered
1339,1421,2025-12-14,2025-12-25,2025-12-24,Delivered
1340,1422,2025-02-10,2025-02-13,2025-02-12,Delivered
1341,1423,2026-04-25,2026-05-09,2026-05-09,Delivered
1342,1424,2026-09-16,2026-09-25,2026-09-23,Delivered
1343,1425,2025-04-24,2025-04-30,2025-04-30,Delivered
1344,1426,2025-11-12,2025-11-17,2025-11-16,Delivered
1345,1428,2026-02-05,2026-02-08,2026-02-07,Delivered
1346,1429,2026-08-31,2026-09-07,2026-09-06,Delivered
1347,1430,2025-12-24,2025-12-31,2025-12-29,Delivered
1348,1431,2026-11-19,2026-11-25,2026-11-24,Delivered
1349,1432,2026-05-23,2026-05-27,2026-05-27,Delivered
1350,1433,2026-07-29,2026-08-02,2026-08-02,Delivered
1351,1434,2026-02-22,2026-02-25,2026-02-23,Delivered
1352,1435,2026-09-06,2026-09-14,2026-09-21,Delivered
1353,1436,2026-10-26,2026-11-05,2026-11-06,Delivered
1354,1437,2025-05-30,2025-06-07,2025-06-07,Delivered
1355,1438,2026-11-14,2026-11-18,2026-11-18,Delivered
1356,1439,2026-10-03,2026-10-11,2026-10-11,Delivered
1357,1440,2025-11-26,2025-11-30,2025-11-28,Delivered
1358,1442,2026-08-23,2026-08-28,2026-08-28,Delivered
1359,1443,2025-05-17,2025-05-29,2025-05-29,Delivered
1360,1444,2026-07-23,2026-08-01,2026-08-01,Delivered
1361,1445,2026-01-05,2026-01-09,2026-01-09,Delivered
1362,1446,2025-08-31,2025-09-05,2025-09-05,Delivered
1363,1447,2027-01-03,2027-01-09,2027-01-07,Delivered
1364,1448,2025-08-09,2025-08-18,2025-08-18,Delivered
1365,1449,2026-07-29,2026-08-02,2026-07-31,Delivered
1366,1450,2025-06-16,2025-06-23,2025-06-23,Delivered
1367,1451,2025-01-19,2025-01-23,2025-01-21,Delivered
1368,1452,2026-05-21,2026-05-29,2026-05-28,Delivered
1369,1453,2026-10-28,2026-11-06,,In Transit
1370,1454,2026-12-20,2026-12-30,,In Transit
1371,1455,2026-04-21,2026-04-28,2026-04-27,Delivered
1372,1456,2025-08-28,2025-09-02,2025-08-31,Delivered
1373,1457,2026-06-04,2026-06-18,2026-06-17,Delivered
1374,1458,2025-10-08,2025-10-16,2025-10-15,Delivered
1375,1459,2025-02-10,2025-02-19,2025-02-17,Delivered
1376,1460,2026-05-18,2026-05-25,2026-05-24,Delivered
1377,1461,2026-06-29,2026-07-09,2026-07-09,Delivered
1378,1462,2025-03-31,2025-04-06,2025-04-12,Delivered
1379,1463,2026-10-16,2026-10-24,2026-10-24,Delivered
1380,1464,2026-07-15,2026-07-23,2026-07-23,Delivered
1381,1465,2025-12-26,2026-01-01,2025-12-31,Delivered
1382,1466,2026-06-16,2026-06-30,2026-06-29,Delivered
1383,1467,2025-11-03,2025-11-10,2025-11-10,Delivered
1384,1468,2026-09-10,2026-09-16,2026-09-18,Delivered
1385,1469,2026-05-08,2026-05-14,2026-05-14,Delivered
1386,1470,2025-10-30,2025-11-08,2025-11-13,Delivered
1387,1471,2025-04-05,2025-04-08,2025-04-07,Delivered
1388,1472,2025-10-16,2025-10-20,2025-10-18,Delivered
1389,1473,2025-09-23,2025-09-29,2025-09-27,Delivered
1390,1474,2026-08-31,2026-09-09,2026-09-10,Delivered
1391,1475,2025-07-02,2025-07-07,2025-07-07,Delivered
1392,1476,2025-07-11,2025-07-23,2025-07-24,Delivered
1393,1477,2025-04-03,2025-04-15,2025-04-13,Delivered
1394,1478,2026-03-01,2026-03-10,2026-03-08,Delivered
1395,1479,2026-10-20,2026-10-27,2026-10-25,Delivered
1396,1480,2025-12-27,2025-12-30,2025-12-30,Delivered
1397,1481,2025-05-04,2025-05-08,2025-05-07,Delivered
1398,1482,2025-11-11,2025-11-16,2025-11-16,Delivered
1399,1483,2026-12-31,2027-01-07,2027-01-05,Delivered
1400,1484,2026-03-27,2026-03-31,2026-03-30,Delivered
1401,1485,2025-11-30,2025-12-12,2025-12-15,Delivered
1402,1486,2026-07-01,2026-07-08,2026-07-08,Delivered
1403,1487,2026-11-05,2026-11-17,2026-11-16,Delivered
1404,1488,2025-04-18,2025-04-21,2025-04-21,Delivered
1405,1489,2026-11-30,2026-12-08,2026-12-08,Delivered
1406,1490,2026-11-30,2026-12-05,2026-12-05,Delivered
1407,1491,2025-01-21,2025-01-29,2025-01-31,Delivered
1408,1492,2025-04-17,2025-04-26,2025-04-25,Delivered
1409,1493,2025-10-27,2025-11-01,2025-10-30,Delivered
1410,1494,2025-04-12,2025-04-16,2025-04-16,Delivered
1411,1495,2025-08-17,2025-08-27,2025-08-25,Delivered
1412,1496,2025-05-11,2025-05-16,2025-05-14,Delivered
1413,1497,2026-11-12,2026-11-21,,In Transit
1414,1498,2026-12-18,2026-12-24,2026-12-22,Delivered
1415,1499,2025-03-21,2025-03-31,2025-03-31,Delivered
1416,1500,2026-12-17,2026-12-28,2026-12-29,Delivered
1417,1501,2025-03-19,2025-03-24,2025-03-23,Delivered
1418,1503,2025-10-03,2025-10-08,2025-10-11,Delivered
1419,1504,2025-08-02,2025-08-10,2025-08-08,Delivered
1420,1505,2025-05-02,2025-05-05,2025-05-03,Delivered
1421,1506,2026-10-27,2026-10-30,2026-10-28,Delivered
1422,1507,2025-04-24,2025-04-29,2025-04-29,Delivered
1423,1508,2025-09-19,2025-10-02,2025-10-04,Delivered
1424,1509,2025-06-09,2025-06-15,2025-06-17,Delivered
1425,1510,2026-11-19,2026-11-24,2026-11-22,Delivered
1426,1511,2026-02-10,2026-02-16,2026-02-18,Delivered
1427,1512,2026-02-23,2026-03-06,2026-03-07,Delivered
1428,1513,2025-01-13,2025-01-16,2025-01-14,Delivered
1429,1514,2026-05-15,2026-05-19,2026-05-19,Delivered
1430,1515,2026-01-06,2026-01-11,2026-01-10,Delivered
1431,1516,2026-10-20,2026-10-30,2026-10-30,Delivered
1432,1517,2025-12-22,2025-12-26,2025-12-26,Delivered
1433,1518,2025-10-28,2025-11-03,2025-11-05,Delivered
1434,1519,2026-02-04,2026-02-13,2026-02-12,Delivered
1435,1520,2025-04-30,2025-05-08,2025-05-07,Delivered
1436,1521,2026-10-18,2026-10-25,2026-10-23,Delivered
1437,1522,2025-07-25,2025-07-29,2025-07-27,Delivered
1438,1523,2026-02-05,2026-02-11,2026-02-09,Delivered
1439,1525,2025-01-19,2025-01-22,2025-01-22,Delivered
1440,1526,2025-02-17,2025-02-22,2025-03-06,Delivered
1441,1527,2026-11-17,2026-11-24,2026-11-22,Delivered
1442,1528,2025-09-02,2025-09-11,2025-09-09,Delivered
1443,1529,2026-05-26,2026-06-03,2026-06-01,Delivered
1444,1530,2026-09-28,2026-10-01,2026-09-29,Delivered
1445,1531,2025-01-18,2025-01-21,2025-01-19,Delivered
1446,1532,2025-04-12,2025-04-20,2025-04-20,Delivered
1447,1533,2025-03-10,2025-03-21,2025-03-22,Delivered
1448,1534,2026-09-08,2026-09-18,2026-09-17,Delivered
1449,1535,2025-08-02,2025-08-07,2025-08-08,Delivered
1450,1536,2026-12-04,2026-12-12,2026-12-11,Delivered
1451,1537,2025-08-12,2025-08-17,2025-08-16,Delivered
1452,1538,2025-05-11,2025-05-14,2025-05-13,Delivered
1453,1539,2026-01-24,2026-02-02,2026-02-01,Delivered
1454,1540,2026-08-21,2026-08-27,2026-08-26,Delivered
1455,1541,2026-10-19,2026-10-26,2026-10-25,Delivered
1456,1542,2026-05-17,2026-05-22,2026-05-21,Delivered
1457,1543,2025-04-05,2025-04-12,2025-04-10,Delivered
1458,1544,2026-05-10,2026-05-15,2026-05-15,Delivered
1459,1545,2025-10-14,2025-10-22,2025-10-22,Delivered
1460,1546,2025-07-01,2025-07-08,2025-07-06,Delivered
1461,1547,2026-06-04,2026-06-09,2026-06-08,Delivered
1462,1548,2025-11-08,2025-11-11,2025-11-09,Delivered
1463,1550,2026-10-04,2026-10-08,2026-10-07,Delivered
1464,1551,2026-04-24,2026-05-01,2026-04-30,Delivered
1465,1552,2025-07-23,2025-07-28,2025-07-27,Delivered
1466,1553,2026-05-04,2026-05-14,2026-05-13,Delivered
1467,1554,2025-02-16,2025-02-21,2025-02-26,Delivered
1468,1555,2026-03-29,2026-04-03,2026-04-01,Delivered
1469,1556,2026-04-12,2026-04-18,2026-04-18,Delivered
1470,1557,2026-07-09,2026-07-13,2026-07-13,Delivered
1471,1558,2025-05-06,2025-05-09,2025-05-08,Delivered
1472,1559,2026-09-06,2026-09-16,2026-09-15,Delivered
1473,1560,2026-11-27,2026-12-10,2026-12-10,Delivered
1474,1561,2025-12-08,2025-12-15,2025-12-15,Delivered
1475,1562,2025-07-29,2025-08-04,2025-08-02,Delivered
1476,1563,2026-08-25,2026-09-03,2026-09-01,Delivered
1477,1564,2026-09-22,2026-09-27,2026-09-25,Delivered
1478,1566,2025-07-30,2025-08-04,2025-08-04,Delivered
1479,1567,2025-03-13,2025-03-16,2025-03-14,Delivered
1480,1568,2026-04-24,2026-05-04,2026-05-02,Delivered
1481,1569,2025-11-03,2025-11-13,2025-11-11,Delivered
1482,1570,2026-07-25,2026-08-08,2026-08-09,Delivered
1483,1571,2026-06-26,2026-07-06,2026-07-05,Delivered
1484,1572,2026-04-23,2026-04-28,2026-04-28,Delivered
1485,1573,2025-09-16,2025-09-21,2025-09-21,Delivered
1486,1574,2026-09-06,2026-09-19,2026-09-19,Delivered
1487,1575,2025-02-24,2025-02-28,2025-02-26,Delivered
1488,1576,2026-06-09,2026-06-16,2026-06-15,Delivered
1489,1577,2026-12-21,2026-12-29,2026-12-30,Delivered
1490,1578,2025-03-31,2025-04-09,2025-04-09,Delivered
1491,1579,2026-03-02,2026-03-11,2026-03-14,Delivered
1492,1580,2025-09-10,2025-09-18,2025-09-16,Delivered
1493,1581,2026-11-27,2026-12-01,2026-11-30,Delivered
1494,1583,2026-04-29,2026-05-08,2026-05-07,Delivered
1495,1584,2026-01-17,2026-01-26,2026-01-26,Delivered
1496,1585,2025-03-20,2025-03-23,2025-03-23,Delivered
1497,1586,2025-02-10,2025-02-13,2025-02-13,Delivered
1498,1587,2026-09-25,2026-10-05,2026-10-04,Delivered
1499,1588,2025-04-02,2025-04-11,2025-04-09,Delivered
1500,1589,2025-03-02,2025-03-12,2025-03-11,Delivered
1501,1590,2025-05-02,2025-05-05,2025-05-04,Delivered
1502,1591,2026-01-14,2026-01-17,2026-01-17,Delivered
1503,1592,2025-03-17,2025-03-27,2025-03-27,Delivered
1504,1593,2025-12-17,2025-12-23,2025-12-21,Delivered
1505,1594,2026-08-28,2026-09-10,2026-09-11,Delivered
1506,1595,2025-08-22,2025-08-25,2025-08-25,Delivered
1507,1596,2026-03-15,2026-03-22,2026-03-20,Delivered
1508,1597,2026-04-13,2026-04-23,2026-04-22,Delivered
1509,1598,2026-07-07,2026-07-15,2026-07-14,Delivered
1510,1599,2026-01-14,2026-01-27,2026-01-27,Delivered
1511,1600,2026-04-19,2026-04-26,2026-04-25,Delivered
1512,1601,2025-10-25,2025-11-07,2025-11-06,Delivered
1513,1602,2025-10-19,2025-10-25,2025-10-23,Delivered
1514,1603,2025-08-05,2025-08-12,2025-08-10,Delivered
1515,1604,2026-12-02,2026-12-12,2026-12-12,Delivered
1516,1605,2026-03-09,2026-03-18,2026-03-17,Delivered
1517,1606,2025-03-10,2025-03-15,2025-03-13,Delivered
1518,1607,2026-06-27,2026-07-02,2026-07-01,Delivered
1519,1608,2026-11-11,2026-11-18,2026-11-18,Delivered
1520,1609,2026-11-19,2026-11-24,2026-11-26,Delivered
1521,1610,2026-08-07,2026-08-13,2026-08-13,Delivered
1522,1612,2025-02-22,2025-03-01,2025-02-27,Delivered
1523,1613,2025-06-22,2025-06-30,2025-06-28,Delivered
1524,1614,2025-10-23,2025-10-30,2025-10-29,Delivered
1525,1615,2026-12-21,2026-12-31,2026-12-29,Delivered
1526,1616,2025-05-06,2025-05-13,2025-05-13,Delivered
1527,1617,2026-03-31,2026-04-06,2026-04-04,Delivered
1528,1620,2026-07-04,2026-07-07,2026-07-06,Delivered
1529,1621,2026-06-05,2026-06-12,2026-06-10,Delivered
1530,1622,2025-06-11,2025-06-16,2025-06-15,Delivered
1531,1623,2026-06-11,2026-06-15,2026-06-15,Delivered
1532,1624,2025-10-31,2025-11-14,2025-11-12,Delivered
1533,1625,2026-04-02,2026-04-06,2026-04-06,Delivered
1534,1626,2025-02-21,2025-02-25,2025-02-24,Delivered
1535,1627,2025-01-28,2025-02-01,2025-02-03,Delivered
1536,1628,2025-04-14,2025-04-19,2025-04-18,Delivered
1537,1629,2026-08-28,2026-09-05,2026-09-04,Delivered
1538,1630,2025-04-01,2025-04-08,2025-04-13,Delivered
1539,1631,2025-04-06,2025-04-20,2025-04-18,Delivered
1540,1632,2025-11-26,2025-12-04,2025-12-04,Delivered
1541,1633,2026-01-09,2026-01-12,2026-01-12,Delivered
1542,1634,2026-01-16,2026-01-20,2026-01-20,Delivered
1543,1635,2025-12-28,2025-12-31,2025-12-29,Delivered
1544,1636,2025-04-04,2025-04-07,2025-04-07,Delivered
1545,1637,2026-03-08,2026-03-16,2026-03-19,Delivered
1546,1638,2026-03-13,2026-03-22,2026-03-21,Delivered
1547,1639,2026-09-04,2026-09-13,2026-09-12,Delivered
1548,1640,2026-05-05,2026-05-18,2026-05-16,Delivered
1549,1641,2026-08-30,2026-09-07,2026-09-09,Delivered
1550,1642,2026-10-19,2026-10-30,2026-10-28,Delivered
1551,1643,2026-04-25,2026-05-05,2026-05-04,Delivered
1552,1644,2026-01-29,2026-02-04,2026-02-07,Delivered
1553,1645,2025-11-10,2025-11-24,2025-11-23,Delivered
1554,1646,2026-04-24,2026-04-30,2026-04-29,Delivered
1555,1647,2025-11-10,2025-11-17,2025-11-16,Delivered
1556,1648,2026-11-15,2026-11-24,2026-11-23,Delivered
1557,1649,2026-12-14,2026-12-21,2026-12-19,Delivered
1558,1650,2025-10-15,2025-10-20,2025-10-18,Delivered
1559,1651,2026-01-13,2026-01-21,2026-01-20,Delivered
1560,1652,2026-10-12,2026-10-21,2026-10-21,Delivered
1561,1653,2026-08-18,2026-08-25,2026-08-24,Delivered
1562,1654,2025-03-08,2025-03-12,2025-03-12,Delivered
1563,1655,2025-05-29,2025-06-01,2025-05-30,Delivered
1564,1656,2026-03-12,2026-03-21,2026-03-21,Delivered
1565,1657,2025-11-01,2025-11-08,2025-11-06,Delivered
1566,1658,2026-10-11,2026-10-17,2026-10-20,Delivered
1567,1659,2025-06-23,2025-07-02,2025-07-04,Delivered
1568,1660,2026-12-12,2026-12-19,,In Transit
1569,1661,2026-12-11,2026-12-17,,In Transit
1570,1662,2025-06-03,2025-06-09,2025-06-09,Delivered
1571,1663,2026-05-15,2026-05-22,2026-05-20,Delivered
1572,1664,2025-06-14,2025-06-18,2025-06-18,Delivered
1573,1665,2026-07-29,2026-08-04,2026-08-02,Delivered
1574,1666,2025-03-24,2025-03-30,2025-03-29,Delivered
1575,1667,2026-05-11,2026-05-15,2026-05-13,Delivered
1576,1668,2026-04-01,2026-04-13,2026-04-13,Delivered
1577,1669,2025-11-11,2025-11-17,2025-11-15,Delivered
1578,1670,2026-12-14,2026-12-21,2026-12-22,Delivered
1579,1671,2025-08-05,2025-08-11,2025-08-13,Delivered
1580,1672,2025-05-05,2025-05-12,2025-05-10,Delivered
1581,1673,2025-02-17,2025-02-22,2025-02-21,Delivered
1582,1674,2026-06-18,2026-06-25,2026-06-23,Delivered
1583,1675,2025-09-22,2025-09-29,2025-09-28,Delivered
1584,1676,2025-04-11,2025-04-21,2025-04-19,Delivered
1585,1677,2025-07-30,2025-08-04,2025-08-04,Delivered
1586,1678,2025-06-09,2025-06-22,2025-06-22,Delivered
1587,1679,2025-12-29,2026-01-04,2026-01-16,Delivered
1588,1680,2026-09-22,2026-09-29,2026-09-28,Delivered
1589,1681,2026-08-22,2026-08-31,2026-08-31,Delivered
1590,1682,2025-10-20,2025-10-27,2025-10-26,Delivered
1591,1683,2025-04-17,2025-04-26,2025-04-24,Delivered
1592,1685,2025-07-10,2025-07-18,2025-07-18,Delivered
1593,1686,2026-06-13,2026-06-19,2026-06-17,Delivered
1594,1687,2025-11-21,2025-11-28,2025-11-27,Delivered
1595,1688,2026-06-02,2026-06-12,2026-06-11,Delivered
1596,1689,2025-02-13,2025-02-16,2025-02-14,Delivered
1597,1690,2025-10-23,2025-10-27,2025-10-29,Delivered
1598,1691,2026-04-03,2026-04-07,2026-04-07,Delivered
1599,1692,2026-03-21,2026-03-26,2026-03-26,Delivered
1600,1693,2026-05-13,2026-05-23,2026-05-22,Delivered
1601,1694,2026-12-02,2026-12-09,2026-12-07,Delivered
1602,1695,2026-06-29,2026-07-09,2026-07-08,Delivered
1603,1697,2025-06-24,2025-06-30,2025-06-29,Delivered
1604,1698,2026-09-07,2026-09-16,2026-09-16,Delivered
1605,1699,2026-03-18,2026-03-28,2026-03-26,Delivered
1606,1700,2026-08-21,2026-08-29,2026-08-28,Delivered
1607,1702,2026-06-17,2026-06-22,2026-06-22,Delivered
1608,1703,2025-09-21,2025-09-25,2025-09-28,Delivered
1609,1704,2025-05-26,2025-05-29,2025-05-28,Delivered
1610,1706,2026-02-05,2026-02-11,2026-02-10,Delivered
1611,1707,2026-10-02,2026-10-09,2026-10-08,Delivered
1612,1708,2026-06-26,2026-07-03,2026-07-02,Delivered
1613,1709,2026-11-12,2026-11-18,2026-11-18,Delivered
1614,1711,2025-02-09,2025-02-22,2025-02-22,Delivered
1615,1712,2025-11-25,2025-12-04,2025-12-05,Delivered
1616,1713,2025-02-11,2025-02-16,2025-02-16,Delivered
1617,1714,2025-11-16,2025-11-25,2025-11-23,Delivered
1618,1715,2025-05-25,2025-05-31,2025-05-31,Delivered
1619,1716,2025-05-01,2025-05-06,2025-05-05,Delivered
1620,1717,2026-12-05,2026-12-10,2026-12-09,Delivered
1621,1718,2025-06-13,2025-06-20,2025-06-20,Delivered
1622,1719,2026-08-31,2026-09-07,2026-09-09,Delivered
1623,1720,2025-10-27,2025-11-03,2025-11-01,Delivered
1624,1721,2025-05-19,2025-06-01,2025-06-02,Delivered
1625,1722,2026-08-31,2026-09-06,2026-09-05,Delivered
1626,1723,2025-04-17,2025-04-22,2025-04-22,Delivered
1627,1724,2025-03-05,2025-03-13,2025-03-12,Delivered
1628,1725,2025-11-23,2025-11-28,2025-12-01,Delivered
1629,1726,2025-04-30,2025-05-04,2025-05-04,Delivered
1630,1727,2025-02-16,2025-02-21,2025-02-19,Delivered
1631,1728,2026-03-16,2026-03-21,2026-03-21,Delivered
1632,1729,2025-01-31,2025-02-14,2025-02-14,Delivered
1633,1730,2025-12-06,2025-12-13,2025-12-12,Delivered
1634,1731,2026-11-29,2026-12-02,2026-12-01,Delivered
1635,1732,2026-11-25,2026-12-02,2026-12-01,Delivered
1636,1733,2026-03-30,2026-04-06,2026-04-06,Delivered
1637,1734,2025-03-27,2025-04-07,2025-04-07,Delivered
1638,1735,2025-02-22,2025-02-25,2025-02-24,Delivered
1639,1736,2025-08-29,2025-09-03,2025-09-02,Delivered
1640,1737,2026-08-25,2026-08-31,2026-08-29,Delivered
1641,1738,2026-08-09,2026-08-18,2026-08-16,Delivered
1642,1739,2025-12-24,2025-12-29,2026-01-05,Delivered
1643,1740,2025-11-12,2025-11-19,2025-11-18,Delivered
1644,1741,2026-03-03,2026-03-08,2026-03-06,Delivered
1645,1742,2026-11-29,2026-12-06,,In Transit
1646,1743,2026-10-09,2026-10-18,2026-10-17,Delivered
1647,1744,2025-08-17,2025-08-23,2025-08-21,Delivered
1648,1745,2026-10-22,2026-10-28,,In Transit
1649,1746,2026-10-06,2026-10-10,2026-10-08,Delivered
1650,1747,2025-06-10,2025-06-14,2025-06-13,Delivered
1651,1748,2025-11-10,2025-11-19,2025-11-22,Delivered
1652,1749,2025-03-13,2025-03-22,2025-03-21,Delivered
1653,1750,2025-10-29,2025-11-07,2025-11-05,Delivered
1654,1751,2025-09-09,2025-09-16,2025-09-14,Delivered
1655,1752,2025-02-07,2025-02-13,2025-02-12,Delivered
1656,1753,2026-08-01,2026-08-15,2026-08-14,Delivered
1657,1754,2025-02-16,2025-02-19,2025-02-18,Delivered
1658,1755,2025-10-02,2025-10-10,2025-10-08,Delivered
1659,1757,2026-05-16,2026-05-23,2026-05-25,Delivered
1660,1758,2025-03-31,2025-04-03,2025-04-03,Delivered
1661,1759,2026-03-01,2026-03-15,2026-03-18,Delivered
1662,1760,2025-06-02,2025-06-06,2025-06-06,Delivered
1663,1761,2025-05-09,2025-05-14,2025-05-14,Delivered
1664,1762,2025-04-11,2025-04-17,2025-04-15,Delivered
1665,1763,2025-11-20,2025-11-26,2025-11-24,Delivered
1666,1764,2025-09-07,2025-09-20,2025-09-19,Delivered
1667,1765,2025-07-03,2025-07-06,2025-07-06,Delivered
1668,1766,2025-09-24,2025-10-08,2025-10-06,Delivered
1669,1767,2026-01-23,2026-01-29,2026-01-28,Delivered
1670,1769,2025-06-08,2025-06-14,2025-06-12,Delivered
1671,1770,2025-11-21,2025-11-24,2025-11-23,Delivered
1672,1771,2026-11-13,2026-11-23,2026-11-21,Delivered
1673,1772,2026-11-26,2026-12-02,2026-12-01,Delivered
1674,1773,2026-10-26,2026-11-07,,In Transit
1675,1775,2026-02-06,2026-02-10,2026-02-22,Delivered
1676,1776,2025-09-29,2025-10-02,2025-10-05,Delivered
1677,1777,2025-06-19,2025-06-30,2025-06-30,Delivered
1678,1778,2026-10-31,2026-11-04,2026-11-03,Delivered
1679,1779,2025-03-28,2025-04-08,2025-04-08,Delivered
1680,1780,2026-03-02,2026-03-14,2026-03-15,Delivered
1681,1781,2025-04-17,2025-04-25,2025-04-23,Delivered
1682,1782,2026-01-03,2026-01-06,2026-01-04,Delivered
1683,1783,2025-12-03,2025-12-09,2025-12-08,Delivered
1684,1784,2026-10-28,2026-11-05,2026-11-03,Delivered
1685,1785,2025-05-25,2025-05-28,2025-05-27,Delivered
1686,1786,2025-11-24,2025-12-01,2025-12-01,Delivered
1687,1787,2026-06-18,2026-06-26,2026-06-28,Delivered
1688,1788,2026-12-06,2026-12-10,2026-12-13,Delivered
1689,1789,2025-05-21,2025-05-24,2025-05-24,Delivered
1690,1790,2025-12-09,2025-12-16,2025-12-15,Delivered
1691,1791,2026-01-19,2026-01-26,2026-01-24,Delivered
1692,1792,2026-08-15,2026-08-22,2026-08-21,Delivered
1693,1793,2026-11-03,2026-11-08,,In Transit
1694,1794,2026-04-24,2026-04-27,2026-04-26,Delivered
1695,1795,2025-02-22,2025-02-27,2025-02-25,Delivered
1696,1796,2025-06-06,2025-06-11,2025-06-11,Delivered
1697,1797,2026-08-06,2026-08-09,2026-08-09,Delivered
1698,1798,2026-04-17,2026-04-28,2026-04-28,Delivered
1699,1799,2025-08-05,2025-08-11,2025-08-09,Delivered
1700,1800,2026-05-27,2026-06-02,2026-06-02,Delivered
1701,1801,2026-09-15,2026-09-20,2026-09-22,Delivered
1702,1802,2025-07-23,2025-07-26,2025-07-25,Delivered
1703,1803,2025-02-04,2025-02-08,2025-02-07,Delivered
1704,1804,2026-04-12,2026-04-21,2026-04-20,Delivered
1705,1805,2026-10-27,2026-11-01,2026-10-30,Delivered
1706,1806,2025-12-04,2025-12-13,2025-12-13,Delivered
1707,1807,2026-01-31,2026-02-05,2026-02-05,Delivered
1708,1808,2026-07-31,2026-08-06,2026-08-06,Delivered
1709,1809,2026-05-05,2026-05-12,2026-05-10,Delivered
1710,1811,2026-11-28,2026-12-05,2026-12-08,Delivered
1711,1812,2025-07-08,2025-07-15,2025-07-15,Delivered
1712,1813,2025-12-17,2025-12-26,2025-12-27,Delivered
1713,1814,2027-01-08,2027-01-12,2027-01-10,Delivered
1714,1815,2025-11-19,2025-11-22,2025-11-22,Delivered
1715,1816,2025-10-22,2025-10-31,2025-10-30,Delivered
1716,1817,2025-10-06,2025-10-14,2025-10-12,Delivered
1717,1818,2026-03-25,2026-04-07,2026-04-07,Delivered
1718,1819,2026-05-21,2026-05-28,2026-05-28,Delivered
1719,1820,2026-11-07,2026-11-14,2026-11-12,Delivered
1720,1821,2025-06-08,2025-06-14,2025-06-14,Delivered
1721,1822,2025-09-29,2025-10-02,2025-10-01,Delivered
1722,1824,2026-08-03,2026-08-07,2026-08-06,Delivered
1723,1825,2025-06-10,2025-06-15,2025-06-15,Delivered
1724,1826,2025-10-21,2025-10-24,2025-10-27,Delivered
1725,1827,2025-10-14,2025-10-23,2025-10-21,Delivered
1726,1828,2025-01-09,2025-01-16,2025-01-14,Delivered
1727,1829,2025-03-29,2025-04-05,2025-04-05,Delivered
1728,1831,2025-05-13,2025-05-20,2025-05-20,Delivered
1729,1832,2025-04-22,2025-05-02,2025-05-02,Delivered
1730,1833,2026-04-26,2026-05-09,2026-05-07,Delivered
1731,1834,2025-10-07,2025-10-12,2025-10-18,Delivered
1732,1835,2025-02-24,2025-03-06,2025-03-05,Delivered
1733,1836,2026-08-08,2026-08-15,2026-08-19,Delivered
1734,1837,2025-10-25,2025-11-01,2025-11-01,Delivered
1735,1838,2026-07-22,2026-08-01,2026-08-04,Delivered
1736,1839,2025-09-27,2025-10-02,2025-10-01,Delivered
1737,1840,2025-08-09,2025-08-13,2025-08-11,Delivered
1738,1841,2026-11-10,2026-11-14,2026-11-14,Delivered
1739,1842,2026-03-27,2026-04-01,2026-04-03,Delivered
1740,1843,2026-09-15,2026-09-18,2026-09-18,Delivered
1741,1844,2026-01-19,2026-01-25,2026-01-24,Delivered
1742,1845,2026-02-12,2026-02-19,2026-02-17,Delivered
1743,1846,2025-04-13,2025-04-18,2025-04-21,Delivered
1744,1847,2026-03-30,2026-04-04,2026-04-03,Delivered
1745,1848,2025-12-26,2026-01-07,2026-01-07,Delivered
1746,1849,2025-06-16,2025-06-26,2025-06-25,Delivered
1747,1850,2026-03-26,2026-03-31,2026-03-29,Delivered
1748,1851,2025-05-20,2025-05-30,2025-05-31,Delivered
1749,1852,2026-06-25,2026-06-30,2026-06-30,Delivered
1750,1853,2025-03-22,2025-04-01,2025-03-30,Delivered
1751,1854,2026-03-02,2026-03-08,2026-03-07,Delivered
1752,1855,2025-09-26,2025-10-02,2025-09-30,Delivered
1753,1856,2026-06-07,2026-06-11,2026-06-09,Delivered
1754,1857,2025-07-10,2025-07-20,2025-07-19,Delivered
1755,1858,2026-03-13,2026-03-20,2026-03-20,Delivered
1756,1859,2026-04-17,2026-04-23,2026-04-23,Delivered
1757,1860,2025-10-09,2025-10-16,2025-10-16,Delivered
1758,1861,2025-03-29,2025-04-07,2025-04-06,Delivered
1759,1862,2025-04-28,2025-05-05,2025-05-03,Delivered
1760,1863,2025-05-10,2025-05-13,2025-05-13,Delivered
1761,1865,2026-09-14,2026-09-22,2026-09-22,Delivered
1762,1867,2026-11-27,2026-11-30,2026-11-28,Delivered
1763,1868,2025-05-29,2025-06-04,2025-06-02,Delivered
1764,1869,2026-12-20,2027-01-01,2027-01-01,Delivered
1765,1870,2026-11-05,2026-11-10,2026-11-08,Delivered
1766,1871,2026-10-07,2026-10-17,2026-10-17,Delivered
1767,1872,2026-04-27,2026-04-30,2026-05-01,Delivered
1768,1874,2026-05-01,2026-05-08,2026-05-06,Delivered
1769,1875,2025-08-03,2025-08-06,2025-08-06,Delivered
1770,1876,2025-01-11,2025-01-14,2025-01-16,Delivered
1771,1877,2026-03-08,2026-03-16,2026-03-14,Delivered
1772,1878,2026-02-18,2026-02-22,2026-02-20,Delivered
1773,1879,2026-11-29,2026-12-06,2026-12-09,Delivered
1774,1880,2025-03-11,2025-03-17,2025-03-17,Delivered
1775,1881,2026-07-29,2026-08-02,2026-08-01,Delivered
1776,1882,2026-05-08,2026-05-11,2026-05-11,Delivered
1777,1883,2025-12-26,2026-01-02,2026-01-02,Delivered
1778,1884,2025-10-25,2025-10-30,2025-10-28,Delivered
1779,1885,2025-08-30,2025-09-02,2025-08-31,Delivered
1780,1886,2025-12-20,2025-12-28,2025-12-27,Delivered
1781,1888,2026-11-24,2026-11-29,2026-11-28,Delivered
1782,1889,2025-06-25,2025-07-01,2025-06-29,Delivered
1783,1890,2025-04-01,2025-04-10,2025-04-09,Delivered
1784,1891,2025-06-14,2025-06-24,2025-06-24,Delivered
1785,1892,2026-05-25,2026-05-28,2026-05-27,Delivered
1786,1893,2025-01-25,2025-02-01,2025-01-30,Delivered
1787,1894,2025-06-14,2025-06-17,2025-06-17,Delivered
1788,1895,2025-03-12,2025-03-16,2025-03-18,Delivered
1789,1896,2025-05-13,2025-05-22,2025-05-21,Delivered
1790,1897,2025-12-22,2026-01-01,2026-01-02,Delivered
1791,1898,2026-07-29,2026-08-02,2026-07-31,Delivered
1792,1899,2026-06-17,2026-06-25,2026-06-25,Delivered
1793,1901,2026-09-24,2026-09-30,2026-09-29,Delivered
1794,1902,2025-02-16,2025-02-20,2025-02-20,Delivered
1795,1903,2025-08-08,2025-08-19,2025-08-17,Delivered
1796,1904,2026-12-29,2027-01-03,2027-01-06,Delivered
1797,1905,2025-04-14,2025-04-19,2025-04-18,Delivered
1798,1906,2025-05-24,2025-05-31,2025-05-29,Delivered
1799,1907,2026-03-08,2026-03-14,2026-03-14,Delivered
1800,1908,2026-05-09,2026-05-16,2026-05-16,Delivered
1801,1909,2025-10-07,2025-10-13,2025-10-13,Delivered
1802,1910,2026-11-14,2026-11-21,2026-11-20,Delivered
1803,1911,2025-08-28,2025-08-31,2025-09-06,Delivered
1804,1912,2026-02-27,2026-03-11,2026-03-09,Delivered
1805,1913,2026-04-09,2026-04-12,2026-04-11,Delivered
1806,1914,2026-06-17,2026-06-28,2026-06-26,Delivered
1807,1915,2026-02-23,2026-03-04,2026-03-03,Delivered
1808,1916,2026-02-12,2026-02-22,2026-02-22,Delivered
1809,1917,2025-03-04,2025-03-18,2025-03-16,Delivered
1810,1918,2026-12-05,2026-12-11,2026-12-09,Delivered
1811,1919,2025-11-27,2025-12-06,2025-12-06,Delivered
1812,1920,2026-06-29,2026-07-04,2026-07-07,Delivered
1813,1921,2026-04-11,2026-04-17,2026-04-17,Delivered
1814,1922,2026-11-01,2026-11-06,,In Transit
1815,1923,2025-04-01,2025-04-04,2025-04-03,Delivered
1816,1924,2025-05-19,2025-05-28,2025-05-28,Delivered
1817,1925,2026-06-11,2026-06-18,2026-06-17,Delivered
1818,1926,2025-06-17,2025-06-22,2025-06-22,Delivered
1819,1927,2025-09-07,2025-09-16,2025-09-16,Delivered
1820,1928,2026-06-07,2026-06-10,2026-06-10,Delivered
1821,1929,2025-09-28,2025-10-03,2025-10-02,Delivered
1822,1930,2026-11-04,2026-11-13,2026-11-13,Delivered
1823,1931,2025-01-15,2025-01-21,2025-01-19,Delivered
1824,1932,2026-08-21,2026-08-28,2026-08-26,Delivered
1825,1933,2025-10-23,2025-11-02,2025-11-01,Delivered
1826,1934,2026-06-26,2026-07-01,2026-07-02,Delivered
1827,1935,2026-08-26,2026-09-02,2026-08-31,Delivered
1828,1936,2025-06-09,2025-06-18,2025-06-16,Delivered
1829,1937,2025-03-14,2025-03-18,2025-03-16,Delivered
1830,1938,2026-04-10,2026-04-15,2026-04-15,Delivered
1831,1939,2026-09-02,2026-09-07,2026-09-05,Delivered
1832,1941,2026-12-15,2026-12-26,,In Transit
1833,1942,2026-03-11,2026-03-25,2026-03-24,Delivered
1834,1944,2026-06-18,2026-06-28,2026-06-27,Delivered
1835,1945,2026-04-22,2026-04-25,2026-04-26,Delivered
1836,1946,2026-08-02,2026-08-08,2026-08-06,Delivered
1837,1947,2026-03-02,2026-03-06,2026-03-06,Delivered
1838,1948,2025-02-14,2025-02-18,2025-02-17,Delivered
1839,1949,2026-01-21,2026-01-26,2026-01-24,Delivered
1840,1950,2025-06-03,2025-06-10,2025-06-10,Delivered
1841,1951,2025-11-13,2025-11-23,2025-11-23,Delivered
1842,1952,2026-05-22,2026-05-26,2026-05-25,Delivered
1843,1953,2025-02-18,2025-02-24,2025-03-03,Delivered
1844,1954,2026-04-15,2026-04-26,2026-04-28,Delivered
1845,1955,2026-09-15,2026-09-21,2026-09-19,Delivered
1846,1956,2026-04-27,2026-05-07,2026-05-07,Delivered
1847,1957,2025-12-03,2025-12-06,2025-12-04,Delivered
1848,1958,2026-03-05,2026-03-09,2026-03-09,Delivered
1849,1959,2025-02-21,2025-03-07,2025-03-05,Delivered
1850,1960,2026-10-31,2026-11-07,2026-11-07,Delivered
1851,1961,2026-08-17,2026-08-24,2026-08-23,Delivered
1852,1962,2025-05-11,2025-05-21,2025-05-20,Delivered
1853,1964,2026-06-29,2026-07-06,2026-07-05,Delivered
1854,1965,2025-01-28,2025-02-04,2025-02-03,Delivered
1855,1966,2025-01-23,2025-01-28,2025-01-26,Delivered
1856,1967,2027-01-02,2027-01-14,2027-01-15,Delivered
1857,1968,2026-07-08,2026-07-18,2026-07-16,Delivered
1858,1969,2026-05-22,2026-05-30,2026-06-06,Delivered
1859,1970,2025-07-14,2025-07-19,2025-07-18,Delivered
1860,1971,2025-09-23,2025-09-26,2025-09-25,Delivered
1861,1972,2025-10-26,2025-11-02,2025-11-02,Delivered
1862,1973,2025-06-13,2025-06-18,2025-06-19,Delivered
1863,1974,2025-03-10,2025-03-18,2025-03-18,Delivered
1864,1975,2025-03-07,2025-03-12,2025-03-11,Delivered
1865,1976,2026-03-08,2026-03-16,2026-03-14,Delivered
1866,1977,2025-05-07,2025-05-13,2025-05-13,Delivered
1867,1978,2026-09-02,2026-09-08,2026-09-07,Delivered
1868,1979,2026-02-08,2026-02-22,2026-02-21,Delivered
1869,1980,2026-04-30,2026-05-09,2026-05-08,Delivered
1870,1981,2026-02-26,2026-03-06,2026-03-07,Delivered
1871,1982,2026-08-27,2026-09-06,2026-09-04,Delivered
1872,1983,2026-11-02,2026-11-09,2026-11-08,Delivered
1873,1984,2026-04-08,2026-04-11,2026-04-10,Delivered
1874,1985,2025-06-01,2025-06-06,2025-06-05,Delivered
1875,1986,2026-07-14,2026-07-21,2026-07-19,Delivered
1876,1987,2026-04-23,2026-05-07,2026-05-09,Delivered
1877,1988,2025-06-28,2025-07-03,2025-07-04,Delivered
1878,1990,2026-10-13,2026-10-19,2026-10-18,Delivered
1879,1991,2025-06-18,2025-06-24,2025-06-23,Delivered
1880,1992,2026-02-13,2026-02-18,2026-02-16,Delivered
1881,1993,2025-10-24,2025-11-05,2025-11-03,Delivered
1882,1994,2025-11-26,2025-12-07,2025-12-06,Delivered
1883,1995,2027-01-02,2027-01-06,,In Transit
1884,1997,2025-12-10,2025-12-13,2025-12-12,Delivered
1885,1998,2025-01-13,2025-01-20,2025-01-20,Delivered
1886,1999,2026-11-28,2026-12-03,,In Transit
1887,2000,2026-12-26,2026-12-31,,In Transit
1888,2001,2026-11-01,2026-11-09,,In Transit
1889,2002,2026-11-25,2026-11-29,2026-11-29,Delivered
1890,2003,2026-01-25,2026-02-01,2026-02-01,Delivered
1891,2004,2026-12-21,2026-12-29,2026-12-28,Delivered
1892,2005,2025-07-25,2025-07-28,2025-07-27,Delivered
1893,2006,2025-10-22,2025-10-28,2025-10-26,Delivered
1894,2007,2026-09-24,2026-10-04,2026-10-03,Delivered
1895,2008,2026-05-29,2026-06-05,2026-06-04,Delivered
1896,2009,2026-12-27,2027-01-04,2027-01-04,Delivered
1897,2010,2026-10-18,2026-10-25,2026-10-25,Delivered
1898,2011,2026-05-24,2026-05-31,2026-05-29,Delivered
1899,2012,2026-08-08,2026-08-14,2026-08-12,Delivered
1900,2013,2025-05-14,2025-05-22,2025-05-22,Delivered
1901,2014,2026-08-15,2026-08-28,2026-08-31,Delivered
1902,2015,2026-12-03,2026-12-10,2026-12-09,Delivered
1903,2016,2026-09-29,2026-10-03,2026-10-02,Delivered
1904,2017,2025-01-09,2025-01-17,2025-01-15,Delivered
1905,2018,2025-11-29,2025-12-02,2025-11-30,Delivered
1906,2019,2026-12-02,2026-12-05,2026-12-04,Delivered
1907,2020,2025-02-23,2025-03-08,2025-03-07,Delivered
1908,2021,2026-03-09,2026-03-17,2026-03-17,Delivered
1909,2022,2025-07-22,2025-07-27,2025-07-26,Delivered
1910,2024,2025-09-20,2025-09-23,2025-09-22,Delivered
1911,2025,2026-10-08,2026-10-17,2026-10-16,Delivered
1912,2026,2025-02-04,2025-02-12,2025-02-12,Delivered
1913,2028,2025-03-03,2025-03-13,2025-03-13,Delivered
1914,2029,2026-09-11,2026-09-16,2026-09-16,Delivered
1915,2030,2026-08-22,2026-08-26,2026-08-24,Delivered
1916,2031,2026-01-24,2026-01-30,2026-01-30,Delivered
1917,2032,2025-05-15,2025-05-22,2025-05-20,Delivered
1918,2033,2026-09-25,2026-10-04,2026-10-02,Delivered
1919,2034,2025-03-07,2025-03-15,2025-03-18,Delivered
1920,2035,2026-02-24,2026-02-27,2026-02-26,Delivered
1921,2036,2026-09-15,2026-09-25,2026-09-26,Delivered
1922,2037,2026-05-01,2026-05-10,2026-05-10,Delivered
1923,2038,2026-11-26,2026-12-02,2026-12-01,Delivered
1924,2039,2026-08-29,2026-09-05,2026-09-05,Delivered
1925,2040,2025-03-21,2025-03-27,2025-03-27,Delivered
1926,2041,2025-05-14,2025-05-20,2025-05-19,Delivered
1927,2042,2026-05-10,2026-05-17,2026-05-15,Delivered
1928,2043,2025-05-23,2025-05-31,2025-05-29,Delivered
1929,2044,2026-08-26,2026-08-31,2026-08-29,Delivered
1930,2045,2025-11-23,2025-12-02,2025-12-02,Delivered
1931,2046,2025-11-19,2025-11-24,2025-12-01,Delivered
1932,2047,2025-01-12,2025-01-18,2025-01-17,Delivered
1933,2048,2025-03-07,2025-03-12,2025-03-10,Delivered
1934,2049,2026-03-14,2026-03-18,2026-03-16,Delivered
1935,2050,2025-08-04,2025-08-09,2025-08-08,Delivered
1936,2051,2026-05-11,2026-05-16,2026-05-14,Delivered
1937,2052,2025-12-08,2025-12-19,2025-12-18,Delivered
1938,2053,2026-03-08,2026-03-11,2026-03-09,Delivered
1939,2054,2025-02-21,2025-02-26,2025-02-26,Delivered
1940,2055,2026-12-13,2026-12-18,2026-12-17,Delivered
1941,2056,2026-05-10,2026-05-16,2026-05-15,Delivered
1942,2057,2026-01-29,2026-02-01,2026-02-01,Delivered
1943,2058,2025-01-14,2025-01-20,2025-01-20,Delivered
1944,2059,2026-07-28,2026-08-03,2026-08-02,Delivered
1945,2060,2026-10-17,2026-10-27,2026-10-26,Delivered
1946,2061,2025-02-08,2025-02-11,2025-02-10,Delivered
1947,2062,2025-09-29,2025-10-04,2025-10-04,Delivered
1948,2063,2025-09-17,2025-09-22,2025-09-20,Delivered
1949,2064,2025-10-01,2025-10-10,2025-10-12,Delivered
1950,2065,2025-05-24,2025-05-27,2025-05-26,Delivered
1951,2066,2025-08-14,2025-08-19,2025-08-18,Delivered
1952,2067,2026-01-21,2026-01-31,2026-01-29,Delivered
1953,2068,2025-03-11,2025-03-17,2025-03-17,Delivered
1954,2069,2025-07-20,2025-07-26,2025-07-28,Delivered
1955,2070,2026-03-21,2026-04-01,2026-03-31,Delivered
1956,2071,2026-09-30,2026-10-08,2026-10-10,Delivered
1957,2072,2025-12-10,2025-12-15,2025-12-15,Delivered
1958,2073,2025-05-14,2025-05-25,2025-05-30,Delivered
1959,2074,2025-04-02,2025-04-10,2025-04-08,Delivered
1960,2075,2026-02-12,2026-02-18,2026-02-16,Delivered
1961,2076,2026-04-27,2026-04-30,2026-04-28,Delivered
1962,2077,2026-12-18,2026-12-24,2026-12-23,Delivered
1963,2078,2026-08-22,2026-08-27,2026-08-25,Delivered
1964,2079,2025-08-05,2025-08-11,2025-08-10,Delivered
1965,2080,2025-09-06,2025-09-13,2025-09-13,Delivered
1966,2081,2026-01-31,2026-02-09,2026-02-08,Delivered
1967,2082,2025-04-02,2025-04-05,2025-04-05,Delivered
1968,2083,2026-06-20,2026-06-26,2026-06-27,Delivered
1969,2084,2026-06-17,2026-06-27,2026-06-26,Delivered
1970,2085,2026-03-28,2026-03-31,2026-03-29,Delivered
1971,2086,2026-01-29,2026-02-02,2026-02-01,Delivered
1972,2087,2026-10-26,2026-10-31,2026-10-31,Delivered
1973,2088,2026-06-03,2026-06-11,2026-06-11,Delivered
1974,2089,2025-08-31,2025-09-07,2025-09-07,Delivered
1975,2090,2026-07-18,2026-07-24,2026-07-30,Delivered
1976,2091,2025-09-21,2025-09-26,2025-09-25,Delivered
1977,2093,2026-07-15,2026-07-25,2026-07-25,Delivered
1978,2094,2025-10-24,2025-11-03,2025-11-02,Delivered
1979,2095,2026-08-19,2026-08-29,2026-08-27,Delivered
1980,2096,2026-06-12,2026-06-24,2026-06-24,Delivered
1981,2097,2025-08-30,2025-09-02,2025-09-02,Delivered
1982,2098,2025-09-07,2025-09-12,2025-09-10,Delivered
1983,2099,2026-04-20,2026-04-25,2026-04-25,Delivered
1984,2100,2025-07-17,2025-07-23,2025-07-22,Delivered
1985,2101,2026-03-30,2026-04-04,2026-04-03,Delivered
1986,2102,2025-05-27,2025-06-02,2025-05-31,Delivered
1987,2103,2025-01-16,2025-01-20,2025-01-20,Delivered
1988,2104,2025-12-18,2025-12-24,2025-12-24,Delivered
1989,2105,2026-02-21,2026-02-28,2026-03-02,Delivered
1990,2106,2025-01-26,2025-01-31,2025-01-29,Delivered
1991,2107,2025-06-12,2025-06-21,2025-06-20,Delivered
1992,2109,2025-08-04,2025-08-16,2025-08-14,Delivered
1993,2110,2025-07-20,2025-07-25,2025-07-25,Delivered
1994,2111,2026-04-16,2026-04-21,2026-04-21,Delivered
1995,2112,2025-04-23,2025-05-02,2025-05-02,Delivered
1996,2113,2026-12-12,2026-12-18,2026-12-17,Delivered
1997,2114,2025-03-15,2025-03-27,2025-03-28,Delivered
1998,2115,2025-09-04,2025-09-10,2025-09-09,Delivered
1999,2116,2025-03-03,2025-03-06,2025-03-06,Delivered
2000,2117,2026-03-01,2026-03-04,2026-03-04,Delivered
2001,2118,2026-03-08,2026-03-15,2026-03-13,Delivered
2002,2119,2025-08-06,2025-08-12,2025-08-11,Delivered
2003,2120,2026-12-30,2027-01-07,,In Transit
2004,2121,2025-11-19,2025-11-27,2025-11-25,Delivered
2005,2122,2025-01-18,2025-01-30,2025-02-06,Delivered
2006,2123,2026-02-22,2026-03-04,2026-03-06,Delivered
2007,2124,2026-08-13,2026-08-21,2026-08-23,Delivered
2008,2125,2025-02-19,2025-02-27,2025-02-27,Delivered
2009,2126,2026-04-17,2026-04-21,2026-04-20,Delivered
2010,2127,2026-02-12,2026-02-22,2026-02-21,Delivered
2011,2128,2025-07-08,2025-07-22,2025-07-20,Delivered
2012,2129,2026-11-12,2026-11-16,2026-11-15,Delivered
2013,2131,2025-06-15,2025-06-20,2025-06-19,Delivered
2014,2132,2026-11-18,2026-12-01,,In Transit
2015,2134,2025-03-25,2025-03-30,2025-03-29,Delivered
2016,2135,2025-06-24,2025-06-29,2025-06-29,Delivered
2017,2136,2025-01-31,2025-02-04,2025-02-04,Delivered
2018,2137,2026-04-21,2026-04-28,2026-04-28,Delivered
2019,2138,2025-07-29,2025-08-01,2025-07-30,Delivered
2020,2139,2026-12-30,2027-01-09,,In Transit
2021,2140,2026-04-27,2026-05-03,2026-05-02,Delivered
2022,2141,2026-11-11,2026-11-14,2026-11-14,Delivered
2023,2142,2025-10-20,2025-10-30,2025-10-29,Delivered
2024,2143,2026-09-16,2026-09-23,2026-09-23,Delivered
2025,2144,2026-02-09,2026-02-15,2026-02-14,Delivered
2026,2145,2026-12-02,2026-12-06,2026-12-05,Delivered
2027,2146,2025-08-13,2025-08-19,2025-08-18,Delivered
2028,2147,2025-02-23,2025-03-06,2025-03-08,Delivered
2029,2148,2025-11-15,2025-11-22,2025-11-20,Delivered
2030,2149,2026-01-25,2026-02-02,2026-02-02,Delivered
2031,2150,2025-09-09,2025-09-14,2025-09-14,Delivered
2032,2151,2025-01-22,2025-01-27,2025-01-27,Delivered
2033,2152,2025-03-11,2025-03-18,2025-03-20,Delivered
2034,2153,2026-11-15,2026-11-21,2026-11-19,Delivered
2035,2154,2026-06-13,2026-06-17,2026-06-15,Delivered
2036,2155,2026-10-08,2026-10-15,,In Transit
2037,2156,2026-02-15,2026-02-27,2026-02-25,Delivered
2038,2157,2025-04-21,2025-04-25,2025-05-01,Delivered
2039,2158,2026-11-10,2026-11-13,2026-11-12,Delivered
2040,2159,2025-08-17,2025-08-24,2025-08-22,Delivered
2041,2160,2026-01-16,2026-01-22,2026-01-21,Delivered
2042,2161,2026-09-12,2026-09-19,2026-09-19,Delivered
2043,2162,2026-08-12,2026-08-17,2026-08-16,Delivered
2044,2163,2026-10-16,2026-10-21,2026-10-19,Delivered
2045,2165,2026-11-22,2026-11-25,2026-11-24,Delivered
2046,2166,2026-09-01,2026-09-06,2026-09-06,Delivered
2047,2168,2025-09-04,2025-09-07,2025-09-07,Delivered
2048,2169,2026-03-22,2026-03-29,2026-03-28,Delivered
2049,2170,2026-01-21,2026-01-27,2026-01-25,Delivered
2050,2171,2025-08-03,2025-08-11,2025-08-11,Delivered
2051,2172,2026-09-14,2026-09-25,2026-09-24,Delivered
2052,2173,2025-12-10,2025-12-14,2025-12-14,Delivered
2053,2174,2025-02-13,2025-02-19,2025-02-17,Delivered
2054,2175,2025-10-29,2025-11-03,2025-11-02,Delivered
2055,2176,2025-12-15,2025-12-19,2025-12-20,Delivered
2056,2177,2026-11-14,2026-11-25,2026-11-24,Delivered
2057,2178,2026-01-30,2026-02-06,2026-02-04,Delivered
2058,2179,2025-01-10,2025-01-16,2025-01-14,Delivered
2059,2180,2025-07-26,2025-07-31,2025-07-29,Delivered
2060,2181,2025-05-17,2025-05-22,2025-05-21,Delivered
2061,2182,2025-07-31,2025-08-03,2025-08-03,Delivered
2062,2183,2026-05-01,2026-05-06,2026-05-06,Delivered
2063,2184,2026-03-20,2026-03-25,2026-03-25,Delivered
2064,2185,2026-08-20,2026-08-26,2026-08-25,Delivered
2065,2186,2026-05-11,2026-05-16,2026-05-14,Delivered
2066,2187,2025-06-27,2025-06-30,2025-06-29,Delivered
2067,2188,2026-03-24,2026-04-01,2026-03-31,Delivered
2068,2189,2026-02-02,2026-02-08,2026-02-06,Delivered
2069,2190,2025-11-06,2025-11-15,2025-11-14,Delivered
2070,2191,2025-07-03,2025-07-08,2025-07-14,Delivered
2071,2192,2025-10-26,2025-10-30,2025-10-28,Delivered
2072,2193,2025-12-10,2025-12-14,2025-12-12,Delivered
2073,2194,2025-07-21,2025-07-25,2025-07-23,Delivered
2074,2195,2026-01-23,2026-01-27,2026-01-27,Delivered
2075,2196,2026-01-22,2026-01-29,2026-01-28,Delivered
2076,2198,2025-05-17,2025-05-24,2025-05-23,Delivered
2077,2199,2026-03-28,2026-04-09,2026-04-07,Delivered
2078,2200,2026-05-23,2026-06-01,2026-05-30,Delivered
2079,2201,2026-11-07,2026-11-13,2026-11-11,Delivered
2080,2202,2025-09-13,2025-09-20,2025-09-25,Delivered
2081,2203,2026-11-28,2026-12-03,2026-12-01,Delivered
2082,2204,2025-10-01,2025-10-07,2025-10-06,Delivered
2083,2205,2026-09-14,2026-09-22,2026-09-20,Delivered
2084,2206,2025-04-14,2025-04-19,2025-04-19,Delivered
2085,2207,2026-09-01,2026-09-13,2026-09-23,Delivered
2086,2208,2025-07-20,2025-08-01,2025-08-03,Delivered
2087,2209,2025-09-18,2025-09-26,2025-09-24,Delivered
2088,2210,2026-03-05,2026-03-14,2026-03-14,Delivered
2089,2211,2026-08-16,2026-08-25,2026-08-25,Delivered
2090,2212,2025-10-12,2025-10-22,2025-10-21,Delivered
2091,2213,2025-01-14,2025-01-25,2025-01-23,Delivered
2092,2214,2025-03-18,2025-03-28,2025-03-26,Delivered
2093,2215,2026-11-08,2026-11-12,2026-11-10,Delivered
2094,2216,2026-01-22,2026-01-27,2026-01-27,Delivered
2095,2217,2025-07-13,2025-07-18,2025-07-18,Delivered
2096,2218,2025-08-14,2025-08-20,2025-08-20,Delivered
2097,2219,2025-07-22,2025-07-26,2025-07-25,Delivered
2098,2220,2026-10-11,2026-10-16,2026-10-16,Delivered
2099,2221,2025-11-04,2025-11-08,2025-11-06,Delivered
2100,2222,2025-12-26,2026-01-01,2026-01-06,Delivered
2101,2223,2026-11-27,2026-12-04,2026-12-05,Delivered
2102,2224,2025-01-10,2025-01-18,2025-01-16,Delivered
2103,2225,2026-06-28,2026-07-07,2026-07-06,Delivered
2104,2226,2025-10-07,2025-10-15,2025-10-15,Delivered
2105,2227,2026-09-13,2026-09-19,2026-09-18,Delivered
2106,2228,2025-12-21,2026-01-01,2026-01-01,Delivered
2107,2229,2026-11-18,2026-11-23,2026-11-25,Delivered
2108,2230,2026-01-02,2026-01-13,2026-01-11,Delivered
2109,2231,2026-12-20,2026-12-26,2026-12-26,Delivered
2110,2233,2025-09-16,2025-09-20,2025-09-20,Delivered
2111,2234,2026-05-09,2026-05-14,2026-05-14,Delivered
2112,2235,2026-10-18,2026-10-25,2026-10-23,Delivered
2113,2236,2026-01-11,2026-01-18,2026-01-16,Delivered
2114,2237,2025-08-31,2025-09-07,2025-09-05,Delivered
2115,2239,2026-12-27,2027-01-05,2027-01-05,Delivered
2116,2240,2025-07-26,2025-08-02,2025-08-02,Delivered
2117,2243,2026-05-18,2026-05-27,2026-05-25,Delivered
2118,2244,2025-06-26,2025-07-03,2025-07-02,Delivered
2119,2245,2025-02-06,2025-02-12,2025-02-11,Delivered
2120,2246,2025-10-22,2025-10-28,2025-10-29,Delivered
2121,2247,2026-11-26,2026-11-30,,In Transit
2122,2248,2026-10-16,2026-10-22,2026-10-22,Delivered
2123,2249,2025-12-17,2025-12-28,2026-01-03,Delivered
2124,2250,2026-01-25,2026-02-01,2026-01-31,Delivered
2125,2251,2026-08-09,2026-08-19,2026-08-21,Delivered
2126,2252,2025-08-20,2025-08-24,2025-08-23,Delivered
2127,2253,2025-04-04,2025-04-10,2025-04-09,Delivered
2128,2254,2025-05-05,2025-05-14,2025-05-13,Delivered
2129,2255,2026-01-30,2026-02-06,2026-02-08,Delivered
2130,2257,2025-12-03,2025-12-13,2025-12-22,Delivered
2131,2258,2026-09-15,2026-09-25,2026-09-25,Delivered
2132,2259,2026-07-08,2026-07-22,2026-07-20,Delivered
2133,2260,2025-11-04,2025-11-12,2025-11-10,Delivered
2134,2261,2025-06-04,2025-06-09,2025-06-07,Delivered
2135,2262,2026-12-23,2026-12-29,2026-12-27,Delivered
2136,2263,2026-12-11,2026-12-15,,In Transit
2137,2264,2026-10-12,2026-10-25,2026-10-23,Delivered
2138,2265,2026-01-31,2026-02-03,2026-02-01,Delivered
2139,2266,2025-08-06,2025-08-13,2025-08-13,Delivered
2140,2267,2025-03-05,2025-03-15,2025-03-28,Delivered
2141,2268,2026-02-15,2026-02-18,2026-02-18,Delivered
2142,2269,2025-06-20,2025-07-04,2025-07-03,Delivered
2143,2270,2026-12-01,2026-12-06,2026-12-05,Delivered
2144,2271,2026-02-08,2026-02-11,2026-02-09,Delivered
2145,2272,2026-12-20,2027-01-01,2026-12-31,Delivered
2146,2273,2025-12-02,2025-12-11,2025-12-09,Delivered
2147,2274,2027-01-05,2027-01-09,2027-01-09,Delivered
2148,2275,2025-05-25,2025-05-29,2025-05-28,Delivered
2149,2276,2025-06-02,2025-06-05,2025-06-04,Delivered
2150,2277,2026-11-05,2026-11-12,,In Transit
2151,2278,2025-04-18,2025-04-25,2025-04-23,Delivered
2152,2279,2026-03-16,2026-03-25,2026-03-23,Delivered
2153,2280,2025-04-14,2025-04-21,2025-04-20,Delivered
2154,2281,2025-02-27,2025-03-06,2025-03-04,Delivered
2155,2282,2026-09-05,2026-09-12,2026-09-10,Delivered
2156,2283,2026-02-21,2026-02-24,2026-02-22,Delivered
2157,2285,2026-11-09,2026-11-15,2026-11-13,Delivered
2158,2286,2026-11-01,2026-11-07,2026-11-06,Delivered
2159,2287,2026-01-17,2026-01-22,2026-01-22,Delivered
2160,2288,2026-05-20,2026-05-30,2026-05-29,Delivered
2161,2289,2026-08-18,2026-08-27,2026-08-25,Delivered
2162,2290,2025-04-14,2025-04-23,2025-04-22,Delivered
2163,2291,2026-10-27,2026-11-01,2026-10-30,Delivered
2164,2292,2025-04-15,2025-04-20,2025-04-19,Delivered
2165,2293,2026-07-11,2026-07-18,2026-07-17,Delivered
2166,2294,2026-07-28,2026-08-04,2026-08-04,Delivered
2167,2295,2026-08-29,2026-09-03,2026-09-01,Delivered
2168,2296,2025-08-11,2025-08-25,2025-08-25,Delivered
2169,2297,2026-09-10,2026-09-16,2026-09-14,Delivered
2170,2298,2025-11-27,2025-12-03,2025-12-01,Delivered
2171,2299,2026-11-02,2026-11-06,2026-11-05,Delivered
2172,2300,2025-02-15,2025-02-19,2025-02-19,Delivered
2173,2301,2026-01-13,2026-01-22,2026-01-21,Delivered
2174,2302,2026-11-08,2026-11-11,2026-11-10,Delivered
2175,2303,2026-06-20,2026-06-28,2026-06-28,Delivered
2176,2304,2026-04-10,2026-04-14,2026-04-13,Delivered
2177,2305,2026-06-27,2026-07-09,2026-07-11,Delivered
2178,2306,2026-06-12,2026-06-18,2026-06-18,Delivered
2179,2307,2025-02-24,2025-03-03,2025-03-01,Delivered
2180,2308,2025-08-14,2025-08-24,2025-08-24,Delivered
2181,2309,2025-10-16,2025-10-21,2025-10-20,Delivered
2182,2310,2026-07-26,2026-08-01,2026-07-30,Delivered
2183,2311,2025-06-21,2025-06-24,2025-06-26,Delivered
2184,2312,2026-11-28,2026-12-01,2026-12-01,Delivered
2185,2313,2025-08-03,2025-08-08,2025-08-06,Delivered
2186,2314,2026-10-18,2026-10-27,2026-10-25,Delivered
2187,2315,2026-08-08,2026-08-16,2026-08-17,Delivered
2188,2316,2025-06-11,2025-06-18,2025-06-21,Delivered
2189,2317,2026-09-13,2026-09-20,2026-09-22,Delivered
2190,2318,2025-04-26,2025-05-03,2025-05-03,Delivered
2191,2319,2026-10-27,2026-11-02,2026-11-01,Delivered
2192,2320,2025-06-09,2025-06-18,2025-06-17,Delivered
2193,2321,2025-04-17,2025-04-24,2025-04-23,Delivered
2194,2322,2025-04-24,2025-05-02,2025-04-30,Delivered
2195,2323,2025-11-17,2025-11-27,2025-11-26,Delivered
2196,2324,2026-01-02,2026-01-12,2026-01-12,Delivered
2197,2325,2026-09-25,2026-10-01,2026-10-01,Delivered
2198,2326,2026-02-11,2026-02-17,2026-02-15,Delivered
2199,2327,2026-07-07,2026-07-14,2026-07-16,Delivered
2200,2328,2025-05-13,2025-05-18,2025-05-17,Delivered
2201,2329,2025-06-17,2025-06-26,2025-06-25,Delivered
2202,2330,2025-10-05,2025-10-11,2025-10-09,Delivered
2203,2331,2026-01-24,2026-02-02,2026-01-31,Delivered
2204,2332,2026-03-15,2026-03-20,2026-03-19,Delivered
2205,2333,2026-01-06,2026-01-14,2026-01-12,Delivered
2206,2334,2026-03-23,2026-03-29,2026-03-29,Delivered
2207,2335,2025-04-10,2025-04-22,2025-04-21,Delivered
2208,2336,2025-04-06,2025-04-14,2025-04-13,Delivered
2209,2337,2025-04-13,2025-04-16,2025-04-14,Delivered
2210,2338,2025-10-24,2025-10-29,2025-10-29,Delivered
2211,2339,2025-01-15,2025-01-27,2025-01-27,Delivered
2212,2340,2025-05-25,2025-06-01,2025-05-30,Delivered
2213,2341,2026-12-01,2026-12-12,2026-12-11,Delivered
2214,2342,2026-09-28,2026-10-04,2026-10-03,Delivered
2215,2343,2026-03-15,2026-03-22,2026-03-21,Delivered
2216,2344,2026-11-18,2026-11-26,2026-11-26,Delivered
2217,2345,2025-06-26,2025-07-06,2025-07-05,Delivered
2218,2347,2026-03-15,2026-03-20,2026-03-18,Delivered
2219,2348,2025-05-01,2025-05-08,2025-05-06,Delivered
2220,2349,2026-07-12,2026-07-24,2026-07-22,Delivered
2221,2350,2026-05-16,2026-05-23,2026-05-21,Delivered
2222,2351,2026-10-12,2026-10-20,,In Transit
2223,2352,2026-10-28,2026-11-03,,In Transit
2224,2353,2026-10-02,2026-10-14,2026-10-12,Delivered
2225,2354,2026-10-02,2026-10-07,2026-10-07,Delivered
2226,2355,2025-01-08,2025-01-11,2025-01-10,Delivered
2227,2356,2026-01-05,2026-01-12,2026-01-12,Delivered
2228,2357,2025-03-31,2025-04-05,2025-04-03,Delivered
2229,2358,2026-05-23,2026-05-27,2026-05-27,Delivered
2230,2359,2026-05-07,2026-05-14,2026-05-14,Delivered
2231,2360,2025-07-13,2025-07-23,2025-07-21,Delivered
2232,2361,2026-04-02,2026-04-11,2026-04-09,Delivered
2233,2362,2026-01-01,2026-01-10,2026-01-08,Delivered
2234,2363,2027-01-03,2027-01-06,2027-01-04,Delivered
2235,2364,2025-05-24,2025-05-31,2025-05-29,Delivered
2236,2365,2025-02-07,2025-02-12,2025-02-22,Delivered
2237,2366,2026-11-19,2026-11-28,2026-11-26,Delivered
2238,2367,2026-07-24,2026-07-28,2026-07-26,Delivered
2239,2368,2025-12-05,2025-12-10,2025-12-13,Delivered
2240,2369,2026-02-11,2026-02-16,2026-02-16,Delivered
2241,2370,2025-05-19,2025-05-26,2025-05-25,Delivered
2242,2372,2026-03-23,2026-03-30,2026-03-29,Delivered
2243,2373,2025-10-27,2025-11-01,2025-11-02,Delivered
2244,2374,2025-09-16,2025-09-24,2025-09-23,Delivered
2245,2375,2025-05-07,2025-05-14,2025-05-21,Delivered
2246,2376,2026-03-18,2026-03-24,2026-03-22,Delivered
2247,2377,2025-04-24,2025-05-03,2025-05-03,Delivered
2248,2378,2026-09-05,2026-09-10,2026-09-08,Delivered
2249,2380,2025-06-05,2025-06-12,2025-06-10,Delivered
2250,2381,2025-03-01,2025-03-06,2025-03-05,Delivered
2251,2382,2026-10-21,2026-10-30,2026-10-28,Delivered
2252,2383,2026-05-08,2026-05-14,2026-05-14,Delivered
2253,2384,2025-11-12,2025-11-18,2025-11-16,Delivered
2254,2385,2025-12-29,2026-01-05,2026-01-03,Delivered
2255,2386,2025-02-24,2025-03-03,2025-03-03,Delivered
2256,2387,2025-12-06,2025-12-10,2025-12-10,Delivered
2257,2388,2026-09-16,2026-09-19,2026-09-19,Delivered
2258,2389,2026-05-26,2026-05-29,2026-05-29,Delivered
2259,2390,2026-11-23,2026-11-28,2026-12-05,Delivered
2260,2391,2025-05-17,2025-05-22,2025-05-25,Delivered
2261,2392,2026-09-02,2026-09-11,2026-09-11,Delivered
2262,2393,2025-10-20,2025-10-25,2025-10-26,Delivered
2263,2394,2025-04-24,2025-04-30,2025-04-28,Delivered
2264,2395,2025-02-18,2025-02-27,2025-02-27,Delivered
2265,2396,2026-04-12,2026-04-26,2026-04-27,Delivered
2266,2397,2026-09-29,2026-10-06,2026-10-04,Delivered
2267,2398,2025-07-29,2025-08-03,2025-08-03,Delivered
2268,2399,2025-07-25,2025-08-01,2025-07-30,Delivered
2269,2400,2026-08-01,2026-08-11,2026-08-10,Delivered
2270,2401,2025-05-06,2025-05-15,2025-05-13,Delivered
2271,2402,2026-06-30,2026-07-07,2026-07-07,Delivered
2272,2403,2025-10-12,2025-10-20,2025-10-18,Delivered
2273,2404,2026-08-11,2026-08-15,2026-08-13,Delivered
2274,2405,2026-02-21,2026-02-28,2026-02-26,Delivered
2275,2406,2025-03-21,2025-03-25,2025-03-25,Delivered
2276,2407,2026-02-08,2026-02-11,2026-02-11,Delivered
2277,2408,2025-01-08,2025-01-11,2025-01-09,Delivered
2278,2409,2025-01-16,2025-01-26,2025-01-28,Delivered
2279,2410,2026-07-02,2026-07-09,2026-07-08,Delivered
2280,2411,2025-10-09,2025-10-17,2025-10-17,Delivered
2281,2412,2026-07-07,2026-07-11,2026-07-10,Delivered
2282,2413,2025-10-14,2025-10-21,2025-10-19,Delivered
2283,2415,2025-08-08,2025-08-17,2025-08-17,Delivered
2284,2416,2026-10-16,2026-10-21,2026-10-19,Delivered
2285,2417,2026-12-27,2027-01-06,,In Transit
2286,2418,2026-02-26,2026-03-08,2026-03-06,Delivered
2287,2419,2025-03-06,2025-03-12,2025-03-12,Delivered
2288,2420,2025-08-15,2025-08-22,2025-08-21,Delivered
2289,2421,2025-01-21,2025-01-28,2025-01-26,Delivered
2290,2422,2026-12-09,2026-12-15,2026-12-15,Delivered
2291,2423,2026-10-11,2026-10-20,2026-10-19,Delivered
2292,2424,2025-08-24,2025-08-28,2025-08-28,Delivered
2293,2425,2026-02-12,2026-02-17,2026-02-15,Delivered
2294,2426,2026-03-30,2026-04-06,2026-04-05,Delivered
2295,2427,2025-07-11,2025-07-17,2025-07-17,Delivered
2296,2428,2026-05-26,2026-06-09,2026-06-09,Delivered
2297,2429,2025-01-30,2025-02-03,2025-02-03,Delivered
2298,2430,2026-12-08,2026-12-14,2026-12-13,Delivered
2299,2432,2025-04-21,2025-04-29,2025-04-27,Delivered
2300,2433,2025-01-20,2025-01-30,2025-01-29,Delivered
2301,2434,2025-04-27,2025-05-06,2025-05-04,Delivered
2302,2435,2025-04-01,2025-04-06,2025-04-06,Delivered
2303,2436,2025-01-13,2025-01-23,2025-01-21,Delivered
2304,2437,2025-12-21,2026-01-02,2026-01-02,Delivered
2305,2438,2026-05-10,2026-05-19,2026-05-17,Delivered
2306,2439,2025-11-17,2025-11-22,2025-11-20,Delivered
2307,2440,2026-07-17,2026-07-27,2026-07-27,Delivered
2308,2441,2025-02-22,2025-02-27,2025-02-27,Delivered
2309,2442,2026-03-04,2026-03-09,2026-03-08,Delivered
2310,2443,2026-03-18,2026-03-21,2026-03-20,Delivered
2311,2444,2025-08-28,2025-09-07,2025-09-05,Delivered
2312,2445,2025-04-28,2025-05-03,2025-05-02,Delivered
2313,2446,2025-10-19,2025-10-24,2025-10-23,Delivered
2314,2447,2026-01-13,2026-01-25,2026-01-23,Delivered
2315,2448,2026-09-15,2026-09-20,2026-09-20,Delivered
2316,2449,2026-09-14,2026-09-18,2026-09-16,Delivered
2317,2450,2026-11-25,2026-12-04,2026-12-03,Delivered
2318,2451,2025-04-23,2025-04-29,2025-04-29,Delivered
2319,2452,2025-10-09,2025-10-19,2025-10-20,Delivered
2320,2453,2025-06-11,2025-06-20,2025-06-20,Delivered
2321,2454,2026-02-09,2026-02-16,2026-02-15,Delivered
2322,2455,2025-05-05,2025-05-12,2025-05-12,Delivered
2323,2456,2025-12-02,2025-12-16,2025-12-16,Delivered
2324,2457,2026-01-06,2026-01-09,2026-01-10,Delivered
2325,2458,2026-03-04,2026-03-11,2026-03-10,Delivered
2326,2459,2026-11-03,2026-11-13,2026-11-15,Delivered
2327,2460,2026-05-28,2026-06-03,2026-06-03,Delivered
2328,2461,2025-08-28,2025-09-01,2025-09-06,Delivered
2329,2462,2026-06-26,2026-07-04,2026-07-04,Delivered
2330,2465,2025-05-02,2025-05-07,2025-05-06,Delivered
2331,2466,2025-05-25,2025-05-28,2025-05-28,Delivered
2332,2467,2026-07-23,2026-08-02,2026-07-31,Delivered
2333,2468,2025-08-28,2025-09-04,2025-09-09,Delivered
2334,2469,2026-12-19,2026-12-26,,In Transit
2335,2470,2026-12-18,2026-12-26,2026-12-29,Delivered
2336,2471,2025-04-24,2025-05-04,2025-05-03,Delivered
2337,2472,2026-09-11,2026-09-20,2026-09-25,Delivered
2338,2473,2025-05-28,2025-06-04,2025-06-03,Delivered
2339,2474,2026-03-06,2026-03-09,2026-03-08,Delivered
2340,2475,2025-06-03,2025-06-12,2025-06-10,Delivered
2341,2476,2025-12-22,2025-12-25,2025-12-25,Delivered
2342,2477,2025-10-27,2025-10-31,2025-10-30,Delivered
2343,2478,2025-02-12,2025-02-18,2025-02-16,Delivered
2344,2479,2025-01-14,2025-01-20,2025-01-20,Delivered
2345,2480,2026-04-18,2026-04-25,2026-04-24,Delivered
2346,2481,2026-06-03,2026-06-07,2026-06-05,Delivered
2347,2482,2025-06-19,2025-06-22,2025-06-21,Delivered
2348,2483,2025-05-13,2025-05-23,2025-05-23,Delivered
2349,2485,2026-09-17,2026-09-26,2026-09-25,Delivered
2350,2486,2026-11-05,2026-11-15,2026-11-19,Delivered
2351,2487,2026-01-18,2026-01-27,2026-01-25,Delivered
2352,2488,2025-04-26,2025-04-30,2025-04-30,Delivered
2353,2489,2025-12-15,2025-12-19,2025-12-19,Delivered
2354,2490,2025-04-22,2025-04-29,2025-04-27,Delivered
2355,2491,2025-11-22,2025-11-26,2025-11-25,Delivered
2356,2493,2026-08-12,2026-08-16,2026-08-14,Delivered
2357,2494,2025-11-21,2025-11-27,2025-11-27,Delivered
2358,2495,2026-01-04,2026-01-10,2026-01-08,Delivered
2359,2497,2026-12-31,2027-01-09,2027-01-07,Delivered
2360,2498,2026-06-03,2026-06-06,2026-06-06,Delivered
2361,2499,2026-02-06,2026-02-10,2026-02-10,Delivered
2362,2500,2025-06-11,2025-06-18,2025-06-17,Delivered
2363,2501,2025-04-10,2025-04-17,2025-04-15,Delivered
2364,2503,2026-06-01,2026-06-08,2026-06-06,Delivered
2365,2504,2025-05-20,2025-05-23,2025-05-21,Delivered
2366,2505,2026-03-27,2026-04-02,2026-04-01,Delivered
2367,2506,2026-02-04,2026-02-10,2026-02-10,Delivered
2368,2507,2025-06-09,2025-06-18,2025-06-17,Delivered
2369,2508,2025-01-22,2025-01-27,2025-02-03,Delivered
2370,2509,2025-04-09,2025-04-15,2025-04-13,Delivered
2371,2510,2025-11-03,2025-11-07,2025-11-07,Delivered
2372,2511,2026-01-04,2026-01-10,2026-01-10,Delivered
2373,2513,2026-03-31,2026-04-05,2026-04-04,Delivered
2374,2514,2026-08-16,2026-08-21,2026-08-20,Delivered
2375,2515,2026-02-20,2026-02-27,2026-02-26,Delivered
2376,2516,2025-05-18,2025-05-25,2025-05-24,Delivered
2377,2517,2025-11-21,2025-11-28,2025-11-27,Delivered
2378,2518,2026-04-16,2026-04-19,2026-04-19,Delivered
2379,2519,2026-10-24,2026-10-28,2026-10-26,Delivered
2380,2520,2026-08-01,2026-08-08,2026-08-07,Delivered
2381,2521,2025-06-17,2025-06-25,2025-06-26,Delivered
2382,2522,2026-04-22,2026-04-28,2026-04-26,Delivered
2383,2523,2026-10-22,2026-11-01,2026-11-14,Delivered
2384,2524,2025-07-07,2025-07-12,2025-07-12,Delivered
2385,2525,2025-07-29,2025-08-04,2025-08-04,Delivered
2386,2526,2026-09-19,2026-09-25,2026-09-23,Delivered
2387,2527,2025-05-02,2025-05-07,2025-05-07,Delivered
2388,2528,2026-05-01,2026-05-06,2026-05-05,Delivered
2389,2529,2025-02-09,2025-02-20,2025-02-20,Delivered
2390,2530,2026-01-09,2026-01-17,2026-01-16,Delivered
2391,2531,2025-08-12,2025-08-24,2025-09-01,Delivered
2392,2532,2026-10-18,2026-10-24,2026-10-23,Delivered
2393,2533,2026-02-25,2026-03-01,2026-03-01,Delivered
2394,2534,2026-03-15,2026-03-21,2026-03-23,Delivered
2395,2535,2025-03-06,2025-03-12,2025-03-12,Delivered
2396,2536,2025-11-05,2025-11-11,2025-11-12,Delivered
2397,2537,2026-05-18,2026-05-23,2026-05-21,Delivered
2398,2538,2026-12-17,2026-12-22,,In Transit
2399,2539,2025-01-18,2025-01-25,2025-01-31,Delivered
2400,2540,2026-11-19,2026-11-29,2026-11-27,Delivered
2401,2541,2025-11-29,2025-12-04,2025-12-06,Delivered
2402,2542,2026-06-05,2026-06-12,2026-06-12,Delivered
2403,2543,2026-12-01,2026-12-04,2026-12-02,Delivered
2404,2544,2026-04-15,2026-04-22,2026-04-22,Delivered
2405,2545,2026-10-23,2026-11-06,2026-11-07,Delivered
2406,2546,2025-07-20,2025-07-23,2025-07-22,Delivered
2407,2547,2026-09-15,2026-09-19,2026-09-17,Delivered
2408,2548,2025-07-22,2025-07-31,2025-08-03,Delivered
2409,2549,2026-01-15,2026-01-20,2026-01-19,Delivered
2410,2550,2025-05-10,2025-05-15,2025-05-13,Delivered
2411,2551,2026-01-02,2026-01-06,2026-01-05,Delivered
2412,2552,2025-12-12,2025-12-19,2025-12-17,Delivered
2413,2553,2026-01-20,2026-01-27,2026-01-27,Delivered
2414,2554,2026-03-30,2026-04-06,2026-04-05,Delivered
2415,2556,2025-04-24,2025-05-01,2025-05-01,Delivered
2416,2557,2026-03-06,2026-03-11,2026-03-09,Delivered
2417,2558,2026-07-22,2026-07-28,2026-07-26,Delivered
2418,2559,2025-02-12,2025-02-21,2025-02-19,Delivered
2419,2560,2026-04-20,2026-04-27,2026-04-25,Delivered
2420,2562,2026-04-27,2026-05-01,2026-04-29,Delivered
2421,2563,2026-02-12,2026-02-17,2026-02-15,Delivered
2422,2564,2026-06-08,2026-06-14,2026-06-12,Delivered
2423,2565,2026-03-07,2026-03-16,2026-03-22,Delivered
2424,2566,2026-03-03,2026-03-09,2026-03-07,Delivered
2425,2567,2026-01-27,2026-02-10,2026-02-15,Delivered
2426,2568,2026-08-11,2026-08-19,2026-08-19,Delivered
2427,2569,2026-02-15,2026-02-21,2026-02-24,Delivered
2428,2570,2025-02-28,2025-03-12,2025-03-10,Delivered
2429,2571,2026-10-19,2026-10-23,2026-10-22,Delivered
2430,2572,2025-12-01,2025-12-06,2025-12-04,Delivered
2431,2573,2027-01-02,2027-01-16,,In Transit
2432,2574,2026-02-13,2026-02-22,2026-02-22,Delivered
2433,2575,2025-06-14,2025-06-21,2025-06-19,Delivered
2434,2576,2025-02-03,2025-02-10,2025-02-10,Delivered
2435,2577,2025-06-13,2025-06-16,2025-06-14,Delivered
2436,2578,2025-03-31,2025-04-07,2025-04-06,Delivered
2437,2579,2025-05-19,2025-05-28,2025-05-26,Delivered
2438,2580,2026-11-05,2026-11-18,2026-11-16,Delivered
2439,2581,2025-09-11,2025-09-19,2025-09-18,Delivered
2440,2582,2026-11-13,2026-11-16,,In Transit
2441,2583,2026-10-14,2026-10-18,,In Transit
2442,2584,2025-04-30,2025-05-05,2025-05-05,Delivered
2443,2585,2025-10-25,2025-10-31,2025-10-31,Delivered
2444,2586,2026-05-30,2026-06-09,2026-06-07,Delivered
2445,2587,2026-05-28,2026-06-08,2026-06-08,Delivered
2446,2588,2026-10-12,2026-10-15,2026-10-15,Delivered
2447,2589,2025-11-23,2025-12-03,2025-12-01,Delivered
2448,2590,2025-07-13,2025-07-16,2025-07-15,Delivered
2449,2591,2026-10-18,2026-10-27,2026-10-26,Delivered
2450,2593,2026-09-16,2026-09-26,2026-09-26,Delivered
2451,2594,2025-09-21,2025-10-04,2025-10-11,Delivered
2452,2595,2026-07-10,2026-07-17,2026-07-16,Delivered
2453,2596,2025-08-18,2025-08-25,2025-08-25,Delivered
2454,2597,2025-02-08,2025-02-15,2025-02-22,Delivered
2455,2598,2026-12-16,2026-12-23,2026-12-21,Delivered
2456,2599,2025-08-02,2025-08-09,2025-08-09,Delivered
2457,2600,2026-11-03,2026-11-08,2026-11-06,Delivered
2458,2601,2026-03-31,2026-04-08,2026-04-08,Delivered
2459,2602,2025-09-24,2025-09-27,2025-09-27,Delivered
2460,2603,2025-10-25,2025-11-06,2025-11-10,Delivered
2461,2605,2026-05-17,2026-05-23,2026-05-23,Delivered
2462,2606,2025-10-09,2025-10-16,2025-10-21,Delivered
2463,2607,2026-03-19,2026-03-23,2026-03-21,Delivered
2464,2608,2026-10-15,2026-10-22,2026-10-20,Delivered
2465,2609,2025-02-06,2025-02-14,2025-02-18,Delivered
2466,2610,2025-11-05,2025-11-14,2025-11-13,Delivered
2467,2611,2025-05-01,2025-05-04,2025-05-03,Delivered
2468,2612,2025-07-18,2025-07-25,2025-07-24,Delivered
2469,2613,2026-01-19,2026-01-22,2026-01-22,Delivered
2470,2614,2025-11-29,2025-12-08,2025-12-08,Delivered
2471,2615,2026-08-13,2026-08-23,2026-08-26,Delivered
2472,2616,2026-02-03,2026-02-08,2026-02-07,Delivered
2473,2617,2025-04-22,2025-04-28,2025-05-04,Delivered
2474,2618,2026-11-03,2026-11-09,2026-11-08,Delivered
2475,2619,2025-11-28,2025-12-01,2025-11-30,Delivered
2476,2620,2026-05-28,2026-06-01,2026-05-31,Delivered
2477,2621,2025-05-14,2025-05-23,2025-05-22,Delivered
2478,2622,2025-09-02,2025-09-08,2025-09-06,Delivered
2479,2623,2026-08-17,2026-08-25,2026-08-26,Delivered
2480,2624,2026-02-24,2026-03-01,2026-03-01,Delivered
2481,2625,2025-02-17,2025-02-23,2025-02-25,Delivered
2482,2626,2025-04-10,2025-04-19,2025-04-18,Delivered
2483,2627,2025-10-13,2025-10-19,2025-10-18,Delivered
2484,2628,2026-07-28,2026-08-07,2026-08-06,Delivered
2485,2629,2026-02-14,2026-02-19,2026-02-18,Delivered
2486,2630,2026-10-22,2026-11-01,2026-11-01,Delivered
2487,2631,2026-09-27,2026-10-03,2026-10-03,Delivered
2488,2632,2025-01-15,2025-01-18,2025-01-16,Delivered
2489,2633,2026-03-31,2026-04-06,2026-04-04,Delivered
2490,2634,2026-01-22,2026-02-02,2026-02-02,Delivered
2491,2635,2025-02-27,2025-03-06,2025-03-04,Delivered
2492,2636,2025-11-10,2025-11-16,2025-11-17,Delivered
2493,2637,2026-01-30,2026-02-06,2026-02-06,Delivered
2494,2638,2026-08-29,2026-09-06,2026-09-05,Delivered
2495,2639,2025-06-09,2025-06-18,2025-06-18,Delivered
2496,2640,2026-11-20,2026-11-27,2026-11-25,Delivered
2497,2641,2026-05-11,2026-05-20,2026-05-18,Delivered
2498,2642,2026-05-12,2026-05-17,2026-05-16,Delivered
2499,2644,2025-09-09,2025-09-17,2025-09-15,Delivered
2500,2645,2025-03-25,2025-04-05,2025-04-18,Delivered
2501,2646,2026-11-28,2026-12-03,2026-12-02,Delivered
2502,2647,2025-04-25,2025-05-01,2025-05-01,Delivered
2503,2648,2026-06-16,2026-06-30,2026-06-30,Delivered
2504,2649,2026-11-09,2026-11-13,2026-11-11,Delivered
2505,2650,2025-05-19,2025-05-23,2025-05-22,Delivered
2506,2651,2026-04-14,2026-04-23,2026-04-30,Delivered
2507,2652,2025-07-20,2025-07-26,2025-07-29,Delivered
2508,2653,2025-11-21,2025-12-02,2025-12-01,Delivered
2509,2654,2025-04-26,2025-05-09,2025-05-08,Delivered
2510,2655,2026-04-23,2026-04-26,2026-04-24,Delivered
2511,2656,2026-06-30,2026-07-03,2026-07-03,Delivered
2512,2657,2026-07-24,2026-07-28,2026-07-27,Delivered
2513,2658,2026-02-17,2026-02-24,2026-02-27,Delivered
2514,2659,2025-10-11,2025-10-15,2025-10-15,Delivered
2515,2660,2026-03-15,2026-03-20,2026-03-20,Delivered
2516,2661,2026-09-08,2026-09-14,2026-09-14,Delivered
2517,2662,2026-03-24,2026-03-31,2026-03-29,Delivered
2518,2663,2025-05-02,2025-05-07,2025-05-05,Delivered
2519,2664,2026-08-20,2026-08-25,2026-08-23,Delivered
2520,2665,2025-10-14,2025-10-17,2025-10-31,Delivered
2521,2666,2026-03-01,2026-03-04,2026-03-04,Delivered
2522,2667,2026-12-19,2026-12-25,2026-12-23,Delivered
2523,2668,2025-07-31,2025-08-05,2025-08-04,Delivered
2524,2669,2025-10-24,2025-11-01,2025-11-05,Delivered
2525,2671,2026-12-09,2026-12-14,,In Transit
2526,2672,2025-06-30,2025-07-03,2025-07-03,Delivered
2527,2673,2025-01-19,2025-01-24,2025-01-22,Delivered
2528,2674,2025-07-07,2025-07-16,2025-07-16,Delivered
2529,2675,2025-01-17,2025-01-26,2025-01-24,Delivered
2530,2676,2026-05-24,2026-06-05,2026-06-05,Delivered
2531,2677,2025-01-26,2025-02-01,2025-02-04,Delivered
2532,2678,2026-06-29,2026-07-04,2026-07-03,Delivered
2533,2679,2025-04-17,2025-04-20,2025-04-19,Delivered
2534,2680,2026-05-21,2026-05-28,2026-05-26,Delivered
2535,2681,2025-09-27,2025-09-30,2025-09-28,Delivered
2536,2682,2025-11-11,2025-11-22,2025-11-22,Delivered
2537,2683,2026-12-08,2026-12-16,2026-12-16,Delivered
2538,2684,2026-02-27,2026-03-12,2026-03-10,Delivered
2539,2685,2025-02-07,2025-02-11,2025-02-10,Delivered
2540,2686,2026-03-23,2026-03-30,2026-03-28,Delivered
2541,2687,2026-02-01,2026-02-07,2026-02-07,Delivered
2542,2689,2026-06-28,2026-07-04,2026-07-03,Delivered
2543,2690,2025-12-11,2025-12-14,2025-12-14,Delivered
2544,2691,2025-10-13,2025-10-16,2025-10-16,Delivered
2545,2692,2026-12-30,2027-01-05,2027-01-07,Delivered
2546,2693,2026-04-15,2026-04-23,2026-04-22,Delivered
2547,2694,2025-01-13,2025-01-22,2025-01-21,Delivered
2548,2695,2025-06-09,2025-06-19,2025-06-19,Delivered
2549,2696,2026-11-18,2026-11-22,2026-11-22,Delivered
2550,2697,2025-11-08,2025-11-11,2025-11-10,Delivered
2551,2698,2026-09-04,2026-09-11,2026-09-10,Delivered
2552,2699,2026-03-23,2026-03-26,2026-03-25,Delivered
2553,2700,2025-05-31,2025-06-05,2025-06-03,Delivered
2554,2702,2025-10-11,2025-10-17,2025-10-17,Delivered
2555,2703,2026-09-02,2026-09-16,2026-09-18,Delivered
2556,2704,2026-05-07,2026-05-21,2026-05-24,Delivered
2557,2706,2025-04-21,2025-04-30,2025-04-29,Delivered
2558,2707,2025-07-04,2025-07-11,2025-07-11,Delivered
2559,2708,2025-05-29,2025-06-04,2025-06-04,Delivered
2560,2709,2026-03-06,2026-03-13,2026-03-11,Delivered
2561,2710,2025-11-09,2025-11-14,2025-11-13,Delivered
2562,2711,2026-01-29,2026-02-10,2026-02-13,Delivered
2563,2712,2026-06-26,2026-07-01,2026-06-29,Delivered
2564,2713,2026-12-13,2026-12-21,2026-12-21,Delivered
2565,2714,2026-05-01,2026-05-08,2026-05-08,Delivered
2566,2715,2026-08-01,2026-08-08,2026-08-08,Delivered
2567,2716,2025-05-26,2025-05-31,2025-05-29,Delivered
2568,2717,2026-08-22,2026-09-01,2026-08-31,Delivered
2569,2718,2026-08-08,2026-08-20,2026-08-23,Delivered
2570,2719,2026-02-14,2026-02-20,2026-02-19,Delivered
2571,2720,2026-06-24,2026-07-04,2026-07-04,Delivered
2572,2721,2025-10-08,2025-10-20,2025-10-19,Delivered
2573,2722,2025-04-20,2025-05-04,2025-05-05,Delivered
2574,2723,2025-03-07,2025-03-10,2025-03-10,Delivered
2575,2724,2025-03-05,2025-03-11,2025-03-10,Delivered
2576,2725,2026-06-02,2026-06-06,2026-06-05,Delivered
2577,2726,2025-06-12,2025-06-15,2025-06-14,Delivered
2578,2727,2025-01-15,2025-01-26,2025-01-24,Delivered
2579,2728,2025-01-10,2025-01-17,2025-01-16,Delivered
2580,2729,2025-09-14,2025-09-18,2025-09-16,Delivered
2581,2730,2026-06-07,2026-06-12,2026-06-15,Delivered
2582,2731,2025-11-07,2025-11-10,2025-11-16,Delivered
2583,2732,2026-07-24,2026-07-28,2026-07-28,Delivered
2584,2733,2026-11-14,2026-11-20,2026-11-19,Delivered
2585,2734,2025-01-28,2025-02-01,2025-01-31,Delivered
2586,2735,2025-06-27,2025-07-03,2025-07-01,Delivered
2587,2737,2026-05-24,2026-05-31,2026-05-29,Delivered
2588,2738,2026-12-25,2027-01-05,2027-01-03,Delivered
2589,2739,2026-03-21,2026-03-27,2026-03-26,Delivered
2590,2740,2026-08-06,2026-08-12,2026-08-12,Delivered
2591,2741,2026-10-25,2026-11-04,2026-11-02,Delivered
2592,2742,2026-01-06,2026-01-13,2026-01-16,Delivered
2593,2743,2026-04-18,2026-04-22,2026-04-25,Delivered
2594,2744,2026-06-08,2026-06-15,2026-06-14,Delivered
2595,2745,2026-06-16,2026-06-19,2026-06-17,Delivered
2596,2746,2026-11-08,2026-11-18,2026-11-18,Delivered
2597,2747,2025-05-27,2025-06-01,2025-05-30,Delivered
2598,2748,2026-02-18,2026-02-23,2026-02-23,Delivered
2599,2749,2026-05-03,2026-05-11,2026-05-11,Delivered
2600,2750,2026-06-07,2026-06-14,2026-06-12,Delivered
2601,2751,2025-11-30,2025-12-10,2025-12-09,Delivered
2602,2752,2026-02-23,2026-02-27,2026-02-26,Delivered
2603,2753,2025-06-15,2025-06-22,2025-06-22,Delivered
2604,2755,2025-09-04,2025-09-11,2025-09-10,Delivered
2605,2756,2026-02-05,2026-02-18,2026-02-16,Delivered
2606,2757,2025-03-07,2025-03-15,2025-03-15,Delivered
2607,2758,2025-03-26,2025-04-01,2025-03-30,Delivered
2608,2759,2025-02-06,2025-02-17,2025-02-16,Delivered
2609,2760,2026-04-12,2026-04-16,2026-04-15,Delivered
2610,2761,2025-07-30,2025-08-04,2025-08-03,Delivered
2611,2762,2025-10-29,2025-11-04,2025-11-06,Delivered
2612,2763,2026-07-04,2026-07-16,2026-07-17,Delivered
2613,2764,2025-02-02,2025-02-08,2025-02-08,Delivered
2614,2765,2025-05-31,2025-06-10,2025-06-19,Delivered
2615,2766,2026-08-13,2026-08-19,2026-08-18,Delivered
2616,2767,2026-12-07,2026-12-21,2026-12-20,Delivered
2617,2768,2025-08-09,2025-08-14,2025-08-14,Delivered
2618,2769,2026-01-05,2026-01-12,2026-01-10,Delivered
2619,2770,2026-04-03,2026-04-09,2026-04-08,Delivered
2620,2771,2026-08-13,2026-08-16,2026-08-15,Delivered
2621,2772,2025-05-05,2025-05-13,2025-05-13,Delivered
2622,2773,2025-12-13,2025-12-20,2025-12-19,Delivered
2623,2774,2025-09-22,2025-09-26,2025-09-25,Delivered
2624,2775,2025-06-20,2025-07-01,2025-07-03,Delivered
2625,2776,2025-09-08,2025-09-17,2025-09-17,Delivered
2626,2777,2025-03-06,2025-03-12,2025-03-10,Delivered
2627,2778,2025-10-03,2025-10-12,2025-10-14,Delivered
2628,2779,2025-09-27,2025-09-30,2025-09-30,Delivered
2629,2780,2026-07-25,2026-08-03,2026-08-01,Delivered
2630,2781,2026-11-20,2026-11-28,2026-11-28,Delivered
2631,2782,2025-03-26,2025-04-03,2025-04-01,Delivered
2632,2783,2025-03-18,2025-04-01,2025-04-01,Delivered
2633,2784,2026-05-16,2026-05-26,2026-05-26,Delivered
2634,2785,2025-04-27,2025-05-03,2025-05-03,Delivered
2635,2786,2025-12-28,2026-01-03,2026-01-03,Delivered
2636,2787,2025-09-01,2025-09-04,2025-09-03,Delivered
2637,2788,2025-07-29,2025-08-06,2025-08-06,Delivered
2638,2789,2025-01-29,2025-02-03,2025-02-05,Delivered
2639,2790,2026-01-29,2026-02-08,2026-02-07,Delivered
2640,2791,2026-07-21,2026-07-26,2026-07-26,Delivered
2641,2792,2026-09-30,2026-10-09,2026-10-07,Delivered
2642,2793,2025-12-23,2025-12-27,2025-12-26,Delivered
2643,2794,2025-04-13,2025-04-20,2025-04-20,Delivered
2644,2795,2026-07-13,2026-07-21,2026-07-21,Delivered
2645,2796,2025-09-16,2025-09-30,2025-10-01,Delivered
2646,2797,2026-03-31,2026-04-05,2026-04-03,Delivered
2647,2799,2025-05-22,2025-06-01,2025-06-07,Delivered
2648,2800,2026-11-11,2026-11-18,,In Transit
2649,2801,2025-08-04,2025-08-12,2025-08-11,Delivered
2650,2802,2025-08-17,2025-08-20,2025-08-20,Delivered
2651,2803,2026-07-26,2026-08-01,2026-07-31,Delivered
2652,2804,2025-10-08,2025-10-11,2025-10-09,Delivered
2653,2805,2025-02-28,2025-03-06,2025-03-06,Delivered
2654,2806,2026-10-06,2026-10-13,2026-10-13,Delivered
2655,2807,2025-05-29,2025-06-07,2025-06-05,Delivered
2656,2808,2026-07-26,2026-07-31,2026-07-30,Delivered
2657,2809,2025-05-28,2025-06-01,2025-05-31,Delivered
2658,2810,2026-10-30,2026-11-13,2026-11-11,Delivered
2659,2811,2025-02-12,2025-02-19,2025-02-18,Delivered
2660,2812,2025-04-03,2025-04-08,2025-04-07,Delivered
2661,2813,2025-01-26,2025-02-06,2025-02-06,Delivered
2662,2814,2025-08-28,2025-09-03,2025-09-01,Delivered
2663,2815,2026-07-04,2026-07-07,2026-07-06,Delivered
2664,2816,2025-12-30,2026-01-13,2026-01-14,Delivered
2665,2817,2025-10-03,2025-10-10,2025-10-10,Delivered
2666,2818,2025-12-23,2025-12-31,2025-12-29,Delivered
2667,2820,2026-12-04,2026-12-09,2026-12-07,Delivered
2668,2821,2026-08-18,2026-08-25,2026-08-23,Delivered
2669,2822,2026-02-03,2026-02-07,2026-02-06,Delivered
2670,2824,2025-04-04,2025-04-18,2025-04-20,Delivered
2671,2825,2026-02-12,2026-02-16,2026-02-16,Delivered
2672,2826,2026-11-17,2026-11-21,2026-11-21,Delivered
2673,2827,2026-09-17,2026-09-23,2026-09-22,Delivered
2674,2828,2025-11-29,2025-12-13,2025-12-12,Delivered
2675,2829,2025-01-25,2025-01-31,2025-01-29,Delivered
2676,2830,2026-01-05,2026-01-13,2026-01-11,Delivered
2677,2831,2026-08-19,2026-08-29,2026-08-31,Delivered
2678,2832,2026-07-28,2026-08-03,2026-08-02,Delivered
2679,2833,2025-09-25,2025-10-02,2025-10-08,Delivered
2680,2834,2026-05-27,2026-06-03,2026-06-03,Delivered
2681,2835,2026-09-28,2026-10-07,2026-10-05,Delivered
2682,2836,2025-02-11,2025-02-14,2025-02-13,Delivered
2683,2837,2026-08-19,2026-08-26,2026-08-25,Delivered
2684,2839,2025-01-27,2025-02-02,2025-01-31,Delivered
2685,2840,2025-02-18,2025-02-26,2025-02-24,Delivered
2686,2841,2026-06-08,2026-06-11,2026-06-09,Delivered
2687,2842,2025-07-30,2025-08-05,2025-08-04,Delivered
2688,2843,2026-12-07,2026-12-12,2026-12-10,Delivered
2689,2844,2025-10-23,2025-10-29,2025-10-27,Delivered
2690,2845,2026-01-13,2026-01-20,2026-01-18,Delivered
2691,2846,2026-01-29,2026-02-03,2026-02-01,Delivered
2692,2847,2025-06-23,2025-06-30,2025-06-29,Delivered
2693,2848,2026-09-07,2026-09-14,2026-09-14,Delivered
2694,2849,2025-11-23,2025-12-02,2025-11-30,Delivered
2695,2850,2026-01-29,2026-02-11,2026-02-09,Delivered
2696,2851,2025-06-05,2025-06-11,2025-06-11,Delivered
2697,2852,2025-03-26,2025-04-07,2025-04-05,Delivered
2698,2853,2026-08-17,2026-08-23,2026-08-21,Delivered
2699,2854,2025-05-15,2025-05-28,2025-05-27,Delivered
2700,2855,2026-11-17,2026-11-27,2026-11-29,Delivered
2701,2856,2025-07-23,2025-07-30,2025-07-30,Delivered
2702,2857,2025-12-11,2025-12-16,2025-12-16,Delivered
2703,2858,2025-11-21,2025-12-03,2025-12-04,Delivered
2704,2859,2026-04-07,2026-04-16,2026-04-15,Delivered
2705,2860,2026-01-04,2026-01-11,2026-01-11,Delivered
2706,2861,2026-11-06,2026-11-13,2026-11-11,Delivered
2707,2862,2026-03-11,2026-03-18,2026-03-17,Delivered
2708,2863,2025-09-10,2025-09-20,2025-09-18,Delivered
2709,2864,2026-11-21,2026-11-24,2026-11-27,Delivered
2710,2865,2025-12-20,2025-12-27,2025-12-26,Delivered
2711,2866,2026-06-09,2026-06-19,2026-06-18,Delivered
2712,2867,2025-08-01,2025-08-15,2025-08-15,Delivered
2713,2868,2025-05-13,2025-05-19,2025-05-19,Delivered
2714,2869,2026-04-30,2026-05-10,2026-05-08,Delivered
2715,2871,2025-05-23,2025-05-31,2025-05-30,Delivered
2716,2872,2026-01-03,2026-01-06,2026-01-06,Delivered
2717,2875,2025-02-26,2025-03-02,2025-03-01,Delivered
2718,2876,2026-03-05,2026-03-15,2026-03-13,Delivered
2719,2877,2026-05-11,2026-05-17,2026-05-18,Delivered
2720,2878,2026-08-29,2026-09-10,2026-09-10,Delivered
2721,2879,2025-01-14,2025-01-19,2025-01-20,Delivered
2722,2880,2026-04-16,2026-04-19,2026-04-20,Delivered
2723,2881,2026-09-03,2026-09-08,2026-09-08,Delivered
2724,2882,2026-05-30,2026-06-03,2026-06-03,Delivered
2725,2883,2026-06-28,2026-07-08,2026-07-08,Delivered
2726,2885,2025-02-18,2025-03-04,2025-03-02,Delivered
2727,2886,2025-10-21,2025-10-29,2025-10-29,Delivered
2728,2887,2025-10-28,2025-11-03,2025-11-01,Delivered
2729,2888,2026-04-01,2026-04-05,2026-04-06,Delivered
2730,2889,2025-09-26,2025-10-03,2025-10-05,Delivered
2731,2890,2026-11-20,2026-11-27,2026-11-27,Delivered
2732,2891,2026-06-12,2026-06-20,2026-06-24,Delivered
2733,2892,2025-02-19,2025-03-04,2025-03-04,Delivered
2734,2893,2025-01-31,2025-02-05,2025-02-03,Delivered
2735,2894,2026-08-14,2026-08-21,2026-08-21,Delivered
2736,2895,2026-04-18,2026-04-23,2026-04-22,Delivered
2737,2896,2025-05-11,2025-05-15,2025-05-14,Delivered
2738,2897,2025-04-06,2025-04-20,2025-04-19,Delivered
2739,2898,2025-05-07,2025-05-20,2025-05-19,Delivered
2740,2899,2025-08-20,2025-08-30,2025-08-29,Delivered
2741,2900,2025-12-19,2025-12-25,2025-12-24,Delivered
2742,2901,2026-11-23,2026-12-02,,In Transit
2743,2902,2025-02-12,2025-02-19,2025-02-19,Delivered
2744,2903,2025-11-25,2025-12-01,2025-11-29,Delivered
2745,2904,2026-10-13,2026-10-16,2026-10-15,Delivered
2746,2905,2025-09-11,2025-09-14,2025-09-12,Delivered
2747,2906,2025-08-23,2025-09-01,2025-09-07,Delivered
2748,2907,2026-05-18,2026-05-30,2026-05-28,Delivered
2749,2909,2025-08-14,2025-08-18,2025-08-18,Delivered
2750,2910,2026-09-23,2026-09-30,2026-09-28,Delivered
2751,2911,2026-12-08,2026-12-14,,In Transit
2752,2912,2025-09-04,2025-09-12,2025-09-15,Delivered
2753,2913,2025-07-10,2025-07-18,2025-07-16,Delivered
2754,2914,2026-11-24,2026-12-03,2026-12-02,Delivered
2755,2915,2026-07-21,2026-07-29,2026-07-27,Delivered
2756,2916,2025-10-27,2025-10-31,2025-10-29,Delivered
2757,2917,2026-11-14,2026-11-18,2026-11-17,Delivered
2758,2918,2025-12-03,2025-12-11,2025-12-09,Delivered
2759,2920,2026-05-21,2026-05-29,2026-05-27,Delivered
2760,2921,2025-10-11,2025-10-20,2025-10-19,Delivered
2761,2922,2025-12-04,2025-12-10,2025-12-09,Delivered
2762,2923,2026-04-05,2026-04-09,2026-04-09,Delivered
2763,2924,2025-10-08,2025-10-18,2025-10-19,Delivered
2764,2925,2025-02-26,2025-03-01,2025-03-01,Delivered
2765,2926,2025-06-24,2025-07-01,2025-07-03,Delivered
2766,2927,2026-09-24,2026-09-30,2026-09-29,Delivered
2767,2928,2025-01-27,2025-02-06,2025-02-05,Delivered
2768,2929,2025-04-05,2025-04-16,2025-04-19,Delivered
2769,2930,2026-07-30,2026-08-03,2026-08-01,Delivered
2770,2931,2026-01-10,2026-01-20,2026-01-21,Delivered
2771,2932,2026-02-16,2026-03-02,2026-03-02,Delivered
2772,2933,2025-06-20,2025-06-29,2025-07-07,Delivered
2773,2934,2026-07-30,2026-08-07,2026-08-07,Delivered
2774,2935,2025-01-27,2025-02-08,2025-02-06,Delivered
2775,2936,2026-05-22,2026-05-28,2026-05-26,Delivered
2776,2937,2025-09-02,2025-09-12,2025-09-10,Delivered
2777,2938,2025-05-15,2025-05-29,2025-05-27,Delivered
2778,2939,2025-05-20,2025-05-30,2025-05-30,Delivered
2779,2940,2025-03-25,2025-04-01,2025-03-31,Delivered
2780,2941,2026-03-12,2026-03-19,2026-03-17,Delivered
2781,2942,2026-09-20,2026-09-29,2026-09-29,Delivered
2782,2943,2026-02-14,2026-02-18,2026-02-16,Delivered
2783,2944,2025-12-06,2025-12-13,2025-12-12,Delivered
2784,2945,2025-10-15,2025-10-21,2025-10-21,Delivered
2785,2946,2026-11-10,2026-11-15,2026-11-13,Delivered
2786,2947,2025-04-11,2025-04-17,2025-04-16,Delivered
2787,2948,2026-05-15,2026-05-20,2026-05-18,Delivered
2788,2949,2025-09-18,2025-09-21,2025-09-19,Delivered
2789,2950,2026-01-23,2026-02-05,2026-02-05,Delivered
2790,2951,2026-08-20,2026-08-31,2026-08-29,Delivered
2791,2952,2026-04-10,2026-04-13,2026-04-12,Delivered
2792,2954,2025-04-12,2025-04-22,2025-04-20,Delivered
2793,2955,2026-05-25,2026-05-31,2026-05-31,Delivered
2794,2956,2026-10-03,2026-10-16,2026-10-14,Delivered
2795,2957,2026-05-30,2026-06-06,2026-06-05,Delivered
2796,2958,2025-06-09,2025-06-16,2025-06-14,Delivered
2797,2959,2026-02-24,2026-03-03,2026-03-01,Delivered
2798,2960,2026-08-08,2026-08-19,2026-08-22,Delivered
2799,2961,2026-11-04,2026-11-08,2026-11-08,Delivered
2800,2962,2026-06-20,2026-06-27,2026-06-26,Delivered
2801,2963,2026-03-16,2026-03-23,2026-03-23,Delivered
2802,2964,2025-01-16,2025-01-20,2025-01-19,Delivered
2803,2965,2025-08-01,2025-08-07,2025-08-06,Delivered
2804,2966,2026-03-18,2026-03-23,2026-03-22,Delivered
2805,2967,2026-07-18,2026-07-25,2026-07-24,Delivered
2806,2968,2026-03-30,2026-04-07,2026-04-05,Delivered
2807,2969,2026-09-28,2026-10-05,2026-10-04,Delivered
2808,2970,2026-06-29,2026-07-05,2026-07-04,Delivered
2809,2971,2025-09-20,2025-09-29,2025-09-28,Delivered
2810,2972,2025-05-23,2025-05-29,2025-05-27,Delivered
2811,2973,2025-01-18,2025-01-21,2025-01-21,Delivered
2812,2974,2025-03-20,2025-03-31,2025-04-03,Delivered
2813,2975,2025-07-19,2025-07-26,2025-07-26,Delivered
2814,2976,2025-12-07,2025-12-14,2025-12-12,Delivered
2815,2977,2025-06-20,2025-06-26,2025-06-24,Delivered
2816,2978,2025-08-24,2025-08-29,2025-08-28,Delivered
2817,2979,2025-10-11,2025-10-16,2025-10-15,Delivered
2818,2980,2025-11-12,2025-11-17,2025-11-16,Delivered
2819,2981,2026-08-03,2026-08-10,2026-08-09,Delivered
2820,2982,2025-06-13,2025-06-18,2025-06-17,Delivered
2821,2983,2025-10-04,2025-10-10,2025-10-17,Delivered
2822,2984,2026-08-28,2026-09-07,2026-09-06,Delivered
2823,2985,2026-09-08,2026-09-16,2026-09-16,Delivered
2824,2986,2025-01-07,2025-01-20,2025-01-19,Delivered
2825,2987,2026-09-25,2026-09-30,2026-10-01,Delivered
2826,2988,2025-01-03,2025-01-07,2025-01-07,Delivered
2827,2989,2026-04-05,2026-04-10,2026-04-09,Delivered
2828,2990,2026-06-05,2026-06-19,2026-06-17,Delivered
2829,2991,2026-01-30,2026-02-09,2026-02-11,Delivered
2830,2992,2026-06-22,2026-06-27,2026-06-25,Delivered
2831,2993,2025-08-16,2025-08-23,2025-08-22,Delivered
2832,2994,2026-04-03,2026-04-08,2026-04-08,Delivered
2833,2995,2025-09-23,2025-09-30,2025-10-02,Delivered
2834,2996,2025-07-05,2025-07-10,2025-07-09,Delivered
2835,2997,2026-11-23,2026-11-30,2026-12-01,Delivered
2836,2998,2026-08-03,2026-08-14,2026-08-13,Delivered
2837,2999,2025-07-10,2025-07-19,2025-07-19,Delivered
2838,3000,2026-01-08,2026-01-15,2026-01-13,Delivered
